Starting a Gradle Daemon, 8 stopped Daemons could not be reused, use --status for details
Warning: Unable to set daemon's environment variables to match the client because: 
  There is no native integration with this operating environment.
  If the daemon was started with a significantly different environment from the client, and your build 
  relies on environment variables, you may experience unexpected behavior.

> Configure project :
WARNING: The option setting 'android.aapt2FromMavenOverride=/data/data/com.termux/files/usr/bin/aapt2' is experimental.

> Task :preBuild UP-TO-DATE
> Task :preNoQuickstepDebugBuild UP-TO-DATE
> Task :mergeNoQuickstepDebugNativeDebugMetadata NO-SOURCE
> Task :checkKotlinGradlePluginConfigurationErrors SKIPPED
> Task :generateNoQuickstepDebugBuildConfig
> Task :extractDebugProto
> Task :extractIncludeNoQuickstepDebugProto
> Task :extractNoQuickstepDebugProto
> Task :extractNoQuickstepProto
> Task :extractProto
> Task :generateNoQuickstepDebugProto
> Task :generateNoQuickstepDebugResValues
> Task :checkNoQuickstepDebugAarMetadata
> Task :mapNoQuickstepDebugSourceSetPaths
> Task :generateNoQuickstepDebugResources
> Task :packageNoQuickstepDebugResources
> Task :createNoQuickstepDebugCompatibleScreenManifests
> Task :extractDeepLinksNoQuickstepDebug
> Task :mergeNoQuickstepDebugResources
> Task :parseNoQuickstepDebugLocalResources
> Task :processNoQuickstepDebugMainManifest
> Task :processNoQuickstepDebugManifest
> Task :javaPreCompileNoQuickstepDebug
> Task :mergeNoQuickstepDebugShaders
> Task :compileNoQuickstepDebugShaders NO-SOURCE
> Task :generateNoQuickstepDebugAssets UP-TO-DATE
> Task :mergeNoQuickstepDebugAssets
> Task :compressNoQuickstepDebugAssets
> Task :processNoQuickstepDebugManifestForPackage
> Task :checkNoQuickstepDebugDuplicateClasses
> Task :desugarNoQuickstepDebugFileDependencies
> Task :mergeNoQuickstepDebugJniLibFolders
> Task :mergeLibDexNoQuickstepDebug
> Task :mergeNoQuickstepDebugNativeLibs
> Task :validateSigningNoQuickstepDebug
> Task :writeNoQuickstepDebugAppMetadata

> Task :stripNoQuickstepDebugDebugSymbols
Unable to strip the following libraries, packaging them as they are: libandroidx.graphics.path.so.

> Task :writeNoQuickstepDebugSigningConfigVersions
warn: removing resource com.android.launcher3:string/allow_rotation_title without required default value.
warn: removing resource com.android.launcher3:string/folder_name_format_exact without required default value.
warn: removing resource com.android.launcher3:string/folder_name_format_overflow without required default value.
warn: removing resource com.android.launcher3:string/item_added_to_workspace without required default value.
warn: removing resource com.android.launcher3:string/widgets_full_sheet_cancel_button_description without required default value.
warn: removing resource com.android.launcher3:string/widgets_full_sheet_search_bar_hint without required default value.
warn: removing resource com.android.launcher3:string/work_profile_edu_accept without required default value.
07-29 00:01:48.457 30375 30375 E aapt2   : No package ID 7f found for resource ID 0x7f040432.
07-29 00:01:48.458 30375 30375 E aapt2   : No package ID 7f found for resource ID 0x7f0401e7.
07-29 00:01:48.458 30375 30375 E aapt2   : No package ID 7f found for resource ID 0x7f0405ec.
07-29 00:01:48.458 30375 30375 E aapt2   : No package ID 7f found for resource ID 0x7f04054d.
07-29 00:01:48.458 30375 30375 E aapt2   : No package ID 7f found for resource ID 0x7f0402cd.
07-29 00:01:48.458 30375 30375 E aapt2   : No package ID 7f found for resource ID 0x7f0401e8.
07-29 00:01:48.458 30375 30375 E aapt2   : No package ID 7f found for resource ID 0x7f040087.
07-29 00:01:48.458 30375 30375 E aapt2   : No package ID 7f found for resource ID 0x7f04008f.
07-29 00:01:48.458 30375 30375 E aapt2   : No package ID 7f found for resource ID 0x7f04008e.
07-29 00:01:48.458 30375 30375 E aapt2   : No package ID 7f found for resource ID 0x7f0401c2.
07-29 00:01:48.458 30375 30375 E aapt2   : No package ID 7f found for resource ID 0x7f0402ab.
07-29 00:01:48.458 30375 30375 E aapt2   : No package ID 7f found for resource ID 0x7f0402ba.
07-29 00:01:48.458 30375 30375 E aapt2   : No package ID 7f found for resource ID 0x7f0404b1.
07-29 00:01:48.458 30375 30375 E aapt2   : No package ID 7f found for resource ID 0x7f0402eb.
07-29 00:01:48.458 30375 30375 E aapt2   : No package ID 7f found for resource ID 0x7f0404b0.
07-29 00:01:48.458 30375 30375 E aapt2   : No package ID 7f found for resource ID 0x7f0402b9.
07-29 00:01:48.458 30375 30375 E aapt2   : No package ID 7f found for resource ID 0x7f04030d.
07-29 00:01:48.458 30375 30375 E aapt2   : No package ID 7f found for resource ID 0x7f0402b3.
07-29 00:01:48.458 30375 30375 E aapt2   : No package ID 7f found for resource ID 0x7f04020e.
07-29 00:01:48.458 30375 30375 E aapt2   : No package ID 7f found for resource ID 0x7f04013c.
07-29 00:01:48.458 30375 30375 E aapt2   : No package ID 7f found for resource ID 0x7f0402f2.
07-29 00:01:48.458 30375 30375 E aapt2   : No package ID 7f found for resource ID 0x7f040232.
07-29 00:01:48.458 30375 30375 E aapt2   : No package ID 7f found for resource ID 0x7f04002b.
07-29 00:01:48.458 30375 30375 E aapt2   : No package ID 7f found for resource ID 0x7f040029.
07-29 00:01:48.458 30375 30375 E aapt2   : No package ID 7f found for resource ID 0x7f040003.
07-29 00:01:48.458 30375 30375 E aapt2   : No package ID 7f found for resource ID 0x7f0401c7.
07-29 00:01:48.458 30375 30375 E aapt2   : No package ID 7f found for resource ID 0x7f0401c8.
07-29 00:01:48.458 30375 30375 E aapt2   : No package ID 7f found for resource ID 0x7f04057c.
07-29 00:01:48.459 30375 30375 E aapt2   : No package ID 7f found for resource ID 0x7f040067.
07-29 00:01:48.459 30375 30375 E aapt2   : No package ID 7f found for resource ID 0x7f04057a.
07-29 00:01:48.459 30375 30375 E aapt2   : No package ID 7f found for resource ID 0x7f0400e2.
07-29 00:01:48.459 30375 30375 E aapt2   : No package ID 7f found for resource ID 0x7f040389.
07-29 00:01:48.459 30375 30375 E aapt2   : No package ID 7f found for resource ID 0x7f04042c.
07-29 00:01:48.459 30375 30375 E aapt2   : No package ID 7f found for resource ID 0x7f040506.
07-29 00:01:48.459 30375 30375 E aapt2   : No package ID 7f found for resource ID 0x7f040388.
07-29 00:01:48.459 30375 30375 E aapt2   : No package ID 7f found for resource ID 0x7f0404fe.
07-29 00:01:48.459 30375 30375 E aapt2   : No package ID 7f found for resource ID 0x7f0400df.
07-29 00:01:48.459 30375 30375 E aapt2   : No package ID 7f found for resource ID 0x7f0403ef.
07-29 00:01:48.459 30375 30375 E aapt2   : No package ID 7f found for resource ID 0x7f040034.
07-29 00:01:48.459 30375 30375 E aapt2   : No package ID 7f found for resource ID 0x7f04004b.
07-29 00:01:48.459 30375 30375 E aapt2   : No package ID 7f found for resource ID 0x7f0402c1.
07-29 00:01:48.459 30375 30375 E aapt2   : No package ID 7f found for resource ID 0x7f040233.
07-29 00:01:48.459 30375 30375 E aapt2   : No package ID 7f found for resource ID 0x7f04037d.
07-29 00:01:48.459 30375 30375 E aapt2   : No package ID 7f found for resource ID 0x7f04037f.
07-29 00:01:48.459 30375 30375 E aapt2   : No package ID 7f found for resource ID 0x7f04037e.
07-29 00:01:48.459 30375 30375 E aapt2   : No package ID 7f found for resource ID 0x7f04053e.
07-29 00:01:48.459 30375 30375 E aapt2   : No package ID 7f found for resource ID 0x7f040535.
07-29 00:01:48.459 30375 30375 E aapt2   : No package ID 7f found for resource ID 0x7f040536.
07-29 00:01:48.459 30375 30375 E aapt2   : No package ID 7f found for resource ID 0x7f04053b.
07-29 00:01:48.459 30375 30375 E aapt2   : No package ID 7f found for resource ID 0x7f04053a.
07-29 00:01:48.459 30375 30375 E aapt2   : No package ID 7f found for resource ID 0x7f040379.
07-29 00:01:48.459 30375 30375 E aapt2   : No package ID 7f found for resource ID 0x7f040378.
07-29 00:01:48.459 30375 30375 E aapt2   : No package ID 7f found for resource ID 0x7f04037a.
07-29 00:01:48.459 30375 30375 E aapt2   : No package ID 7f found for resource ID 0x7f040525.
07-29 00:01:48.459 30375 30375 E aapt2   : No package ID 7f found for resource ID 0x7f0405db.
07-29 00:01:48.459 30375 30375 E aapt2   : No package ID 7f found for resource ID 0x7f0405dc.
07-29 00:01:48.460 30375 30375 E aapt2   : No package ID 7f found for resource ID 0x7f0405d5.
07-29 00:01:48.460 30375 30375 E aapt2   : No package ID 7f found for resource ID 0x7f0405d6.
07-29 00:01:48.460 30375 30375 E aapt2   : No package ID 7f found for resource ID 0x7f0405d7.
07-29 00:01:48.460 30375 30375 E aapt2   : No package ID 7f found for resource ID 0x7f040580.
07-29 00:01:48.460 30375 30375 E aapt2   : No package ID 7f found for resource ID 0x7f0405b7.
07-29 00:01:48.460 30375 30375 E aapt2   : No package ID 7f found for resource ID 0x7f040083.
07-29 00:01:48.460 30375 30375 E aapt2   : No package ID 7f found for resource ID 0x7f040082.
07-29 00:01:48.460 30375 30375 E aapt2   : No package ID 7f found for resource ID 0x7f040081.
07-29 00:01:48.460 30375 30375 E aapt2   : No package ID 7f found for resource ID 0x7f040080.
07-29 00:01:48.460 30375 30375 E aapt2   : No package ID 7f found for resource ID 0x7f04007f.
07-29 00:01:48.460 30375 30375 E aapt2   : No package ID 7f found for resource ID 0x7f04028d.
07-29 00:01:48.460 30375 30375 E aapt2   : No package ID 7f found for resource ID 0x7f040381.
07-29 00:01:48.460 30375 30375 E aapt2   : No package ID 7f found for resource ID 0x7f040256.
07-29 00:01:48.460 30375 30375 E aapt2   : No package ID 7f found for resource ID 0x7f04032e.
07-29 00:01:48.460 30375 30375 E aapt2   : No package ID 7f found for resource ID 0x7f040297.
07-29 00:01:48.460 30375 30375 E aapt2   : No package ID 7f found for resource ID 0x7f0401f8.
07-29 00:01:48.460 30375 30375 E aapt2   : No package ID 7f found for resource ID 0x7f0401fe.
07-29 00:01:48.460 30375 30375 E aapt2   : No package ID 7f found for resource ID 0x7f0401f9.
07-29 00:01:48.460 30375 30375 E aapt2   : No package ID 7f found for resource ID 0x7f0401f6.
07-29 00:01:48.460 30375 30375 E aapt2   : No package ID 7f found for resource ID 0x7f0401fb.
07-29 00:01:48.460 30375 30375 E aapt2   : No package ID 7f found for resource ID 0x7f0401f7.
07-29 00:01:48.460 30375 30375 E aapt2   : No package ID 7f found for resource ID 0x7f0401fc.
07-29 00:01:48.460 30375 30375 E aapt2   : No package ID 7f found for resource ID 0x7f0401fd.
07-29 00:01:48.460 30375 30375 E aapt2   : No package ID 7f found for resource ID 0x7f040215.
07-29 00:01:48.460 30375 30375 E aapt2   : No package ID 7f found for resource ID 0x7f040636.
07-29 00:01:48.460 30375 30375 E aapt2   : No package ID 7f found for resource ID 0x7f04063f.
07-29 00:01:48.460 30375 30375 E aapt2   : No package ID 7f found for resource ID 0x7f040637.
07-29 00:01:48.460 30375 30375 E aapt2   : No package ID 7f found for resource ID 0x7f040638.
07-29 00:01:48.460 30375 30375 E aapt2   : No package ID 7f found for resource ID 0x7f04063b.
07-29 00:01:48.460 30375 30375 E aapt2   : No package ID 7f found for resource ID 0x7f04063a.
07-29 00:01:48.460 30375 30375 E aapt2   : No package ID 7f found for resource ID 0x7f04063c.
07-29 00:01:48.460 30375 30375 E aapt2   : No package ID 7f found for resource ID 0x7f040639.
07-29 00:01:48.460 30375 30375 E aapt2   : No package ID 7f found for resource ID 0x7f04063d.
07-29 00:01:48.460 30375 30375 E aapt2   : No package ID 7f found for resource ID 0x7f04063e.
07-29 00:01:48.460 30375 30375 E aapt2   : No package ID 7f found for resource ID 0x7f04000b.
07-29 00:01:48.460 30375 30375 E aapt2   : No package ID 7f found for resource ID 0x7f04000a.
07-29 00:01:48.460 30375 30375 E aapt2   : No package ID 7f found for resource ID 0x7f04000c.
07-29 00:01:48.460 30375 30375 E aapt2   : No package ID 7f found for resource ID 0x7f040023.
07-29 00:01:48.460 30375 30375 E aapt2   : No package ID 7f found for resource ID 0x7f040024.
07-29 00:01:48.460 30375 30375 E aapt2   : No package ID 7f found for resource ID 0x7f040006.
07-29 00:01:48.460 30375 30375 E aapt2   : No package ID 7f found for resource ID 0x7f040009.
07-29 00:01:48.461 30375 30375 E aapt2   : No package ID 7f found for resource ID 0x7f040008.
07-29 00:01:48.461 30375 30375 E aapt2   : No package ID 7f found for resource ID 0x7f04000d.
07-29 00:01:48.461 30375 30375 E aapt2   : No package ID 7f found for resource ID 0x7f040021.
07-29 00:01:48.461 30375 30375 E aapt2   : No package ID 7f found for resource ID 0x7f04000e.
07-29 00:01:48.461 30375 30375 E aapt2   : No package ID 7f found for resource ID 0x7f040007.
07-29 00:01:48.461 30375 30375 E aapt2   : No package ID 7f found for resource ID 0x7f040004.
07-29 00:01:48.461 30375 30375 E aapt2   : No package ID 7f found for resource ID 0x7f040005.
07-29 00:01:48.461 30375 30375 E aapt2   : No package ID 7f found for resource ID 0x7f040012.
07-29 00:01:48.461 30375 30375 E aapt2   : No package ID 7f found for resource ID 0x7f040013.
07-29 00:01:48.461 30375 30375 E aapt2   : No package ID 7f found for resource ID 0x7f040020.
07-29 00:01:48.461 30375 30375 E aapt2   : No package ID 7f found for resource ID 0x7f040015.
07-29 00:01:48.461 30375 30375 E aapt2   : No package ID 7f found for resource ID 0x7f040014.
07-29 00:01:48.461 30375 30375 E aapt2   : No package ID 7f found for resource ID 0x7f04001f.
07-29 00:01:48.461 30375 30375 E aapt2   : No package ID 7f found for resource ID 0x7f040017.
07-29 00:01:48.461 30375 30375 E aapt2   : No package ID 7f found for resource ID 0x7f040019.
07-29 00:01:48.461 30375 30375 E aapt2   : No package ID 7f found for resource ID 0x7f040018.
07-29 00:01:48.461 30375 30375 E aapt2   : No package ID 7f found for resource ID 0x7f04001b.
07-29 00:01:48.461 30375 30375 E aapt2   : No package ID 7f found for resource ID 0x7f04001d.
07-29 00:01:48.461 30375 30375 E aapt2   : No package ID 7f found for resource ID 0x7f04001e.
07-29 00:01:48.461 30375 30375 E aapt2   : No package ID 7f found for resource ID 0x7f04001a.
07-29 00:01:48.461 30375 30375 E aapt2   : No package ID 7f found for resource ID 0x7f040022.
07-29 00:01:48.461 30375 30375 E aapt2   : No package ID 7f found for resource ID 0x7f040016.
07-29 00:01:48.461 30375 30375 E aapt2   : No package ID 7f found for resource ID 0x7f04001c.
07-29 00:01:48.461 30375 30375 E aapt2   : No package ID 7f found for resource ID 0x7f040597.
07-29 00:01:48.461 30375 30375 E aapt2   : No package ID 7f found for resource ID 0x7f0405a0.
07-29 00:01:48.461 30375 30375 E aapt2   : No package ID 7f found for resource ID 0x7f04059d.
07-29 00:01:48.461 30375 30375 E aapt2   : No package ID 7f found for resource ID 0x7f0401e2.
07-29 00:01:48.461 30375 30375 E aapt2   : No package ID 7f found for resource ID 0x7f0401e1.
07-29 00:01:48.461 30375 30375 E aapt2   : No package ID 7f found for resource ID 0x7f040387.
07-29 00:01:48.461 30375 30375 E aapt2   : No package ID 7f found for resource ID 0x7f0401dc.
07-29 00:01:48.461 30375 30375 E aapt2   : No package ID 7f found for resource ID 0x7f040010.
07-29 00:01:48.461 30375 30375 E aapt2   : No package ID 7f found for resource ID 0x7f040206.
07-29 00:01:48.461 30375 30375 E aapt2   : No package ID 7f found for resource ID 0x7f040513.
07-29 00:01:48.461 30375 30375 E aapt2   : No package ID 7f found for resource ID 0x7f04000f.
07-29 00:01:48.461 30375 30375 E aapt2   : No package ID 7f found for resource ID 0x7f0400db.
07-29 00:01:48.461 30375 30375 E aapt2   : No package ID 7f found for resource ID 0x7f0400d7.
07-29 00:01:48.461 30375 30375 E aapt2   : No package ID 7f found for resource ID 0x7f0404e2.
07-29 00:01:48.461 30375 30375 E aapt2   : No package ID 7f found for resource ID 0x7f0404e3.
07-29 00:01:48.461 30375 30375 E aapt2   : No package ID 7f found for resource ID 0x7f0400c3.
07-29 00:01:48.461 30375 30375 E aapt2   : No package ID 7f found for resource ID 0x7f0401ef.
07-29 00:01:48.461 30375 30375 E aapt2   : No package ID 7f found for resource ID 0x7f0401ea.
07-29 00:01:48.461 30375 30375 E aapt2   : No package ID 7f found for resource ID 0x7f04002a.
07-29 00:01:48.461 30375 30375 E aapt2   : No package ID 7f found for resource ID 0x7f0405f0.
07-29 00:01:48.461 30375 30375 E aapt2   : No package ID 7f found for resource ID 0x7f0405ef.
07-29 00:01:48.461 30375 30375 E aapt2   : No package ID 7f found for resource ID 0x7f040493.
07-29 00:01:48.461 30375 30375 E aapt2   : No package ID 7f found for resource ID 0x7f04049a.
07-29 00:01:48.461 30375 30375 E aapt2   : No package ID 7f found for resource ID 0x7f04020b.
07-29 00:01:48.461 30375 30375 E aapt2   : No package ID 7f found for resource ID 0x7f04020a.
07-29 00:01:48.461 30375 30375 E aapt2   : No package ID 7f found for resource ID 0x7f0402e5.
07-29 00:01:48.462 30375 30375 E aapt2   : No package ID 7f found for resource ID 0x7f04059f.
07-29 00:01:48.462 30375 30375 E aapt2   : No package ID 7f found for resource ID 0x7f04059e.
07-29 00:01:48.462 30375 30375 E aapt2   : No package ID 7f found for resource ID 0x7f0405ac.
07-29 00:01:48.462 30375 30375 E aapt2   : No package ID 7f found for resource ID 0x7f0404d8.
07-29 00:01:48.462 30375 30375 E aapt2   : No package ID 7f found for resource ID 0x7f04038c.
07-29 00:01:48.462 30375 30375 E aapt2   : No package ID 7f found for resource ID 0x7f04038e.
07-29 00:01:48.462 30375 30375 E aapt2   : No package ID 7f found for resource ID 0x7f04038d.
07-29 00:01:48.462 30375 30375 E aapt2   : No package ID 7f found for resource ID 0x7f040390.
07-29 00:01:48.462 30375 30375 E aapt2   : No package ID 7f found for resource ID 0x7f040391.
07-29 00:01:48.462 30375 30375 E aapt2   : No package ID 7f found for resource ID 0x7f040392.
07-29 00:01:48.462 30375 30375 E aapt2   : No package ID 7f found for resource ID 0x7f04038f.
07-29 00:01:48.462 30375 30375 E aapt2   : No package ID 7f found for resource ID 0x7f040203.
07-29 00:01:48.462 30375 30375 E aapt2   : No package ID 7f found for resource ID 0x7f04038b.
07-29 00:01:48.462 30375 30375 E aapt2   : No package ID 7f found for resource ID 0x7f040599.
07-29 00:01:48.462 30375 30375 E aapt2   : No package ID 7f found for resource ID 0x7f04059a.
07-29 00:01:48.462 30375 30375 E aapt2   : No package ID 7f found for resource ID 0x7f04059b.
07-29 00:01:48.462 30375 30375 E aapt2   : No package ID 7f found for resource ID 0x7f040473.
07-29 00:01:48.462 30375 30375 E aapt2   : No package ID 7f found for resource ID 0x7f040475.
07-29 00:01:48.462 30375 30375 E aapt2   : No package ID 7f found for resource ID 0x7f040474.
07-29 00:01:48.462 30375 30375 E aapt2   : No package ID 7f found for resource ID 0x7f040384.
07-29 00:01:48.462 30375 30375 E aapt2   : No package ID 7f found for resource ID 0x7f04016a.
07-29 00:01:48.462 30375 30375 E aapt2   : No package ID 7f found for resource ID 0x7f04016c.
07-29 00:01:48.462 30375 30375 E aapt2   : No package ID 7f found for resource ID 0x7f04014a.
07-29 00:01:48.462 30375 30375 E aapt2   : No package ID 7f found for resource ID 0x7f040150.
07-29 00:01:48.462 30375 30375 E aapt2   : No package ID 7f found for resource ID 0x7f04014e.
07-29 00:01:48.462 30375 30375 E aapt2   : No package ID 7f found for resource ID 0x7f04014f.
07-29 00:01:48.462 30375 30375 E aapt2   : No package ID 7f found for resource ID 0x7f04014c.
07-29 00:01:48.462 30375 30375 E aapt2   : No package ID 7f found for resource ID 0x7f040181.
07-29 00:01:48.462 30375 30375 E aapt2   : No package ID 7f found for resource ID 0x7f0401a2.
07-29 00:01:48.462 30375 30375 E aapt2   : No package ID 7f found for resource ID 0x7f04014b.
07-29 00:01:48.462 30375 30375 E aapt2   : No package ID 7f found for resource ID 0x7f040031.
07-29 00:01:48.462 30375 30375 E aapt2   : No package ID 7f found for resource ID 0x7f04002f.
07-29 00:01:48.462 30375 30375 E aapt2   : No package ID 7f found for resource ID 0x7f040030.
07-29 00:01:48.462 30375 30375 E aapt2   : No package ID 7f found for resource ID 0x7f040032.
07-29 00:01:48.462 30375 30375 E aapt2   : No package ID 7f found for resource ID 0x7f0405ab.
07-29 00:01:48.462 30375 30375 E aapt2   : No package ID 7f found for resource ID 0x7f0400da.
07-29 00:01:48.462 30375 30375 E aapt2   : No package ID 7f found for resource ID 0x7f0400d8.
07-29 00:01:48.462 30375 30375 E aapt2   : No package ID 7f found for resource ID 0x7f0400d9.
07-29 00:01:48.462 30375 30375 E aapt2   : No package ID 7f found for resource ID 0x7f04007d.
07-29 00:01:48.462 30375 30375 E aapt2   : No package ID 7f found for resource ID 0x7f0400e3.
07-29 00:01:48.462 30375 30375 E aapt2   : No package ID 7f found for resource ID 0x7f0400e4.
07-29 00:01:48.462 30375 30375 E aapt2   : No package ID 7f found for resource ID 0x7f040106.
07-29 00:01:48.462 30375 30375 E aapt2   : No package ID 7f found for resource ID 0x7f040111.
07-29 00:01:48.462 30375 30375 E aapt2   : No package ID 7f found for resource ID 0x7f04020d.
07-29 00:01:48.463 30375 30375 E aapt2   : No package ID 7f found for resource ID 0x7f0404b9.
07-29 00:01:48.463 30375 30375 E aapt2   : No package ID 7f found for resource ID 0x7f0404bb.
07-29 00:01:48.463 30375 30375 E aapt2   : No package ID 7f found for resource ID 0x7f0404bc.
07-29 00:01:48.463 30375 30375 E aapt2   : No package ID 7f found for resource ID 0x7f0404bd.
07-29 00:01:48.463 30375 30375 E aapt2   : No package ID 7f found for resource ID 0x7f0404e0.
07-29 00:01:48.463 30375 30375 E aapt2   : No package ID 7f found for resource ID 0x7f040514.
07-29 00:01:48.463 30375 30375 E aapt2   : No package ID 7f found for resource ID 0x7f040559.
07-29 00:01:48.463 30375 30375 E aapt2   : No package ID 7f found for resource ID 0x7f04038a.
07-29 00:01:48.463 30375 30375 E aapt2   : No package ID 7f found for resource ID 0x7f0405f3.
07-29 00:01:48.463 30375 30375 E aapt2   : No package ID 7f found for resource ID 0x7f0405f2.
07-29 00:01:48.463 30375 30375 E aapt2   : No package ID 7f found for resource ID 0x7f040151.
07-29 00:01:48.463 30375 30375 E aapt2   : No package ID 7f found for resource ID 0x7f040621.
07-29 00:01:48.463 30375 30375 E aapt2   : No package ID 7f found for resource ID 0x7f040386.
07-29 00:01:48.463 30375 30375 E aapt2   : No package ID 7f found for resource ID 0x7f040385.
07-29 00:01:48.463 30375 30375 E aapt2   : No package ID 7f found for resource ID 0x7f040078.
07-29 00:01:48.463 30375 30375 E aapt2   : No package ID 7f found for resource ID 0x7f040079.
07-29 00:01:48.463 30375 30375 E aapt2   : No package ID 7f found for resource ID 0x7f040094.
07-29 00:01:48.463 30375 30375 E aapt2   : No package ID 7f found for resource ID 0x7f04009c.
07-29 00:01:48.463 30375 30375 E aapt2   : No package ID 7f found for resource ID 0x7f04009b.
07-29 00:01:48.463 30375 30375 E aapt2   : No package ID 7f found for resource ID 0x7f04009f.
07-29 00:01:48.463 30375 30375 E aapt2   : No package ID 7f found for resource ID 0x7f04009d.
07-29 00:01:48.463 30375 30375 E aapt2   : No package ID 7f found for resource ID 0x7f0400a2.
07-29 00:01:48.463 30375 30375 E aapt2   : No package ID 7f found for resource ID 0x7f040093.
07-29 00:01:48.463 30375 30375 E aapt2   : No package ID 7f found for resource ID 0x7f04009e.
07-29 00:01:48.463 30375 30375 E aapt2   : No package ID 7f found for resource ID 0x7f040088.
07-29 00:01:48.463 30375 30375 E aapt2   : No package ID 7f found for resource ID 0x7f04009a.
07-29 00:01:48.463 30375 30375 E aapt2   : No package ID 7f found for resource ID 0x7f0403d4.
07-29 00:01:48.464 30375 30375 E aapt2   : No package ID 7f found for resource ID 0x7f0403db.
07-29 00:01:48.464 30375 30375 E aapt2   : No package ID 7f found for resource ID 0x7f040098.
07-29 00:01:48.464 30375 30375 E aapt2   : No package ID 7f found for resource ID 0x7f04044d.
07-29 00:01:48.464 30375 30375 E aapt2   : No package ID 7f found for resource ID 0x7f040092.
07-29 00:01:48.464 30375 30375 E aapt2   : No package ID 7f found for resource ID 0x7f040099.
07-29 00:01:48.464 30375 30375 E aapt2   : No package ID 7f found for resource ID 0x7f040095.
07-29 00:01:48.464 30375 30375 E aapt2   : No package ID 7f found for resource ID 0x7f040096.
07-29 00:01:48.464 30375 30375 E aapt2   : No package ID 7f found for resource ID 0x7f0400a0.
07-29 00:01:48.464 30375 30375 E aapt2   : No package ID 7f found for resource ID 0x7f0400a1.
07-29 00:01:48.464 30375 30375 E aapt2   : No package ID 7f found for resource ID 0x7f040451.
07-29 00:01:48.464 30375 30375 E aapt2   : No package ID 7f found for resource ID 0x7f0402bf.
07-29 00:01:48.464 30375 30375 E aapt2   : No package ID 7f found for resource ID 0x7f04061f.
07-29 00:01:48.464 30375 30375 E aapt2   : No package ID 7f found for resource ID 0x7f0402c0.
07-29 00:01:48.464 30375 30375 E aapt2   : No package ID 7f found for resource ID 0x7f040620.
07-29 00:01:48.464 30375 30375 E aapt2   : No package ID 7f found for resource ID 0x7f04032d.
07-29 00:01:48.464 30375 30375 E aapt2   : No package ID 7f found for resource ID 0x7f04007b.
07-29 00:01:48.464 30375 30375 E aapt2   : No package ID 7f found for resource ID 0x7f040605.
07-29 00:01:48.464 30375 30375 E aapt2   : No package ID 7f found for resource ID 0x7f0405fe.
07-29 00:01:48.464 30375 30375 E aapt2   : No package ID 7f found for resource ID 0x7f0402ec.
07-29 00:01:48.464 30375 30375 E aapt2   : No package ID 7f found for resource ID 0x7f0405fb.
07-29 00:01:48.464 30375 30375 E aapt2   : No package ID 7f found for resource ID 0x7f0404f5.
07-29 00:01:48.464 30375 30375 E aapt2   : No package ID 7f found for resource ID 0x7f0402b0.
07-29 00:01:48.464 30375 30375 E aapt2   : No package ID 7f found for resource ID 0x7f0404f7.
07-29 00:01:48.464 30375 30375 E aapt2   : No package ID 7f found for resource ID 0x7f0403f3.
07-29 00:01:48.464 30375 30375 E aapt2   : No package ID 7f found for resource ID 0x7f0402f1.
07-29 00:01:48.464 30375 30375 E aapt2   : No package ID 7f found for resource ID 0x7f040090.
07-29 00:01:48.464 30375 30375 E aapt2   : No package ID 7f found for resource ID 0x7f040431.
07-29 00:01:48.464 30375 30375 E aapt2   : No package ID 7f found for resource ID 0x7f04020e.
07-29 00:01:48.464 30375 30375 E aapt2   : No package ID 7f found for resource ID 0x7f040245.
07-29 00:01:48.464 30375 30375 E aapt2   : No package ID 7f found for resource ID 0x7f040247.
07-29 00:01:48.464 30375 30375 E aapt2   : No package ID 7f found for resource ID 0x7f040248.
07-29 00:01:48.464 30375 30375 E aapt2   : No package ID 7f found for resource ID 0x7f040249.
07-29 00:01:48.464 30375 30375 E aapt2   : No package ID 7f found for resource ID 0x7f04024a.
07-29 00:01:48.464 30375 30375 E aapt2   : No package ID 7f found for resource ID 0x7f04024b.
07-29 00:01:48.465 30375 30375 E aapt2   : No package ID 7f found for resource ID 0x7f040246.
07-29 00:01:48.465 30375 30375 E aapt2   : No package ID 7f found for resource ID 0x7f0404c7.
07-29 00:01:48.465 30375 30375 E aapt2   : No package ID 7f found for resource ID 0x7f04002d.
07-29 00:01:48.465 30375 30375 E aapt2   : No package ID 7f found for resource ID 0x7f0402b4.
07-29 00:01:48.465 30375 30375 E aapt2   : No package ID 7f found for resource ID 0x7f040468.
07-29 00:01:48.465 30375 30375 E aapt2   : No package ID 7f found for resource ID 0x7f04046a.
07-29 00:01:48.465 30375 30375 E aapt2   : No package ID 7f found for resource ID 0x7f04046b.
07-29 00:01:48.465 30375 30375 E aapt2   : No package ID 7f found for resource ID 0x7f0403e1.
07-29 00:01:48.465 30375 30375 E aapt2   : No package ID 7f found for resource ID 0x7f040307.
07-29 00:01:48.465 30375 30375 E aapt2   : No package ID 7f found for resource ID 0x7f040187.
07-29 00:01:48.465 30375 30375 E aapt2   : No package ID 7f found for resource ID 0x7f0404e7.
07-29 00:01:48.465 30375 30375 E aapt2   : No package ID 7f found for resource ID 0x7f0404ef.
07-29 00:01:48.465 30375 30375 E aapt2   : No package ID 7f found for resource ID 0x7f0400af.
07-29 00:01:48.465 30375 30375 E aapt2   : No package ID 7f found for resource ID 0x7f0400ad.
07-29 00:01:48.465 30375 30375 E aapt2   : No package ID 7f found for resource ID 0x7f0400b2.
07-29 00:01:48.465 30375 30375 E aapt2   : No package ID 7f found for resource ID 0x7f0400ab.
07-29 00:01:48.465 30375 30375 E aapt2   : No package ID 7f found for resource ID 0x7f0400a9.
07-29 00:01:48.465 30375 30375 E aapt2   : No package ID 7f found for resource ID 0x7f0400ac.
07-29 00:01:48.465 30375 30375 E aapt2   : No package ID 7f found for resource ID 0x7f0400aa.
07-29 00:01:48.466 30375 30375 E aapt2   : No package ID 7f found for resource ID 0x7f0400b1.
07-29 00:01:48.466 30375 30375 E aapt2   : No package ID 7f found for resource ID 0x7f0400b0.
07-29 00:01:48.466 30375 30375 E aapt2   : No package ID 7f found for resource ID 0x7f04029f.
07-29 00:01:48.466 30375 30375 E aapt2   : No package ID 7f found for resource ID 0x7f04046f.
07-29 00:01:48.466 30375 30375 E aapt2   : No package ID 7f found for resource ID 0x7f04039b.
07-29 00:01:48.466 30375 30375 E aapt2   : No package ID 7f found for resource ID 0x7f04039c.
07-29 00:01:48.466 30375 30375 E aapt2   : No package ID 7f found for resource ID 0x7f04039d.
07-29 00:01:48.466 30375 30375 E aapt2   : No package ID 7f found for resource ID 0x7f0404f4.
07-29 00:01:48.466 30375 30375 E aapt2   : No package ID 7f found for resource ID 0x7f040334.
07-29 00:01:48.466 30375 30375 E aapt2   : No package ID 7f found for resource ID 0x7f0402d7.
07-29 00:01:48.466 30375 30375 E aapt2   : No package ID 7f found for resource ID 0x7f0402ce.
07-29 00:01:48.466 30375 30375 E aapt2   : No package ID 7f found for resource ID 0x7f040100.
07-29 00:01:48.466 30375 30375 E aapt2   : No package ID 7f found for resource ID 0x7f040062.
07-29 00:01:48.466 30375 30375 E aapt2   : No package ID 7f found for resource ID 0x7f0404b8.
07-29 00:01:48.466 30375 30375 E aapt2   : No package ID 7f found for resource ID 0x7f0404f2.
07-29 00:01:48.466 30375 30375 E aapt2   : No package ID 7f found for resource ID 0x7f0400ea.
07-29 00:01:48.466 30375 30375 E aapt2   : No package ID 7f found for resource ID 0x7f0400eb.
07-29 00:01:48.466 30375 30375 E aapt2   : No package ID 7f found for resource ID 0x7f0400ec.
07-29 00:01:48.466 30375 30375 E aapt2   : No package ID 7f found for resource ID 0x7f0400ee.
07-29 00:01:48.466 30375 30375 E aapt2   : No package ID 7f found for resource ID 0x7f0400f0.
07-29 00:01:48.466 30375 30375 E aapt2   : No package ID 7f found for resource ID 0x7f0400ef.
07-29 00:01:48.466 30375 30375 E aapt2   : No package ID 7f found for resource ID 0x7f040199.
07-29 00:01:48.466 30375 30375 E aapt2   : No package ID 7f found for resource ID 0x7f04019c.
07-29 00:01:48.466 30375 30375 E aapt2   : No package ID 7f found for resource ID 0x7f04019d.
07-29 00:01:48.466 30375 30375 E aapt2   : No package ID 7f found for resource ID 0x7f04019f.
07-29 00:01:48.466 30375 30375 E aapt2   : No package ID 7f found for resource ID 0x7f04019a.
07-29 00:01:48.466 30375 30375 E aapt2   : No package ID 7f found for resource ID 0x7f0400f5.
07-29 00:01:48.466 30375 30375 E aapt2   : No package ID 7f found for resource ID 0x7f0400f9.
07-29 00:01:48.466 30375 30375 E aapt2   : No package ID 7f found for resource ID 0x7f0400f8.
07-29 00:01:48.466 30375 30375 E aapt2   : No package ID 7f found for resource ID 0x7f0400f7.
07-29 00:01:48.466 30375 30375 E aapt2   : No package ID 7f found for resource ID 0x7f0400f6.
07-29 00:01:48.466 30375 30375 E aapt2   : No package ID 7f found for resource ID 0x7f0400f3.
07-29 00:01:48.466 30375 30375 E aapt2   : No package ID 7f found for resource ID 0x7f0400fb.
07-29 00:01:48.466 30375 30375 E aapt2   : No package ID 7f found for resource ID 0x7f0400fa.
07-29 00:01:48.466 30375 30375 E aapt2   : No package ID 7f found for resource ID 0x7f0400fc.
07-29 00:01:48.466 30375 30375 E aapt2   : No package ID 7f found for resource ID 0x7f0400f4.
07-29 00:01:48.466 30375 30375 E aapt2   : No package ID 7f found for resource ID 0x7f0400f2.
07-29 00:01:48.466 30375 30375 E aapt2   : No package ID 7f found for resource ID 0x7f040190.
07-29 00:01:48.467 30375 30375 E aapt2   : No package ID 7f found for resource ID 0x7f0401e4.
07-29 00:01:48.467 30375 30375 E aapt2   : No package ID 7f found for resource ID 0x7f0403d2.
07-29 00:01:48.467 30375 30375 E aapt2   : No package ID 7f found for resource ID 0x7f0403d8.
07-29 00:01:48.467 30375 30375 E aapt2   : No package ID 7f found for resource ID 0x7f0403d9.
07-29 00:01:48.467 30375 30375 E aapt2   : No package ID 7f found for resource ID 0x7f0402cf.
07-29 00:01:48.467 30375 30375 E aapt2   : No package ID 7f found for resource ID 0x7f040554.
07-29 00:01:48.467 30375 30375 E aapt2   : No package ID 7f found for resource ID 0x7f040553.
07-29 00:01:48.467 30375 30375 E aapt2   : No package ID 7f found for resource ID 0x7f0401e5.
07-29 00:01:48.467 30375 30375 E aapt2   : No package ID 7f found for resource ID 0x7f040103.
07-29 00:01:48.467 30375 30375 E aapt2   : No package ID 7f found for resource ID 0x7f040104.
07-29 00:01:48.467 30375 30375 E aapt2   : No package ID 7f found for resource ID 0x7f040105.
07-29 00:01:48.467 30375 30375 E aapt2   : No package ID 7f found for resource ID 0x7f040125.
07-29 00:01:48.467 30375 30375 E aapt2   : No package ID 7f found for resource ID 0x7f040112.
07-29 00:01:48.467 30375 30375 E aapt2   : No package ID 7f found for resource ID 0x7f04011b.
07-29 00:01:48.467 30375 30375 E aapt2   : No package ID 7f found for resource ID 0x7f040113.
07-29 00:01:48.467 30375 30375 E aapt2   : No package ID 7f found for resource ID 0x7f040122.
07-29 00:01:48.467 30375 30375 E aapt2   : No package ID 7f found for resource ID 0x7f040123.
07-29 00:01:48.467 30375 30375 E aapt2   : No package ID 7f found for resource ID 0x7f0404ca.
07-29 00:01:48.467 30375 30375 E aapt2   : No package ID 7f found for resource ID 0x7f04011c.
07-29 00:01:48.467 30375 30375 E aapt2   : No package ID 7f found for resource ID 0x7f040223.
07-29 00:01:48.467 30375 30375 E aapt2   : No package ID 7f found for resource ID 0x7f04011a.
07-29 00:01:48.467 30375 30375 E aapt2   : No package ID 7f found for resource ID 0x7f040117.
07-29 00:01:48.467 30375 30375 E aapt2   : No package ID 7f found for resource ID 0x7f040116.
07-29 00:01:48.467 30375 30375 E aapt2   : No package ID 7f found for resource ID 0x7f040119.
07-29 00:01:48.467 30375 30375 E aapt2   : No package ID 7f found for resource ID 0x7f040118.
07-29 00:01:48.467 30375 30375 E aapt2   : No package ID 7f found for resource ID 0x7f04013b.
07-29 00:01:48.467 30375 30375 E aapt2   : No package ID 7f found for resource ID 0x7f040136.
07-29 00:01:48.467 30375 30375 E aapt2   : No package ID 7f found for resource ID 0x7f040135.
07-29 00:01:48.467 30375 30375 E aapt2   : No package ID 7f found for resource ID 0x7f04013a.
07-29 00:01:48.467 30375 30375 E aapt2   : No package ID 7f found for resource ID 0x7f040138.
07-29 00:01:48.467 30375 30375 E aapt2   : No package ID 7f found for resource ID 0x7f04010f.
07-29 00:01:48.467 30375 30375 E aapt2   : No package ID 7f found for resource ID 0x7f04010a.
07-29 00:01:48.467 30375 30375 E aapt2   : No package ID 7f found for resource ID 0x7f040109.
07-29 00:01:48.467 30375 30375 E aapt2   : No package ID 7f found for resource ID 0x7f04010e.
07-29 00:01:48.467 30375 30375 E aapt2   : No package ID 7f found for resource ID 0x7f0404fa.
07-29 00:01:48.467 30375 30375 E aapt2   : No package ID 7f found for resource ID 0x7f0402b1.
07-29 00:01:48.467 30375 30375 E aapt2   : No package ID 7f found for resource ID 0x7f040121.
07-29 00:01:48.468 30375 30375 E aapt2   : No package ID 7f found for resource ID 0x7f0402db.
07-29 00:01:48.468 30375 30375 E aapt2   : No package ID 7f found for resource ID 0x7f0402d0.
07-29 00:01:48.468 30375 30375 E aapt2   : No package ID 7f found for resource ID 0x7f0405bc.
07-29 00:01:48.468 30375 30375 E aapt2   : No package ID 7f found for resource ID 0x7f0405ad.
07-29 00:01:48.468 30375 30375 E aapt2   : No package ID 7f found for resource ID 0x7f040139.
07-29 00:01:48.468 30375 30375 E aapt2   : No package ID 7f found for resource ID 0x7f040137.
07-29 00:01:48.468 30375 30375 E aapt2   : No package ID 7f found for resource ID 0x7f040114.
07-29 00:01:48.468 30375 30375 E aapt2   : No package ID 7f found for resource ID 0x7f04011d.
07-29 00:01:48.468 30375 30375 E aapt2   : No package ID 7f found for resource ID 0x7f04011e.
07-29 00:01:48.468 30375 30375 E aapt2   : No package ID 7f found for resource ID 0x7f04011f.
07-29 00:01:48.468 30375 30375 E aapt2   : No package ID 7f found for resource ID 0x7f040507.
07-29 00:01:48.468 30375 30375 E aapt2   : No package ID 7f found for resource ID 0x7f040509.
07-29 00:01:48.468 30375 30375 E aapt2   : No package ID 7f found for resource ID 0x7f0404e4.
07-29 00:01:48.468 30375 30375 E aapt2   : No package ID 7f found for resource ID 0x7f040108.
07-29 00:01:48.468 30375 30375 E aapt2   : No package ID 7f found for resource ID 0x7f0402f0.
07-29 00:01:48.468 30375 30375 E aapt2   : No package ID 7f found for resource ID 0x7f0402ef.
07-29 00:01:48.468 30375 30375 E aapt2   : No package ID 7f found for resource ID 0x7f0402ed.
07-29 00:01:48.468 30375 30375 E aapt2   : No package ID 7f found for resource ID 0x7f040134.
07-29 00:01:48.468 30375 30375 E aapt2   : No package ID 7f found for resource ID 0x7f040131.
07-29 00:01:48.468 30375 30375 E aapt2   : No package ID 7f found for resource ID 0x7f040132.
07-29 00:01:48.468 30375 30375 E aapt2   : No package ID 7f found for resource ID 0x7f0403bc.
07-29 00:01:48.468 30375 30375 E aapt2   : No package ID 7f found for resource ID 0x7f0404e5.
07-29 00:01:48.468 30375 30375 E aapt2   : No package ID 7f found for resource ID 0x7f040236.
07-29 00:01:48.468 30375 30375 E aapt2   : No package ID 7f found for resource ID 0x7f040239.
07-29 00:01:48.468 30375 30375 E aapt2   : No package ID 7f found for resource ID 0x7f04023a.
07-29 00:01:48.468 30375 30375 E aapt2   : No package ID 7f found for resource ID 0x7f040238.
07-29 00:01:48.468 30375 30375 E aapt2   : No package ID 7f found for resource ID 0x7f040237.
07-29 00:01:48.468 30375 30375 E aapt2   : No package ID 7f found for resource ID 0x7f04023b.
07-29 00:01:48.468 30375 30375 E aapt2   : No package ID 7f found for resource ID 0x7f040142.
07-29 00:01:48.468 30375 30375 E aapt2   : No package ID 7f found for resource ID 0x7f0405eb.
07-29 00:01:48.468 30375 30375 E aapt2   : No package ID 7f found for resource ID 0x7f04023c.
07-29 00:01:48.468 30375 30375 E aapt2   : No package ID 7f found for resource ID 0x7f040143.
07-29 00:01:48.468 30375 30375 E aapt2   : No package ID 7f found for resource ID 0x7f0401a0.
07-29 00:01:48.468 30375 30375 E aapt2   : No package ID 7f found for resource ID 0x7f04053f.
07-29 00:01:48.468 30375 30375 E aapt2   : No package ID 7f found for resource ID 0x7f0405ee.
07-29 00:01:48.468 30375 30375 E aapt2   : No package ID 7f found for resource ID 0x7f0404d4.
07-29 00:01:48.468 30375 30375 E aapt2   : No package ID 7f found for resource ID 0x7f0404d2.
07-29 00:01:48.468 30375 30375 E aapt2   : No package ID 7f found for resource ID 0x7f040141.
07-29 00:01:48.469 30375 30375 E aapt2   : No package ID 7f found for resource ID 0x7f040235.
07-29 00:01:48.469 30375 30375 E aapt2   : No package ID 7f found for resource ID 0x7f0405e1.
07-29 00:01:48.469 30375 30375 E aapt2   : No package ID 7f found for resource ID 0x7f0405de.
07-29 00:01:48.469 30375 30375 E aapt2   : No package ID 7f found for resource ID 0x7f0405e0.
07-29 00:01:48.469 30375 30375 E aapt2   : No package ID 7f found for resource ID 0x7f0403da.
07-29 00:01:48.469 30375 30375 E aapt2   : No package ID 7f found for resource ID 0x7f040299.
07-29 00:01:48.469 30375 30375 E aapt2   : No package ID 7f found for resource ID 0x7f040244.
07-29 00:01:48.469 30375 30375 E aapt2   : No package ID 7f found for resource ID 0x7f0405e8.
07-29 00:01:48.469 30375 30375 E aapt2   : No package ID 7f found for resource ID 0x7f040339.
07-29 00:01:48.469 30375 30375 E aapt2   : No package ID 7f found for resource ID 0x7f04033a.
07-29 00:01:48.469 30375 30375 E aapt2   : No package ID 7f found for resource ID 0x7f040063.
07-29 00:01:48.469 30375 30375 E aapt2   : No package ID 7f found for resource ID 0x7f040329.
07-29 00:01:48.469 30375 30375 E aapt2   : No package ID 7f found for resource ID 0x7f0400dc.
07-29 00:01:48.469 30375 30375 E aapt2   : No package ID 7f found for resource ID 0x7f0400e5.
07-29 00:01:48.469 30375 30375 E aapt2   : No package ID 7f found for resource ID 0x7f0400e6.
07-29 00:01:48.469 30375 30375 E aapt2   : No package ID 7f found for resource ID 0x7f040626.
07-29 00:01:48.469 30375 30375 E aapt2   : No package ID 7f found for resource ID 0x7f040483.
07-29 00:01:48.469 30375 30375 E aapt2   : No package ID 7f found for resource ID 0x7f040608.
07-29 00:01:48.469 30375 30375 E aapt2   : No package ID 7f found for resource ID 0x7f040364.
07-29 00:01:48.469 30375 30375 E aapt2   : No package ID 7f found for resource ID 0x7f04034d.
07-29 00:01:48.469 30375 30375 E aapt2   : No package ID 7f found for resource ID 0x7f040344.
07-29 00:01:48.469 30375 30375 E aapt2   : No package ID 7f found for resource ID 0x7f040346.
07-29 00:01:48.469 30375 30375 E aapt2   : No package ID 7f found for resource ID 0x7f040345.
07-29 00:01:48.469 30375 30375 E aapt2   : No package ID 7f found for resource ID 0x7f04034a.
07-29 00:01:48.469 30375 30375 E aapt2   : No package ID 7f found for resource ID 0x7f04034b.
07-29 00:01:48.469 30375 30375 E aapt2   : No package ID 7f found for resource ID 0x7f04034c.
07-29 00:01:48.470 30375 30375 E aapt2   : No package ID 7f found for resource ID 0x7f0402a7.
07-29 00:01:48.470 30375 30375 E aapt2   : No package ID 7f found for resource ID 0x7f040356.
07-29 00:01:48.470 30375 30375 E aapt2   : No package ID 7f found for resource ID 0x7f040357.
07-29 00:01:48.470 30375 30375 E aapt2   : No package ID 7f found for resource ID 0x7f040359.
07-29 00:01:48.470 30375 30375 E aapt2   : No package ID 7f found for resource ID 0x7f04035a.
07-29 00:01:48.470 30375 30375 E aapt2   : No package ID 7f found for resource ID 0x7f040360.
07-29 00:01:48.470 30375 30375 E aapt2   : No package ID 7f found for resource ID 0x7f04035f.
07-29 00:01:48.470 30375 30375 E aapt2   : No package ID 7f found for resource ID 0x7f040343.
07-29 00:01:48.470 30375 30375 E aapt2   : No package ID 7f found for resource ID 0x7f040342.
07-29 00:01:48.470 30375 30375 E aapt2   : No package ID 7f found for resource ID 0x7f04033e.
07-29 00:01:48.470 30375 30375 E aapt2   : No package ID 7f found for resource ID 0x7f040340.
07-29 00:01:48.470 30375 30375 E aapt2   : No package ID 7f found for resource ID 0x7f04033f.
07-29 00:01:48.470 30375 30375 E aapt2   : No package ID 7f found for resource ID 0x7f04035b.
07-29 00:01:48.470 30375 30375 E aapt2   : No package ID 7f found for resource ID 0x7f04035c.
07-29 00:01:48.470 30375 30375 E aapt2   : No package ID 7f found for resource ID 0x7f040349.
07-29 00:01:48.470 30375 30375 E aapt2   : No package ID 7f found for resource ID 0x7f040348.
07-29 00:01:48.470 30375 30375 E aapt2   : No package ID 7f found for resource ID 0x7f04036f.
07-29 00:01:48.470 30375 30375 E aapt2   : No package ID 7f found for resource ID 0x7f040372.
07-29 00:01:48.470 30375 30375 E aapt2   : No package ID 7f found for resource ID 0x7f040370.
07-29 00:01:48.470 30375 30375 E aapt2   : No package ID 7f found for resource ID 0x7f04036d.
07-29 00:01:48.470 30375 30375 E aapt2   : No package ID 7f found for resource ID 0x7f040371.
07-29 00:01:48.470 30375 30375 E aapt2   : No package ID 7f found for resource ID 0x7f04036e.
07-29 00:01:48.470 30375 30375 E aapt2   : No package ID 7f found for resource ID 0x7f04036c.
07-29 00:01:48.470 30375 30375 E aapt2   : No package ID 7f found for resource ID 0x7f040376.
07-29 00:01:48.470 30375 30375 E aapt2   : No package ID 7f found for resource ID 0x7f04033c.
07-29 00:01:48.470 30375 30375 E aapt2   : No package ID 7f found for resource ID 0x7f04033b.
07-29 00:01:48.470 30375 30375 E aapt2   : No package ID 7f found for resource ID 0x7f040352.
07-29 00:01:48.470 30375 30375 E aapt2   : No package ID 7f found for resource ID 0x7f040361.
07-29 00:01:48.470 30375 30375 E aapt2   : No package ID 7f found for resource ID 0x7f040365.
07-29 00:01:48.470 30375 30375 E aapt2   : No package ID 7f found for resource ID 0x7f04034e.
07-29 00:01:48.470 30375 30375 E aapt2   : No package ID 7f found for resource ID 0x7f040367.
07-29 00:01:48.470 30375 30375 E aapt2   : No package ID 7f found for resource ID 0x7f040366.
07-29 00:01:48.470 30375 30375 E aapt2   : No package ID 7f found for resource ID 0x7f040368.
07-29 00:01:48.470 30375 30375 E aapt2   : No package ID 7f found for resource ID 0x7f040350.
07-29 00:01:48.470 30375 30375 E aapt2   : No package ID 7f found for resource ID 0x7f04034f.
07-29 00:01:48.470 30375 30375 E aapt2   : No package ID 7f found for resource ID 0x7f040351.
07-29 00:01:48.470 30375 30375 E aapt2   : No package ID 7f found for resource ID 0x7f040355.
07-29 00:01:48.470 30375 30375 E aapt2   : No package ID 7f found for resource ID 0x7f04035e.
07-29 00:01:48.470 30375 30375 E aapt2   : No package ID 7f found for resource ID 0x7f040358.
07-29 00:01:48.470 30375 30375 E aapt2   : No package ID 7f found for resource ID 0x7f040341.
07-29 00:01:48.470 30375 30375 E aapt2   : No package ID 7f found for resource ID 0x7f04033d.
07-29 00:01:48.470 30375 30375 E aapt2   : No package ID 7f found for resource ID 0x7f040347.
07-29 00:01:48.470 30375 30375 E aapt2   : No package ID 7f found for resource ID 0x7f040354.
07-29 00:01:48.470 30375 30375 E aapt2   : No package ID 7f found for resource ID 0x7f040363.
07-29 00:01:48.470 30375 30375 E aapt2   : No package ID 7f found for resource ID 0x7f040353.
07-29 00:01:48.470 30375 30375 E aapt2   : No package ID 7f found for resource ID 0x7f040362.
07-29 00:01:48.470 30375 30375 E aapt2   : No package ID 7f found for resource ID 0x7f04036a.
07-29 00:01:48.471 30375 30375 E aapt2   : No package ID 7f found for resource ID 0x7f04036b.
07-29 00:01:48.471 30375 30375 E aapt2   : No package ID 7f found for resource ID 0x7f04037c.
07-29 00:01:48.471 30375 30375 E aapt2   : No package ID 7f found for resource ID 0x7f0400a5.
07-29 00:01:48.471 30375 30375 E aapt2   : No package ID 7f found for resource ID 0x7f0400a6.
07-29 00:01:48.471 30375 30375 E aapt2   : No package ID 7f found for resource ID 0x7f04018c.
07-29 00:01:48.471 30375 30375 E aapt2   : No package ID 7f found for resource ID 0x7f04018d.
07-29 00:01:48.471 30375 30375 E aapt2   : No package ID 7f found for resource ID 0x7f0400a4.
07-29 00:01:48.471 30375 30375 E aapt2   : No package ID 7f found for resource ID 0x7f040101.
07-29 00:01:48.471 30375 30375 E aapt2   : No package ID 7f found for resource ID 0x7f04026e.
07-29 00:01:48.471 30375 30375 E aapt2   : No package ID 7f found for resource ID 0x7f040278.
07-29 00:01:48.471 30375 30375 E aapt2   : No package ID 7f found for resource ID 0x7f040275.
07-29 00:01:48.471 30375 30375 E aapt2   : No package ID 7f found for resource ID 0x7f04026b.
07-29 00:01:48.471 30375 30375 E aapt2   : No package ID 7f found for resource ID 0x7f040276.
07-29 00:01:48.471 30375 30375 E aapt2   : No package ID 7f found for resource ID 0x7f04026c.
07-29 00:01:48.471 30375 30375 E aapt2   : No package ID 7f found for resource ID 0x7f040279.
07-29 00:01:48.471 30375 30375 E aapt2   : No package ID 7f found for resource ID 0x7f040273.
07-29 00:01:48.471 30375 30375 E aapt2   : No package ID 7f found for resource ID 0x7f04026d.
07-29 00:01:48.471 30375 30375 E aapt2   : No package ID 7f found for resource ID 0x7f040277.
07-29 00:01:48.471 30375 30375 E aapt2   : No package ID 7f found for resource ID 0x7f040268.
07-29 00:01:48.471 30375 30375 E aapt2   : No package ID 7f found for resource ID 0x7f04026a.
07-29 00:01:48.471 30375 30375 E aapt2   : No package ID 7f found for resource ID 0x7f040267.
07-29 00:01:48.471 30375 30375 E aapt2   : No package ID 7f found for resource ID 0x7f040269.
07-29 00:01:48.471 30375 30375 E aapt2   : No package ID 7f found for resource ID 0x7f040270.
07-29 00:01:48.471 30375 30375 E aapt2   : No package ID 7f found for resource ID 0x7f040272.
07-29 00:01:48.471 30375 30375 E aapt2   : No package ID 7f found for resource ID 0x7f04026f.
07-29 00:01:48.471 30375 30375 E aapt2   : No package ID 7f found for resource ID 0x7f040271.
07-29 00:01:48.471 30375 30375 E aapt2   : No package ID 7f found for resource ID 0x7f04006d.
07-29 00:01:48.471 30375 30375 E aapt2   : No package ID 7f found for resource ID 0x7f04006a.
07-29 00:01:48.471 30375 30375 E aapt2   : No package ID 7f found for resource ID 0x7f04060e.
07-29 00:01:48.471 30375 30375 E aapt2   : No package ID 7f found for resource ID 0x7f04047b.
07-29 00:01:48.471 30375 30375 E aapt2   : No package ID 7f found for resource ID 0x7f040489.
07-29 00:01:48.471 30375 30375 E aapt2   : No package ID 7f found for resource ID 0x7f040610.
07-29 00:01:48.471 30375 30375 E aapt2   : No package ID 7f found for resource ID 0x7f0401f5.
07-29 00:01:48.471 30375 30375 E aapt2   : No package ID 7f found for resource ID 0x7f040426.
07-29 00:01:48.471 30375 30375 E aapt2   : No package ID 7f found for resource ID 0x7f04035d.
07-29 00:01:48.471 30375 30375 E aapt2   : No package ID 7f found for resource ID 0x7f040427.
07-29 00:01:48.471 30375 30375 E aapt2   : No package ID 7f found for resource ID 0x7f0404b5.
07-29 00:01:48.471 30375 30375 E aapt2   : No package ID 7f found for resource ID 0x7f0404b4.
07-29 00:01:48.471 30375 30375 E aapt2   : No package ID 7f found for resource ID 0x7f0404b3.
07-29 00:01:48.472 30375 30375 E aapt2   : No package ID 7f found for resource ID 0x7f040377.
07-29 00:01:48.472 30375 30375 E aapt2   : No package ID 7f found for resource ID 0x7f040332.
07-29 00:01:48.472 30375 30375 E aapt2   : No package ID 7f found for resource ID 0x7f040189.
07-29 00:01:48.472 30375 30375 E aapt2   : No package ID 7f found for resource ID 0x7f04012b.
07-29 00:01:48.472 30375 30375 E aapt2   : No package ID 7f found for resource ID 0x7f040128.
07-29 00:01:48.472 30375 30375 E aapt2   : No package ID 7f found for resource ID 0x7f04012c.
07-29 00:01:48.472 30375 30375 E aapt2   : No package ID 7f found for resource ID 0x7f04012a.
07-29 00:01:48.472 30375 30375 E aapt2   : No package ID 7f found for resource ID 0x7f040129.
07-29 00:01:48.473 30375 30375 E aapt2   : No package ID 7f found for resource ID 0x7f0404c1.
07-29 00:01:48.473 30375 30375 E aapt2   : No package ID 7f found for resource ID 0x7f0404be.
07-29 00:01:48.473 30375 30375 E aapt2   : No package ID 7f found for resource ID 0x7f0404bf.
07-29 00:01:48.473 30375 30375 E aapt2   : No package ID 7f found for resource ID 0x7f0404c0.
07-29 00:01:48.473 30375 30375 E aapt2   : No package ID 7f found for resource ID 0x7f040488.
07-29 00:01:48.473 30375 30375 E aapt2   : No package ID 7f found for resource ID 0x7f040191.
07-29 00:01:48.473 30375 30375 E aapt2   : No package ID 7f found for resource ID 0x7f040428.
07-29 00:01:48.473 30375 30375 E aapt2   : No package ID 7f found for resource ID 0x7f0401d8.
07-29 00:01:48.473 30375 30375 E aapt2   : No package ID 7f found for resource ID 0x7f040188.
07-29 00:01:48.474 30375 30375 E aapt2   : No package ID 7f found for resource ID 0x7f040328.
07-29 00:01:48.474 30375 30375 E aapt2   : No package ID 7f found for resource ID 0x7f04053d.
07-29 00:01:48.474 30375 30375 E aapt2   : No package ID 7f found for resource ID 0x7f040338.
07-29 00:01:48.474 30375 30375 E aapt2   : No package ID 7f found for resource ID 0x7f040336.
07-29 00:01:48.474 30375 30375 E aapt2   : No package ID 7f found for resource ID 0x7f040375.
07-29 00:01:48.474 30375 30375 E aapt2   : No package ID 7f found for resource ID 0x7f040337.
07-29 00:01:48.474 30375 30375 E aapt2   : No package ID 7f found for resource ID 0x7f040374.
07-29 00:01:48.474 30375 30375 E aapt2   : No package ID 7f found for resource ID 0x7f040369.
07-29 00:01:48.474 30375 30375 E aapt2   : No package ID 7f found for resource ID 0x7f04007a.
07-29 00:01:48.474 30375 30375 E aapt2   : No package ID 7f found for resource ID 0x7f0403e3.
07-29 00:01:48.474 30375 30375 E aapt2   : No package ID 7f found for resource ID 0x7f0401bd.
07-29 00:01:48.474 30375 30375 E aapt2   : No package ID 7f found for resource ID 0x7f0401bc.
07-29 00:01:48.474 30375 30375 E aapt2   : No package ID 7f found for resource ID 0x7f0401c1.
07-29 00:01:48.474 30375 30375 E aapt2   : No package ID 7f found for resource ID 0x7f0401bf.
07-29 00:01:48.475 30375 30375 E aapt2   : No package ID 7f found for resource ID 0x7f0401c5.
07-29 00:01:48.475 30375 30375 E aapt2   : No package ID 7f found for resource ID 0x7f0401be.
07-29 00:01:48.475 30375 30375 E aapt2   : No package ID 7f found for resource ID 0x7f0401c3.
07-29 00:01:48.475 30375 30375 E aapt2   : No package ID 7f found for resource ID 0x7f0401bb.
07-29 00:01:48.475 30375 30375 E aapt2   : No package ID 7f found for resource ID 0x7f0401c4.
07-29 00:01:48.475 30375 30375 E aapt2   : No package ID 7f found for resource ID 0x7f0403d5.
07-29 00:01:48.475 30375 30375 E aapt2   : No package ID 7f found for resource ID 0x7f040002.
07-29 00:01:48.475 30375 30375 E aapt2   : No package ID 7f found for resource ID 0x7f040085.
07-29 00:01:48.475 30375 30375 E aapt2   : No package ID 7f found for resource ID 0x7f0400e7.
07-29 00:01:48.475 30375 30375 E aapt2   : No package ID 7f found for resource ID 0x7f0401e3.
07-29 00:01:48.475 30375 30375 E aapt2   : No package ID 7f found for resource ID 0x7f0401df.
07-29 00:01:48.475 30375 30375 E aapt2   : No package ID 7f found for resource ID 0x7f0401dd.
07-29 00:01:48.475 30375 30375 E aapt2   : No package ID 7f found for resource ID 0x7f04049b.
07-29 00:01:48.475 30375 30375 E aapt2   : No package ID 7f found for resource ID 0x7f040435.
07-29 00:01:48.475 30375 30375 E aapt2   : No package ID 7f found for resource ID 0x7f0401de.
07-29 00:01:48.475 30375 30375 E aapt2   : No package ID 7f found for resource ID 0x7f040213.
07-29 00:01:48.475 30375 30375 E aapt2   : No package ID 7f found for resource ID 0x7f040214.
07-29 00:01:48.475 30375 30375 E aapt2   : No package ID 7f found for resource ID 0x7f040212.
07-29 00:01:48.475 30375 30375 E aapt2   : No package ID 7f found for resource ID 0x7f0401f2.
07-29 00:01:48.475 30375 30375 E aapt2   : No package ID 7f found for resource ID 0x7f0401f1.
07-29 00:01:48.475 30375 30375 E aapt2   : No package ID 7f found for resource ID 0x7f0402f7.
07-29 00:01:48.475 30375 30375 E aapt2   : No package ID 7f found for resource ID 0x7f040149.
07-29 00:01:48.475 30375 30375 E aapt2   : No package ID 7f found for resource ID 0x7f040512.
07-29 00:01:48.475 30375 30375 E aapt2   : No package ID 7f found for resource ID 0x7f0401fa.
07-29 00:01:48.475 30375 30375 E aapt2   : No package ID 7f found for resource ID 0x7f04029e.
07-29 00:01:48.475 30375 30375 E aapt2   : No package ID 7f found for resource ID 0x7f040076.
07-29 00:01:48.475 30375 30375 E aapt2   : No package ID 7f found for resource ID 0x7f040077.
07-29 00:01:48.475 30375 30375 E aapt2   : No package ID 7f found for resource ID 0x7f0400a3.
07-29 00:01:48.475 30375 30375 E aapt2   : No package ID 7f found for resource ID 0x7f0405c2.
07-29 00:01:48.475 30375 30375 E aapt2   : No package ID 7f found for resource ID 0x7f04020e.
07-29 00:01:48.475 30375 30375 E aapt2   : No package ID 7f found for resource ID 0x7f04061c.
07-29 00:01:48.475 30375 30375 E aapt2   : No package ID 7f found for resource ID 0x7f04023e.
07-29 00:01:48.475 30375 30375 E aapt2   : No package ID 7f found for resource ID 0x7f0404fa.
07-29 00:01:48.475 30375 30375 E aapt2   : No package ID 7f found for resource ID 0x7f0402b1.
07-29 00:01:48.475 30375 30375 E aapt2   : No package ID 7f found for resource ID 0x7f04023d.
07-29 00:01:48.476 30375 30375 E aapt2   : No package ID 7f found for resource ID 0x7f0404ff.
07-29 00:01:48.476 30375 30375 E aapt2   : No package ID 7f found for resource ID 0x7f040140.
07-29 00:01:48.476 30375 30375 E aapt2   : No package ID 7f found for resource ID 0x7f0400a7.
07-29 00:01:48.476 30375 30375 E aapt2   : No package ID 7f found for resource ID 0x7f0400a8.
07-29 00:01:48.476 30375 30375 E aapt2   : No package ID 7f found for resource ID 0x7f040321.
07-29 00:01:48.476 30375 30375 E aapt2   : No package ID 7f found for resource ID 0x7f04061d.
07-29 00:01:48.476 30375 30375 E aapt2   : No package ID 7f found for resource ID 0x7f04012d.
07-29 00:01:48.476 30375 30375 E aapt2   : No package ID 7f found for resource ID 0x7f040466.
07-29 00:01:48.476 30375 30375 E aapt2   : No package ID 7f found for resource ID 0x7f04018f.
07-29 00:01:48.476 30375 30375 E aapt2   : No package ID 7f found for resource ID 0x7f0404d1.
07-29 00:01:48.476 30375 30375 E aapt2   : No package ID 7f found for resource ID 0x7f04064b.
07-29 00:01:48.476 30375 30375 E aapt2   : No package ID 7f found for resource ID 0x7f04064c.
07-29 00:01:48.476 30375 30375 E aapt2   : No package ID 7f found for resource ID 0x7f040510.
07-29 00:01:48.476 30375 30375 E aapt2   : No package ID 7f found for resource ID 0x7f040511.
07-29 00:01:48.476 30375 30375 E aapt2   : No package ID 7f found for resource ID 0x7f0402cd.
07-29 00:01:48.476 30375 30375 E aapt2   : No package ID 7f found for resource ID 0x7f0405de.
07-29 00:01:48.476 30375 30375 E aapt2   : No package ID 7f found for resource ID 0x7f040618.
07-29 00:01:48.476 30375 30375 E aapt2   : No package ID 7f found for resource ID 0x7f040090.
07-29 00:01:48.476 30375 30375 E aapt2   : No package ID 7f found for resource ID 0x7f040091.
07-29 00:01:48.476 30375 30375 E aapt2   : No package ID 7f found for resource ID 0x7f0404ca.
07-29 00:01:48.476 30375 30375 E aapt2   : No package ID 7f found for resource ID 0x7f04024d.
07-29 00:01:48.476 30375 30375 E aapt2   : No package ID 7f found for resource ID 0x7f04024c.
07-29 00:01:48.476 30375 30375 E aapt2   : No package ID 7f found for resource ID 0x7f040223.
07-29 00:01:48.476 30375 30375 E aapt2   : No package ID 7f found for resource ID 0x7f0402cc.
07-29 00:01:48.476 30375 30375 E aapt2   : No package ID 7f found for resource ID 0x7f0404ac.
07-29 00:01:48.476 30375 30375 E aapt2   : No package ID 7f found for resource ID 0x7f0400c2.
07-29 00:01:48.476 30375 30375 E aapt2   : No package ID 7f found for resource ID 0x7f040619.
07-29 00:01:48.476 30375 30375 E aapt2   : No package ID 7f found for resource ID 0x7f0403d7.
07-29 00:01:48.476 30375 30375 E aapt2   : No package ID 7f found for resource ID 0x7f0404e7.
07-29 00:01:48.476 30375 30375 E aapt2   : No package ID 7f found for resource ID 0x7f0404ef.
07-29 00:01:48.476 30375 30375 E aapt2   : No package ID 7f found for resource ID 0x7f040318.
07-29 00:01:48.476 30375 30375 E aapt2   : No package ID 7f found for resource ID 0x7f040382.
07-29 00:01:48.477 30375 30375 E aapt2   : No package ID 7f found for resource ID 0x7f040286.
07-29 00:01:48.477 30375 30375 E aapt2   : No package ID 7f found for resource ID 0x7f040283.
07-29 00:01:48.477 30375 30375 E aapt2   : No package ID 7f found for resource ID 0x7f0401e4.
07-29 00:01:48.477 30375 30375 E aapt2   : No package ID 7f found for resource ID 0x7f0403d2.
07-29 00:01:48.477 30375 30375 E aapt2   : No package ID 7f found for resource ID 0x7f04027f.
07-29 00:01:48.477 30375 30375 E aapt2   : No package ID 7f found for resource ID 0x7f040280.
07-29 00:01:48.477 30375 30375 E aapt2   : No package ID 7f found for resource ID 0x7f04027e.
07-29 00:01:48.477 30375 30375 E aapt2   : No package ID 7f found for resource ID 0x7f040281.
07-29 00:01:48.477 30375 30375 E aapt2   : No package ID 7f found for resource ID 0x7f04028b.
07-29 00:01:48.477 30375 30375 E aapt2   : No package ID 7f found for resource ID 0x7f04028e.
07-29 00:01:48.477 30375 30375 E aapt2   : No package ID 7f found for resource ID 0x7f040293.
07-29 00:01:48.477 30375 30375 E aapt2   : No package ID 7f found for resource ID 0x7f040294.
07-29 00:01:48.477 30375 30375 E aapt2   : No package ID 7f found for resource ID 0x7f040290.
07-29 00:01:48.477 30375 30375 E aapt2   : No package ID 7f found for resource ID 0x7f04028f.
07-29 00:01:48.477 30375 30375 E aapt2   : No package ID 7f found for resource ID 0x7f040291.
07-29 00:01:48.477 30375 30375 E aapt2   : No package ID 7f found for resource ID 0x7f040292.
07-29 00:01:48.477 30375 30375 E aapt2   : No package ID 7f found for resource ID 0x7f040295.
07-29 00:01:48.477 30375 30375 E aapt2   : No package ID 7f found for resource ID 0x7f040296.
07-29 00:01:48.477 30375 30375 E aapt2   : No package ID 7f found for resource ID 0x7f04028c.
07-29 00:01:48.477 30375 30375 E aapt2   : No package ID 7f found for resource ID 0x7f040298.
07-29 00:01:48.477 30375 30375 E aapt2   : No package ID 7f found for resource ID 0x7f040297.
07-29 00:01:48.477 30375 30375 E aapt2   : No package ID 7f found for resource ID 0x7f040615.
07-29 00:01:48.477 30375 30375 E aapt2   : No package ID 7f found for resource ID 0x7f04029b.
07-29 00:01:48.477 30375 30375 E aapt2   : No package ID 7f found for resource ID 0x7f04042d.
07-29 00:01:48.478 30375 30375 E aapt2   : No package ID 7f found for resource ID 0x7f0402a4.
07-29 00:01:48.478 30375 30375 E aapt2   : No package ID 7f found for resource ID 0x7f0402a2.
07-29 00:01:48.478 30375 30375 E aapt2   : No package ID 7f found for resource ID 0x7f04044b.
07-29 00:01:48.478 30375 30375 E aapt2   : No package ID 7f found for resource ID 0x7f04043d.
07-29 00:01:48.478 30375 30375 E aapt2   : No package ID 7f found for resource ID 0x7f04044c.
07-29 00:01:48.478 30375 30375 E aapt2   : No package ID 7f found for resource ID 0x7f0400fe.
07-29 00:01:48.478 30375 30375 E aapt2   : No package ID 7f found for resource ID 0x7f040444.
07-29 00:01:48.478 30375 30375 E aapt2   : No package ID 7f found for resource ID 0x7f040445.
07-29 00:01:48.478 30375 30375 E aapt2   : No package ID 7f found for resource ID 0x7f040446.
07-29 00:01:48.478 30375 30375 E aapt2   : No package ID 7f found for resource ID 0x7f040447.
07-29 00:01:48.478 30375 30375 E aapt2   : No package ID 7f found for resource ID 0x7f040440.
07-29 00:01:48.478 30375 30375 E aapt2   : No package ID 7f found for resource ID 0x7f040441.
07-29 00:01:48.478 30375 30375 E aapt2   : No package ID 7f found for resource ID 0x7f040442.
07-29 00:01:48.478 30375 30375 E aapt2   : No package ID 7f found for resource ID 0x7f040443.
07-29 00:01:48.478 30375 30375 E aapt2   : No package ID 7f found for resource ID 0x7f040289.
07-29 00:01:48.478 30375 30375 E aapt2   : No package ID 7f found for resource ID 0x7f040059.
07-29 00:01:48.478 30375 30375 E aapt2   : No package ID 7f found for resource ID 0x7f04043b.
07-29 00:01:48.478 30375 30375 E aapt2   : No package ID 7f found for resource ID 0x7f04043e.
07-29 00:01:48.478 30375 30375 E aapt2   : No package ID 7f found for resource ID 0x7f04043c.
07-29 00:01:48.478 30375 30375 E aapt2   : No package ID 7f found for resource ID 0x7f04044a.
07-29 00:01:48.478 30375 30375 E aapt2   : No package ID 7f found for resource ID 0x7f04043f.
07-29 00:01:48.478 30375 30375 E aapt2   : No package ID 7f found for resource ID 0x7f0402f4.
07-29 00:01:48.478 30375 30375 E aapt2   : No package ID 7f found for resource ID 0x7f0402f8.
07-29 00:01:48.478 30375 30375 E aapt2   : No package ID 7f found for resource ID 0x7f0401cd.
07-29 00:01:48.478 30375 30375 E aapt2   : No package ID 7f found for resource ID 0x7f0401cf.
07-29 00:01:48.478 30375 30375 E aapt2   : No package ID 7f found for resource ID 0x7f040301.
07-29 00:01:48.478 30375 30375 E aapt2   : No package ID 7f found for resource ID 0x7f0401db.
07-29 00:01:48.478 30375 30375 E aapt2   : No package ID 7f found for resource ID 0x7f040647.
07-29 00:01:48.478 30375 30375 E aapt2   : No package ID 7f found for resource ID 0x7f040648.
07-29 00:01:48.478 30375 30375 E aapt2   : No package ID 7f found for resource ID 0x7f040057.
07-29 00:01:48.478 30375 30375 E aapt2   : No package ID 7f found for resource ID 0x7f040058.
07-29 00:01:48.478 30375 30375 E aapt2   : No package ID 7f found for resource ID 0x7f040287.
07-29 00:01:48.478 30375 30375 E aapt2   : No package ID 7f found for resource ID 0x7f040288.
07-29 00:01:48.478 30375 30375 E aapt2   : No package ID 7f found for resource ID 0x7f0402ca.
07-29 00:01:48.478 30375 30375 E aapt2   : No package ID 7f found for resource ID 0x7f0402cb.
07-29 00:01:48.478 30375 30375 E aapt2   : No package ID 7f found for resource ID 0x7f040643.
07-29 00:01:48.478 30375 30375 E aapt2   : No package ID 7f found for resource ID 0x7f040644.
07-29 00:01:48.478 30375 30375 E aapt2   : No package ID 7f found for resource ID 0x7f040045.
07-29 00:01:48.478 30375 30375 E aapt2   : No package ID 7f found for resource ID 0x7f0402a3.
07-29 00:01:48.478 30375 30375 E aapt2   : No package ID 7f found for resource ID 0x7f040056.
07-29 00:01:48.478 30375 30375 E aapt2   : No package ID 7f found for resource ID 0x7f040046.
07-29 00:01:48.479 30375 30375 E aapt2   : No package ID 7f found for resource ID 0x7f0402f9.
07-29 00:01:48.479 30375 30375 E aapt2   : No package ID 7f found for resource ID 0x7f0402a5.
07-29 00:01:48.479 30375 30375 E aapt2   : No package ID 7f found for resource ID 0x7f0401da.
07-29 00:01:48.479 30375 30375 E aapt2   : No package ID 7f found for resource ID 0x7f0402f5.
07-29 00:01:48.479 30375 30375 E aapt2   : No package ID 7f found for resource ID 0x7f0403f0.
07-29 00:01:48.479 30375 30375 E aapt2   : No package ID 7f found for resource ID 0x7f0403ee.
07-29 00:01:48.479 30375 30375 E aapt2   : No package ID 7f found for resource ID 0x7f040449.
07-29 00:01:48.479 30375 30375 E aapt2   : No package ID 7f found for resource ID 0x7f040448.
07-29 00:01:48.479 30375 30375 E aapt2   : No package ID 7f found for resource ID 0x7f0400b3.
07-29 00:01:48.479 30375 30375 E aapt2   : No package ID 7f found for resource ID 0x7f040066.
07-29 00:01:48.479 30375 30375 E aapt2   : No package ID 7f found for resource ID 0x7f0404cf.
07-29 00:01:48.479 30375 30375 E aapt2   : No package ID 7f found for resource ID 0x7f0400d6.
07-29 00:01:48.479 30375 30375 E aapt2   : No package ID 7f found for resource ID 0x7f040628.
07-29 00:01:48.479 30375 30375 E aapt2   : No package ID 7f found for resource ID 0x7f0401a1.
07-29 00:01:48.479 30375 30375 E aapt2   : No package ID 7f found for resource ID 0x7f0401b6.
07-29 00:01:48.479 30375 30375 E aapt2   : No package ID 7f found for resource ID 0x7f0404cc.
07-29 00:01:48.479 30375 30375 E aapt2   : No package ID 7f found for resource ID 0x7f04045c.
07-29 00:01:48.479 30375 30375 E aapt2   : No package ID 7f found for resource ID 0x7f0404cd.
07-29 00:01:48.479 30375 30375 E aapt2   : No package ID 7f found for resource ID 0x7f0402e6.
07-29 00:01:48.479 30375 30375 E aapt2   : No package ID 7f found for resource ID 0x7f0402e7.
07-29 00:01:48.479 30375 30375 E aapt2   : No package ID 7f found for resource ID 0x7f0402e9.
07-29 00:01:48.479 30375 30375 E aapt2   : No package ID 7f found for resource ID 0x7f0402e8.
07-29 00:01:48.479 30375 30375 E aapt2   : No package ID 7f found for resource ID 0x7f040640.
07-29 00:01:48.479 30375 30375 E aapt2   : No package ID 7f found for resource ID 0x7f040285.
07-29 00:01:48.479 30375 30375 E aapt2   : No package ID 7f found for resource ID 0x7f040468.
07-29 00:01:48.479 30375 30375 E aapt2   : No package ID 7f found for resource ID 0x7f04046a.
07-29 00:01:48.479 30375 30375 E aapt2   : No package ID 7f found for resource ID 0x7f04046b.
07-29 00:01:48.479 30375 30375 E aapt2   : No package ID 7f found for resource ID 0x7f04046d.
07-29 00:01:48.479 30375 30375 E aapt2   : No package ID 7f found for resource ID 0x7f04046f.
07-29 00:01:48.479 30375 30375 E aapt2   : No package ID 7f found for resource ID 0x7f04039b.
07-29 00:01:48.479 30375 30375 E aapt2   : No package ID 7f found for resource ID 0x7f04039c.
07-29 00:01:48.480 30375 30375 E aapt2   : No package ID 7f found for resource ID 0x7f04039d.
07-29 00:01:48.480 30375 30375 E aapt2   : No package ID 7f found for resource ID 0x7f040373.
07-29 00:01:48.480 30375 30375 E aapt2   : No package ID 7f found for resource ID 0x7f04029d.
07-29 00:01:48.480 30375 30375 E aapt2   : No package ID 7f found for resource ID 0x7f040428.
07-29 00:01:48.480 30375 30375 E aapt2   : No package ID 7f found for resource ID 0x7f04060e.
07-29 00:01:48.480 30375 30375 E aapt2   : No package ID 7f found for resource ID 0x7f0401ba.
07-29 00:01:48.480 30375 30375 E aapt2   : No package ID 7f found for resource ID 0x7f040426.
07-29 00:01:48.480 30375 30375 E aapt2   : No package ID 7f found for resource ID 0x7f040608.
07-29 00:01:48.480 30375 30375 E aapt2   : No package ID 7f found for resource ID 0x7f040610.
07-29 00:01:48.480 30375 30375 E aapt2   : No package ID 7f found for resource ID 0x7f040428.
07-29 00:01:48.480 30375 30375 E aapt2   : No package ID 7f found for resource ID 0x7f04062d.
07-29 00:01:48.480 30375 30375 E aapt2   : No package ID 7f found for resource ID 0x7f04062c.
07-29 00:01:48.480 30375 30375 E aapt2   : No package ID 7f found for resource ID 0x7f04062b.
07-29 00:01:48.480 30375 30375 E aapt2   : No package ID 7f found for resource ID 0x7f04062a.
07-29 00:01:48.480 30375 30375 E aapt2   : No package ID 7f found for resource ID 0x7f04062e.
07-29 00:01:48.480 30375 30375 E aapt2   : No package ID 7f found for resource ID 0x7f040322.
07-29 00:01:48.480 30375 30375 E aapt2   : No package ID 7f found for resource ID 0x7f04047f.
07-29 00:01:48.480 30375 30375 E aapt2   : No package ID 7f found for resource ID 0x7f040480.
07-29 00:01:48.480 30375 30375 E aapt2   : No package ID 7f found for resource ID 0x7f04047e.
07-29 00:01:48.480 30375 30375 E aapt2   : No package ID 7f found for resource ID 0x7f04047d.
07-29 00:01:48.480 30375 30375 E aapt2   : No package ID 7f found for resource ID 0x7f040428.
07-29 00:01:48.480 30375 30375 E aapt2   : No package ID 7f found for resource ID 0x7f04047b.
07-29 00:01:48.480 30375 30375 E aapt2   : No package ID 7f found for resource ID 0x7f0401f5.
07-29 00:01:48.480 30375 30375 E aapt2   : No package ID 7f found for resource ID 0x7f04050a.
07-29 00:01:48.480 30375 30375 E aapt2   : No package ID 7f found for resource ID 0x7f040428.
07-29 00:01:48.480 30375 30375 E aapt2   : No package ID 7f found for resource ID 0x7f040629.
07-29 00:01:48.480 30375 30375 E aapt2   : No package ID 7f found for resource ID 0x7f040428.
07-29 00:01:48.480 30375 30375 E aapt2   : No package ID 7f found for resource ID 0x7f040613.
07-29 00:01:48.480 30375 30375 E aapt2   : No package ID 7f found for resource ID 0x7f040454.
07-29 00:01:48.480 30375 30375 E aapt2   : No package ID 7f found for resource ID 0x7f040455.
07-29 00:01:48.480 30375 30375 E aapt2   : No package ID 7f found for resource ID 0x7f040452.
07-29 00:01:48.480 30375 30375 E aapt2   : No package ID 7f found for resource ID 0x7f040624.
07-29 00:01:48.481 30375 30375 E aapt2   : No package ID 7f found for resource ID 0x7f040625.
07-29 00:01:48.481 30375 30375 E aapt2   : No package ID 7f found for resource ID 0x7f040623.
07-29 00:01:48.481 30375 30375 E aapt2   : No package ID 7f found for resource ID 0x7f040614.
07-29 00:01:48.481 30375 30375 E aapt2   : No package ID 7f found for resource ID 0x7f040612.
07-29 00:01:48.481 30375 30375 E aapt2   : No package ID 7f found for resource ID 0x7f040429.
07-29 00:01:48.481 30375 30375 E aapt2   : No package ID 7f found for resource ID 0x7f04042a.
07-29 00:01:48.481 30375 30375 E aapt2   : No package ID 7f found for resource ID 0x7f040364.
07-29 00:01:48.481 30375 30375 E aapt2   : No package ID 7f found for resource ID 0x7f04034d.
07-29 00:01:48.481 30375 30375 E aapt2   : No package ID 7f found for resource ID 0x7f040344.
07-29 00:01:48.481 30375 30375 E aapt2   : No package ID 7f found for resource ID 0x7f040346.
07-29 00:01:48.481 30375 30375 E aapt2   : No package ID 7f found for resource ID 0x7f040345.
07-29 00:01:48.481 30375 30375 E aapt2   : No package ID 7f found for resource ID 0x7f04034a.
07-29 00:01:48.481 30375 30375 E aapt2   : No package ID 7f found for resource ID 0x7f04034b.
07-29 00:01:48.481 30375 30375 E aapt2   : No package ID 7f found for resource ID 0x7f04034c.
07-29 00:01:48.481 30375 30375 E aapt2   : No package ID 7f found for resource ID 0x7f0402a7.
07-29 00:01:48.481 30375 30375 E aapt2   : No package ID 7f found for resource ID 0x7f040356.
07-29 00:01:48.481 30375 30375 E aapt2   : No package ID 7f found for resource ID 0x7f040357.
07-29 00:01:48.481 30375 30375 E aapt2   : No package ID 7f found for resource ID 0x7f040359.
07-29 00:01:48.481 30375 30375 E aapt2   : No package ID 7f found for resource ID 0x7f04035a.
07-29 00:01:48.481 30375 30375 E aapt2   : No package ID 7f found for resource ID 0x7f040360.
07-29 00:01:48.481 30375 30375 E aapt2   : No package ID 7f found for resource ID 0x7f04035f.
07-29 00:01:48.481 30375 30375 E aapt2   : No package ID 7f found for resource ID 0x7f040343.
07-29 00:01:48.481 30375 30375 E aapt2   : No package ID 7f found for resource ID 0x7f040342.
07-29 00:01:48.481 30375 30375 E aapt2   : No package ID 7f found for resource ID 0x7f04033e.
07-29 00:01:48.481 30375 30375 E aapt2   : No package ID 7f found for resource ID 0x7f040340.
07-29 00:01:48.481 30375 30375 E aapt2   : No package ID 7f found for resource ID 0x7f04033f.
07-29 00:01:48.481 30375 30375 E aapt2   : No package ID 7f found for resource ID 0x7f04035b.
07-29 00:01:48.481 30375 30375 E aapt2   : No package ID 7f found for resource ID 0x7f04035c.
07-29 00:01:48.481 30375 30375 E aapt2   : No package ID 7f found for resource ID 0x7f040349.
07-29 00:01:48.481 30375 30375 E aapt2   : No package ID 7f found for resource ID 0x7f040348.
07-29 00:01:48.481 30375 30375 E aapt2   : No package ID 7f found for resource ID 0x7f04036f.
07-29 00:01:48.481 30375 30375 E aapt2   : No package ID 7f found for resource ID 0x7f040372.
07-29 00:01:48.482 30375 30375 E aapt2   : No package ID 7f found for resource ID 0x7f040370.
07-29 00:01:48.482 30375 30375 E aapt2   : No package ID 7f found for resource ID 0x7f04036d.
07-29 00:01:48.482 30375 30375 E aapt2   : No package ID 7f found for resource ID 0x7f040371.
07-29 00:01:48.482 30375 30375 E aapt2   : No package ID 7f found for resource ID 0x7f04036e.
07-29 00:01:48.482 30375 30375 E aapt2   : No package ID 7f found for resource ID 0x7f04036c.
07-29 00:01:48.482 30375 30375 E aapt2   : No package ID 7f found for resource ID 0x7f040376.
07-29 00:01:48.482 30375 30375 E aapt2   : No package ID 7f found for resource ID 0x7f04033c.
07-29 00:01:48.482 30375 30375 E aapt2   : No package ID 7f found for resource ID 0x7f04033b.
07-29 00:01:48.482 30375 30375 E aapt2   : No package ID 7f found for resource ID 0x7f040352.
07-29 00:01:48.482 30375 30375 E aapt2   : No package ID 7f found for resource ID 0x7f040361.
07-29 00:01:48.482 30375 30375 E aapt2   : No package ID 7f found for resource ID 0x7f040365.
07-29 00:01:48.482 30375 30375 E aapt2   : No package ID 7f found for resource ID 0x7f04034e.
07-29 00:01:48.482 30375 30375 E aapt2   : No package ID 7f found for resource ID 0x7f040367.
07-29 00:01:48.482 30375 30375 E aapt2   : No package ID 7f found for resource ID 0x7f040366.
07-29 00:01:48.482 30375 30375 E aapt2   : No package ID 7f found for resource ID 0x7f040368.
07-29 00:01:48.482 30375 30375 E aapt2   : No package ID 7f found for resource ID 0x7f040350.
07-29 00:01:48.482 30375 30375 E aapt2   : No package ID 7f found for resource ID 0x7f04034f.
07-29 00:01:48.482 30375 30375 E aapt2   : No package ID 7f found for resource ID 0x7f040351.
07-29 00:01:48.482 30375 30375 E aapt2   : No package ID 7f found for resource ID 0x7f040355.
07-29 00:01:48.482 30375 30375 E aapt2   : No package ID 7f found for resource ID 0x7f04035e.
07-29 00:01:48.482 30375 30375 E aapt2   : No package ID 7f found for resource ID 0x7f040358.
07-29 00:01:48.482 30375 30375 E aapt2   : No package ID 7f found for resource ID 0x7f040341.
07-29 00:01:48.482 30375 30375 E aapt2   : No package ID 7f found for resource ID 0x7f04033d.
07-29 00:01:48.482 30375 30375 E aapt2   : No package ID 7f found for resource ID 0x7f040347.
07-29 00:01:48.482 30375 30375 E aapt2   : No package ID 7f found for resource ID 0x7f040354.
07-29 00:01:48.482 30375 30375 E aapt2   : No package ID 7f found for resource ID 0x7f040363.
07-29 00:01:48.482 30375 30375 E aapt2   : No package ID 7f found for resource ID 0x7f040353.
07-29 00:01:48.482 30375 30375 E aapt2   : No package ID 7f found for resource ID 0x7f040362.
07-29 00:01:48.482 30375 30375 E aapt2   : No package ID 7f found for resource ID 0x7f04036a.
07-29 00:01:48.482 30375 30375 E aapt2   : No package ID 7f found for resource ID 0x7f04036b.
07-29 00:01:48.482 30375 30375 E aapt2   : No package ID 7f found for resource ID 0x7f04037c.
07-29 00:01:48.482 30375 30375 E aapt2   : No package ID 7f found for resource ID 0x7f0400a5.
07-29 00:01:48.482 30375 30375 E aapt2   : No package ID 7f found for resource ID 0x7f0400a6.
07-29 00:01:48.482 30375 30375 E aapt2   : No package ID 7f found for resource ID 0x7f04018c.
07-29 00:01:48.482 30375 30375 E aapt2   : No package ID 7f found for resource ID 0x7f04018d.
07-29 00:01:48.482 30375 30375 E aapt2   : No package ID 7f found for resource ID 0x7f0403d6.
07-29 00:01:48.482 30375 30375 E aapt2   : No package ID 7f found for resource ID 0x7f0403de.
07-29 00:01:48.482 30375 30375 E aapt2   : No package ID 7f found for resource ID 0x7f0403f1.
07-29 00:01:48.482 30375 30375 E aapt2   : No package ID 7f found for resource ID 0x7f0403f6.
07-29 00:01:48.482 30375 30375 E aapt2   : No package ID 7f found for resource ID 0x7f0400a4.
07-29 00:01:48.482 30375 30375 E aapt2   : No package ID 7f found for resource ID 0x7f040101.
07-29 00:01:48.483 30375 30375 E aapt2   : No package ID 7f found for resource ID 0x7f0403df.
07-29 00:01:48.483 30375 30375 E aapt2   : No package ID 7f found for resource ID 0x7f0401e8.
07-29 00:01:48.483 30375 30375 E aapt2   : No package ID 7f found for resource ID 0x7f0404f8.
07-29 00:01:48.483 30375 30375 E aapt2   : No package ID 7f found for resource ID 0x7f0401ed.
07-29 00:01:48.483 30375 30375 E aapt2   : No package ID 7f found for resource ID 0x7f0402ea.
07-29 00:01:48.483 30375 30375 E aapt2   : No package ID 7f found for resource ID 0x7f0402ee.
07-29 00:01:48.483 30375 30375 E aapt2   : No package ID 7f found for resource ID 0x7f040604.
07-29 00:01:48.483 30375 30375 E aapt2   : No package ID 7f found for resource ID 0x7f040225.
07-29 00:01:48.483 30375 30375 E aapt2   : No package ID 7f found for resource ID 0x7f040226.
07-29 00:01:48.483 30375 30375 E aapt2   : No package ID 7f found for resource ID 0x7f04061c.
07-29 00:01:48.483 30375 30375 E aapt2   : No package ID 7f found for resource ID 0x7f040395.
07-29 00:01:48.483 30375 30375 E aapt2   : No package ID 7f found for resource ID 0x7f040394.
07-29 00:01:48.483 30375 30375 E aapt2   : No package ID 7f found for resource ID 0x7f040090.
07-29 00:01:48.483 30375 30375 E aapt2   : No package ID 7f found for resource ID 0x7f04008b.
07-29 00:01:48.483 30375 30375 E aapt2   : No package ID 7f found for resource ID 0x7f04008c.
07-29 00:01:48.483 30375 30375 E aapt2   : No package ID 7f found for resource ID 0x7f04008a.
07-29 00:01:48.483 30375 30375 E aapt2   : No package ID 7f found for resource ID 0x7f040089.
07-29 00:01:48.483 30375 30375 E aapt2   : No package ID 7f found for resource ID 0x7f0403a2.
07-29 00:01:48.483 30375 30375 E aapt2   : No package ID 7f found for resource ID 0x7f0403a4.
07-29 00:01:48.483 30375 30375 E aapt2   : No package ID 7f found for resource ID 0x7f0403a3.
07-29 00:01:48.484 30375 30375 E aapt2   : No package ID 7f found for resource ID 0x7f0403a5.
07-29 00:01:48.484 30375 30375 E aapt2   : No package ID 7f found for resource ID 0x7f0403a0.
07-29 00:01:48.484 30375 30375 E aapt2   : No package ID 7f found for resource ID 0x7f0403a1.
07-29 00:01:48.484 30375 30375 E aapt2   : No package ID 7f found for resource ID 0x7f040502.
07-29 00:01:48.484 30375 30375 E aapt2   : No package ID 7f found for resource ID 0x7f040505.
07-29 00:01:48.484 30375 30375 E aapt2   : No package ID 7f found for resource ID 0x7f040503.
07-29 00:01:48.484 30375 30375 E aapt2   : No package ID 7f found for resource ID 0x7f040504.
07-29 00:01:48.484 30375 30375 E aapt2   : No package ID 7f found for resource ID 0x7f040202.
07-29 00:01:48.484 30375 30375 E aapt2   : No package ID 7f found for resource ID 0x7f040091.
07-29 00:01:48.484 30375 30375 E aapt2   : No package ID 7f found for resource ID 0x7f04020e.
07-29 00:01:48.484 30375 30375 E aapt2   : No package ID 7f found for resource ID 0x7f0402cd.
07-29 00:01:48.484 30375 30375 E aapt2   : No package ID 7f found for resource ID 0x7f0402d5.
07-29 00:01:48.484 30375 30375 E aapt2   : No package ID 7f found for resource ID 0x7f0402d4.
07-29 00:01:48.484 30375 30375 E aapt2   : No package ID 7f found for resource ID 0x7f0402d1.
07-29 00:01:48.484 30375 30375 E aapt2   : No package ID 7f found for resource ID 0x7f0402e0.
07-29 00:01:48.484 30375 30375 E aapt2   : No package ID 7f found for resource ID 0x7f0402e1.
07-29 00:01:48.484 30375 30375 E aapt2   : No package ID 7f found for resource ID 0x7f0404e7.
07-29 00:01:48.484 30375 30375 E aapt2   : No package ID 7f found for resource ID 0x7f0404ef.
07-29 00:01:48.484 30375 30375 E aapt2   : No package ID 7f found for resource ID 0x7f040541.
07-29 00:01:48.484 30375 30375 E aapt2   : No package ID 7f found for resource ID 0x7f040542.
07-29 00:01:48.484 30375 30375 E aapt2   : No package ID 7f found for resource ID 0x7f0401aa.
07-29 00:01:48.484 30375 30375 E aapt2   : No package ID 7f found for resource ID 0x7f0404ca.
07-29 00:01:48.484 30375 30375 E aapt2   : No package ID 7f found for resource ID 0x7f0405ed.
07-29 00:01:48.484 30375 30375 E aapt2   : No package ID 7f found for resource ID 0x7f040509.
07-29 00:01:48.484 30375 30375 E aapt2   : No package ID 7f found for resource ID 0x7f0404e4.
07-29 00:01:48.484 30375 30375 E aapt2   : No package ID 7f found for resource ID 0x7f040107.
07-29 00:01:48.484 30375 30375 E aapt2   : No package ID 7f found for resource ID 0x7f0401cb.
07-29 00:01:48.484 30375 30375 E aapt2   : No package ID 7f found for resource ID 0x7f0401c9.
07-29 00:01:48.484 30375 30375 E aapt2   : No package ID 7f found for resource ID 0x7f0401ca.
07-29 00:01:48.484 30375 30375 E aapt2   : No package ID 7f found for resource ID 0x7f0401cc.
07-29 00:01:48.484 30375 30375 E aapt2   : No package ID 7f found for resource ID 0x7f04064e.
07-29 00:01:48.484 30375 30375 E aapt2   : No package ID 7f found for resource ID 0x7f04064d.
07-29 00:01:48.485 30375 30375 E aapt2   : No package ID 7f found for resource ID 0x7f04064f.
07-29 00:01:48.485 30375 30375 E aapt2   : No package ID 7f found for resource ID 0x7f0404ba.
07-29 00:01:48.485 30375 30375 E aapt2   : No package ID 7f found for resource ID 0x7f040438.
07-29 00:01:48.485 30375 30375 E aapt2   : No package ID 7f found for resource ID 0x7f040305.
07-29 00:01:48.485 30375 30375 E aapt2   : No package ID 7f found for resource ID 0x7f04031f.
07-29 00:01:48.485 30375 30375 E aapt2   : No package ID 7f found for resource ID 0x7f040319.
07-29 00:01:48.485 30375 30375 E aapt2   : No package ID 7f found for resource ID 0x7f04031a.
07-29 00:01:48.485 30375 30375 E aapt2   : No package ID 7f found for resource ID 0x7f040311.
07-29 00:01:48.485 30375 30375 E aapt2   : No package ID 7f found for resource ID 0x7f040312.
07-29 00:01:48.485 30375 30375 E aapt2   : No package ID 7f found for resource ID 0x7f0400ed.
07-29 00:01:48.485 30375 30375 E aapt2   : No package ID 7f found for resource ID 0x7f040109.
07-29 00:01:48.485 30375 30375 E aapt2   : No package ID 7f found for resource ID 0x7f04010e.
07-29 00:01:48.485 30375 30375 E aapt2   : No package ID 7f found for resource ID 0x7f04010d.
07-29 00:01:48.485 30375 30375 E aapt2   : No package ID 7f found for resource ID 0x7f04010c.
07-29 00:01:48.485 30375 30375 E aapt2   : No package ID 7f found for resource ID 0x7f04010b.
07-29 00:01:48.485 30375 30375 E aapt2   : No package ID 7f found for resource ID 0x7f040537.
07-29 00:01:48.485 30375 30375 E aapt2   : No package ID 7f found for resource ID 0x7f0400dc.
07-29 00:01:48.485 30375 30375 E aapt2   : No package ID 7f found for resource ID 0x7f04061b.
07-29 00:01:48.485 30375 30375 E aapt2   : No package ID 7f found for resource ID 0x7f0400e5.
07-29 00:01:48.485 30375 30375 E aapt2   : No package ID 7f found for resource ID 0x7f0400de.
07-29 00:01:48.485 30375 30375 E aapt2   : No package ID 7f found for resource ID 0x7f0400e0.
07-29 00:01:48.485 30375 30375 E aapt2   : No package ID 7f found for resource ID 0x7f0400e1.
07-29 00:01:48.485 30375 30375 E aapt2   : No package ID 7f found for resource ID 0x7f0400ff.
07-29 00:01:48.485 30375 30375 E aapt2   : No package ID 7f found for resource ID 0x7f04022e.
07-29 00:01:48.485 30375 30375 E aapt2   : No package ID 7f found for resource ID 0x7f040227.
07-29 00:01:48.485 30375 30375 E aapt2   : No package ID 7f found for resource ID 0x7f040110.
07-29 00:01:48.485 30375 30375 E aapt2   : No package ID 7f found for resource ID 0x7f040538.
07-29 00:01:48.485 30375 30375 E aapt2   : No package ID 7f found for resource ID 0x7f040539.
07-29 00:01:48.485 30375 30375 E aapt2   : No package ID 7f found for resource ID 0x7f0401e9.
07-29 00:01:48.485 30375 30375 E aapt2   : No package ID 7f found for resource ID 0x7f0401ee.
07-29 00:01:48.485 30375 30375 E aapt2   : No package ID 7f found for resource ID 0x7f0401eb.
07-29 00:01:48.485 30375 30375 E aapt2   : No package ID 7f found for resource ID 0x7f0401ec.
07-29 00:01:48.485 30375 30375 E aapt2   : No package ID 7f found for resource ID 0x7f04032f.
07-29 00:01:48.486 30375 30375 E aapt2   : No package ID 7f found for resource ID 0x7f0405c6.
07-29 00:01:48.486 30375 30375 E aapt2   : No package ID 7f found for resource ID 0x7f0405c8.
07-29 00:01:48.486 30375 30375 E aapt2   : No package ID 7f found for resource ID 0x7f0405c9.
07-29 00:01:48.486 30375 30375 E aapt2   : No package ID 7f found for resource ID 0x7f0405c7.
07-29 00:01:48.486 30375 30375 E aapt2   : No package ID 7f found for resource ID 0x7f0405ff.
07-29 00:01:48.486 30375 30375 E aapt2   : No package ID 7f found for resource ID 0x7f040600.
07-29 00:01:48.486 30375 30375 E aapt2   : No package ID 7f found for resource ID 0x7f040601.
07-29 00:01:48.486 30375 30375 E aapt2   : No package ID 7f found for resource ID 0x7f040381.
07-29 00:01:48.486 30375 30375 E aapt2   : No package ID 7f found for resource ID 0x7f040327.
07-29 00:01:48.486 30375 30375 E aapt2   : No package ID 7f found for resource ID 0x7f040133.
07-29 00:01:48.486 30375 30375 E aapt2   : No package ID 7f found for resource ID 0x7f040431.
07-29 00:01:48.486 30375 30375 E aapt2   : No package ID 7f found for resource ID 0x7f0405df.
07-29 00:01:48.486 30375 30375 E aapt2   : No package ID 7f found for resource ID 0x7f04054a.
07-29 00:01:48.486 30375 30375 E aapt2   : No package ID 7f found for resource ID 0x7f040397.
07-29 00:01:48.486 30375 30375 E aapt2   : No package ID 7f found for resource ID 0x7f040399.
07-29 00:01:48.486 30375 30375 E aapt2   : No package ID 7f found for resource ID 0x7f040064.
07-29 00:01:48.486 30375 30375 E aapt2   : No package ID 7f found for resource ID 0x7f04044e.
07-29 00:01:48.486 30375 30375 E aapt2   : No package ID 7f found for resource ID 0x7f0404f6.
07-29 00:01:48.486 30375 30375 E aapt2   : No package ID 7f found for resource ID 0x7f040011.
07-29 00:01:48.486 30375 30375 E aapt2   : No package ID 7f found for resource ID 0x7f040027.
07-29 00:01:48.486 30375 30375 E aapt2   : No package ID 7f found for resource ID 0x7f040025.
07-29 00:01:48.486 30375 30375 E aapt2   : No package ID 7f found for resource ID 0x7f040192.
07-29 00:01:48.486 30375 30375 E aapt2   : No package ID 7f found for resource ID 0x7f0405f5.
07-29 00:01:48.486 30375 30375 E aapt2   : No package ID 7f found for resource ID 0x7f0404ab.
07-29 00:01:48.486 30375 30375 E aapt2   : No package ID 7f found for resource ID 0x7f040543.
07-29 00:01:48.487 30375 30375 E aapt2   : No package ID 7f found for resource ID 0x7f0403f9.
07-29 00:01:48.487 30375 30375 E aapt2   : No package ID 7f found for resource ID 0x7f0403fb.
07-29 00:01:48.487 30375 30375 E aapt2   : No package ID 7f found for resource ID 0x7f0403fa.
07-29 00:01:48.487 30375 30375 E aapt2   : No package ID 7f found for resource ID 0x7f0403f8.
07-29 00:01:48.487 30375 30375 E aapt2   : No package ID 7f found for resource ID 0x7f0403fc.
07-29 00:01:48.487 30375 30375 E aapt2   : No package ID 7f found for resource ID 0x7f0403fd.
07-29 00:01:48.487 30375 30375 E aapt2   : No package ID 7f found for resource ID 0x7f04006d.
07-29 00:01:48.487 30375 30375 E aapt2   : No package ID 7f found for resource ID 0x7f04006a.
07-29 00:01:48.487 30375 30375 E aapt2   : No package ID 7f found for resource ID 0x7f04060e.
07-29 00:01:48.487 30375 30375 E aapt2   : No package ID 7f found for resource ID 0x7f04047b.
07-29 00:01:48.487 30375 30375 E aapt2   : No package ID 7f found for resource ID 0x7f040425.
07-29 00:01:48.487 30375 30375 E aapt2   : No package ID 7f found for resource ID 0x7f040427.
07-29 00:01:48.487 30375 30375 E aapt2   : No package ID 7f found for resource ID 0x7f0401f5.
07-29 00:01:48.487 30375 30375 E aapt2   : No package ID 7f found for resource ID 0x7f0404b5.
07-29 00:01:48.487 30375 30375 E aapt2   : No package ID 7f found for resource ID 0x7f0404b4.
07-29 00:01:48.487 30375 30375 E aapt2   : No package ID 7f found for resource ID 0x7f0404b3.
07-29 00:01:48.487 30375 30375 E aapt2   : No package ID 7f found for resource ID 0x7f04041e.
07-29 00:01:48.487 30375 30375 E aapt2   : No package ID 7f found for resource ID 0x7f04041c.
07-29 00:01:48.487 30375 30375 E aapt2   : No package ID 7f found for resource ID 0x7f040420.
07-29 00:01:48.487 30375 30375 E aapt2   : No package ID 7f found for resource ID 0x7f040421.
07-29 00:01:48.487 30375 30375 E aapt2   : No package ID 7f found for resource ID 0x7f04041b.
07-29 00:01:48.487 30375 30375 E aapt2   : No package ID 7f found for resource ID 0x7f040422.
07-29 00:01:48.487 30375 30375 E aapt2   : No package ID 7f found for resource ID 0x7f04041d.
07-29 00:01:48.487 30375 30375 E aapt2   : No package ID 7f found for resource ID 0x7f04041f.
07-29 00:01:48.487 30375 30375 E aapt2   : No package ID 7f found for resource ID 0x7f040456.
07-29 00:01:48.487 30375 30375 E aapt2   : No package ID 7f found for resource ID 0x7f040453.
07-29 00:01:48.487 30375 30375 E aapt2   : No package ID 7f found for resource ID 0x7f0405ba.
07-29 00:01:48.487 30375 30375 E aapt2   : No package ID 7f found for resource ID 0x7f0405bb.
07-29 00:01:48.487 30375 30375 E aapt2   : No package ID 7f found for resource ID 0x7f0400b4.
07-29 00:01:48.487 30375 30375 E aapt2   : No package ID 7f found for resource ID 0x7f0404d0.
07-29 00:01:48.487 30375 30375 E aapt2   : No package ID 7f found for resource ID 0x7f0400b5.
07-29 00:01:48.487 30375 30375 E aapt2   : No package ID 7f found for resource ID 0x7f0405b9.
07-29 00:01:48.487 30375 30375 E aapt2   : No package ID 7f found for resource ID 0x7f0405b8.
07-29 00:01:48.487 30375 30375 E aapt2   : No package ID 7f found for resource ID 0x7f0405a6.
07-29 00:01:48.487 30375 30375 E aapt2   : No package ID 7f found for resource ID 0x7f0405c0.
07-29 00:01:48.488 30375 30375 E aapt2   : No package ID 7f found for resource ID 0x7f0405bf.
07-29 00:01:48.488 30375 30375 E aapt2   : No package ID 7f found for resource ID 0x7f0405bd.
07-29 00:01:48.488 30375 30375 E aapt2   : No package ID 7f found for resource ID 0x7f0405a7.
07-29 00:01:48.488 30375 30375 E aapt2   : No package ID 7f found for resource ID 0x7f0405a8.
07-29 00:01:48.488 30375 30375 E aapt2   : No package ID 7f found for resource ID 0x7f0405aa.
07-29 00:01:48.488 30375 30375 E aapt2   : No package ID 7f found for resource ID 0x7f0405a9.
07-29 00:01:48.488 30375 30375 E aapt2   : No package ID 7f found for resource ID 0x7f0405be.
07-29 00:01:48.488 30375 30375 E aapt2   : No package ID 7f found for resource ID 0x7f040332.
07-29 00:01:48.488 30375 30375 E aapt2   : No package ID 7f found for resource ID 0x7f0401b7.
07-29 00:01:48.488 30375 30375 E aapt2   : No package ID 7f found for resource ID 0x7f040426.
07-29 00:01:48.488 30375 30375 E aapt2   : No package ID 7f found for resource ID 0x7f040073.
07-29 00:01:48.488 30375 30375 E aapt2   : No package ID 7f found for resource ID 0x7f0404fb.
07-29 00:01:48.488 30375 30375 E aapt2   : No package ID 7f found for resource ID 0x7f0403fe.
07-29 00:01:48.488 30375 30375 E aapt2   : No package ID 7f found for resource ID 0x7f0401ce.
07-29 00:01:48.488 30375 30375 E aapt2   : No package ID 7f found for resource ID 0x7f040333.
07-29 00:01:48.488 30375 30375 E aapt2   : No package ID 7f found for resource ID 0x7f04057f.
07-29 00:01:48.488 30375 30375 E aapt2   : No package ID 7f found for resource ID 0x7f04057d.
07-29 00:01:48.488 30375 30375 E aapt2   : No package ID 7f found for resource ID 0x7f04057e.
07-29 00:01:48.488 30375 30375 E aapt2   : No package ID 7f found for resource ID 0x7f040225.
07-29 00:01:48.488 30375 30375 E aapt2   : No package ID 7f found for resource ID 0x7f040226.
07-29 00:01:48.488 30375 30375 E aapt2   : No package ID 7f found for resource ID 0x7f0401d9.
07-29 00:01:48.488 30375 30375 E aapt2   : No package ID 7f found for resource ID 0x7f040330.
07-29 00:01:48.488 30375 30375 E aapt2   : No package ID 7f found for resource ID 0x7f0404c8.
07-29 00:01:48.488 30375 30375 E aapt2   : No package ID 7f found for resource ID 0x7f04048c.
07-29 00:01:48.488 30375 30375 E aapt2   : No package ID 7f found for resource ID 0x7f04048d.
07-29 00:01:48.488 30375 30375 E aapt2   : No package ID 7f found for resource ID 0x7f04048e.
07-29 00:01:48.488 30375 30375 E aapt2   : No package ID 7f found for resource ID 0x7f040224.
07-29 00:01:48.488 30375 30375 E aapt2   : No package ID 7f found for resource ID 0x7f040231.
07-29 00:01:48.488 30375 30375 E aapt2   : No package ID 7f found for resource ID 0x7f04048a.
07-29 00:01:48.488 30375 30375 E aapt2   : No package ID 7f found for resource ID 0x7f04048b.
07-29 00:01:48.488 30375 30375 E aapt2   : No package ID 7f found for resource ID 0x7f04043a.
07-29 00:01:48.488 30375 30375 E aapt2   : No package ID 7f found for resource ID 0x7f040075.
07-29 00:01:48.488 30375 30375 E aapt2   : No package ID 7f found for resource ID 0x7f040618.
07-29 00:01:48.488 30375 30375 E aapt2   : No package ID 7f found for resource ID 0x7f040003.
07-29 00:01:48.489 30375 30375 E aapt2   : No package ID 7f found for resource ID 0x7f0403e4.
07-29 00:01:48.489 30375 30375 E aapt2   : No package ID 7f found for resource ID 0x7f04052c.
07-29 00:01:48.489 30375 30375 E aapt2   : No package ID 7f found for resource ID 0x7f04042e.
07-29 00:01:48.489 30375 30375 E aapt2   : No package ID 7f found for resource ID 0x7f0402a1.
07-29 00:01:48.489 30375 30375 E aapt2   : No package ID 7f found for resource ID 0x7f04039a.
07-29 00:01:48.489 30375 30375 E aapt2   : No package ID 7f found for resource ID 0x7f0403e0.
07-29 00:01:48.489 30375 30375 E aapt2   : No package ID 7f found for resource ID 0x7f04032c.
07-29 00:01:48.489 30375 30375 E aapt2   : No package ID 7f found for resource ID 0x7f040304.
07-29 00:01:48.489 30375 30375 E aapt2   : No package ID 7f found for resource ID 0x7f040310.
07-29 00:01:48.489 30375 30375 E aapt2   : No package ID 7f found for resource ID 0x7f040309.
07-29 00:01:48.489 30375 30375 E aapt2   : No package ID 7f found for resource ID 0x7f04030a.
07-29 00:01:48.489 30375 30375 E aapt2   : No package ID 7f found for resource ID 0x7f04031e.
07-29 00:01:48.489 30375 30375 E aapt2   : No package ID 7f found for resource ID 0x7f04031c.
07-29 00:01:48.489 30375 30375 E aapt2   : No package ID 7f found for resource ID 0x7f04031d.
07-29 00:01:48.489 30375 30375 E aapt2   : No package ID 7f found for resource ID 0x7f04030f.
07-29 00:01:48.489 30375 30375 E aapt2   : No package ID 7f found for resource ID 0x7f04030e.
07-29 00:01:48.489 30375 30375 E aapt2   : No package ID 7f found for resource ID 0x7f040028.
07-29 00:01:48.489 30375 30375 E aapt2   : No package ID 7f found for resource ID 0x7f040303.
07-29 00:01:48.489 30375 30375 E aapt2   : No package ID 7f found for resource ID 0x7f04020e.
07-29 00:01:48.489 30375 30375 E aapt2   : No package ID 7f found for resource ID 0x7f04030c.
07-29 00:01:48.489 30375 30375 E aapt2   : No package ID 7f found for resource ID 0x7f0402aa.
07-29 00:01:48.489 30375 30375 E aapt2   : No package ID 7f found for resource ID 0x7f0403e2.
07-29 00:01:48.489 30375 30375 E aapt2   : No package ID 7f found for resource ID 0x7f04046f.
07-29 00:01:48.489 30375 30375 E aapt2   : No package ID 7f found for resource ID 0x7f040468.
07-29 00:01:48.489 30375 30375 E aapt2   : No package ID 7f found for resource ID 0x7f04046d.
07-29 00:01:48.489 30375 30375 E aapt2   : No package ID 7f found for resource ID 0x7f04020e.
07-29 00:01:48.489 30375 30375 E aapt2   : No package ID 7f found for resource ID 0x7f040544.
07-29 00:01:48.489 30375 30375 E aapt2   : No package ID 7f found for resource ID 0x7f040547.
07-29 00:01:48.489 30375 30375 E aapt2   : No package ID 7f found for resource ID 0x7f04031b.
07-29 00:01:48.489 30375 30375 E aapt2   : No package ID 7f found for resource ID 0x7f040306.
07-29 00:01:48.489 30375 30375 E aapt2   : No package ID 7f found for resource ID 0x7f040320.
07-29 00:01:48.489 30375 30375 E aapt2   : No package ID 7f found for resource ID 0x7f040308.
07-29 00:01:48.490 30375 30375 E aapt2   : No package ID 7f found for resource ID 0x7f04030b.
07-29 00:01:48.490 30375 30375 E aapt2   : No package ID 7f found for resource ID 0x7f040311.
07-29 00:01:48.490 30375 30375 E aapt2   : No package ID 7f found for resource ID 0x7f040312.
07-29 00:01:48.490 30375 30375 E aapt2   : No package ID 7f found for resource ID 0x7f040316.
07-29 00:01:48.490 30375 30375 E aapt2   : No package ID 7f found for resource ID 0x7f040317.
07-29 00:01:48.490 30375 30375 E aapt2   : No package ID 7f found for resource ID 0x7f040315.
07-29 00:01:48.490 30375 30375 E aapt2   : No package ID 7f found for resource ID 0x7f040314.
07-29 00:01:48.490 30375 30375 E aapt2   : No package ID 7f found for resource ID 0x7f040313.
07-29 00:01:48.490 30375 30375 E aapt2   : No package ID 7f found for resource ID 0x7f0405f6.
07-29 00:01:48.490 30375 30375 E aapt2   : No package ID 7f found for resource ID 0x7f0400c5.
07-29 00:01:48.490 30375 30375 E aapt2   : No package ID 7f found for resource ID 0x7f040546.
07-29 00:01:48.490 30375 30375 E aapt2   : No package ID 7f found for resource ID 0x7f040545.
07-29 00:01:48.490 30375 30375 E aapt2   : No package ID 7f found for resource ID 0x7f040200.
07-29 00:01:48.490 30375 30375 E aapt2   : No package ID 7f found for resource ID 0x7f0404ce.
07-29 00:01:48.490 30375 30375 E aapt2   : No package ID 7f found for resource ID 0x7f04057b.
07-29 00:01:48.490 30375 30375 E aapt2   : No package ID 7f found for resource ID 0x7f040130.
07-29 00:01:48.490 30375 30375 E aapt2   : No package ID 7f found for resource ID 0x7f0401f3.
07-29 00:01:48.490 30375 30375 E aapt2   : No package ID 7f found for resource ID 0x7f0401f4.
07-29 00:01:48.490 30375 30375 E aapt2   : No package ID 7f found for resource ID 0x7f04007c.
07-29 00:01:48.490 30375 30375 E aapt2   : No package ID 7f found for resource ID 0x7f0403dd.
07-29 00:01:48.490 30375 30375 E aapt2   : No package ID 7f found for resource ID 0x7f0403cf.
07-29 00:01:48.490 30375 30375 E aapt2   : No package ID 7f found for resource ID 0x7f040522.
07-29 00:01:48.490 30375 30375 E aapt2   : No package ID 7f found for resource ID 0x7f040523.
07-29 00:01:48.490 30375 30375 E aapt2   : No package ID 7f found for resource ID 0x7f040521.
07-29 00:01:48.490 30375 30375 E aapt2   : No package ID 7f found for resource ID 0x7f040524.
07-29 00:01:48.490 30375 30375 E aapt2   : No package ID 7f found for resource ID 0x7f040520.
07-29 00:01:48.490 30375 30375 E aapt2   : No package ID 7f found for resource ID 0x7f0401f0.
07-29 00:01:48.490 30375 30375 E aapt2   : No package ID 7f found for resource ID 0x7f0405f7.
07-29 00:01:48.490 30375 30375 E aapt2   : No package ID 7f found for resource ID 0x7f0405f8.
07-29 00:01:48.490 30375 30375 E aapt2   : No package ID 7f found for resource ID 0x7f0404cb.
07-29 00:01:48.490 30375 30375 E aapt2   : No package ID 7f found for resource ID 0x7f0405f9.
07-29 00:01:48.490 30375 30375 E aapt2   : No package ID 7f found for resource ID 0x7f040380.
07-29 00:01:48.490 30375 30375 E aapt2   : No package ID 7f found for resource ID 0x7f040436.
07-29 00:01:48.490 30375 30375 E aapt2   : No package ID 7f found for resource ID 0x7f04042b.
07-29 00:01:48.490 30375 30375 E aapt2   : No package ID 7f found for resource ID 0x7f040458.
07-29 00:01:48.490 30375 30375 E aapt2   : No package ID 7f found for resource ID 0x7f040470.
07-29 00:01:48.490 30375 30375 E aapt2   : No package ID 7f found for resource ID 0x7f040033.
07-29 00:01:48.491 30375 30375 E aapt2   : No package ID 7f found for resource ID 0x7f04045b.
07-29 00:01:48.491 30375 30375 E aapt2   : No package ID 7f found for resource ID 0x7f040534.
07-29 00:01:48.491 30375 30375 E aapt2   : No package ID 7f found for resource ID 0x7f0402cd.
07-29 00:01:48.491 30375 30375 E aapt2   : No package ID 7f found for resource ID 0x7f040321.
07-29 00:01:48.491 30375 30375 E aapt2   : No package ID 7f found for resource ID 0x7f0405de.
07-29 00:01:48.491 30375 30375 E aapt2   : No package ID 7f found for resource ID 0x7f040552.
07-29 00:01:48.491 30375 30375 E aapt2   : No package ID 7f found for resource ID 0x7f040459.
07-29 00:01:48.491 30375 30375 E aapt2   : No package ID 7f found for resource ID 0x7f04029c.
07-29 00:01:48.491 30375 30375 E aapt2   : No package ID 7f found for resource ID 0x7f040331.
07-29 00:01:48.491 30375 30375 E aapt2   : No package ID 7f found for resource ID 0x7f040631.
07-29 00:01:48.491 30375 30375 E aapt2   : No package ID 7f found for resource ID 0x7f040218.
07-29 00:01:48.491 30375 30375 E aapt2   : No package ID 7f found for resource ID 0x7f0404e1.
07-29 00:01:48.491 30375 30375 E aapt2   : No package ID 7f found for resource ID 0x7f0401d7.
07-29 00:01:48.491 30375 30375 E aapt2   : No package ID 7f found for resource ID 0x7f040482.
07-29 00:01:48.491 30375 30375 E aapt2   : No package ID 7f found for resource ID 0x7f0401d4.
07-29 00:01:48.491 30375 30375 E aapt2   : No package ID 7f found for resource ID 0x7f0404f3.
07-29 00:01:48.491 30375 30375 E aapt2   : No package ID 7f found for resource ID 0x7f04005f.
07-29 00:01:48.491 30375 30375 E aapt2   : No package ID 7f found for resource ID 0x7f040061.
07-29 00:01:48.491 30375 30375 E aapt2   : No package ID 7f found for resource ID 0x7f040508.
07-29 00:01:48.491 30375 30375 E aapt2   : No package ID 7f found for resource ID 0x7f0402da.
07-29 00:01:48.491 30375 30375 E aapt2   : No package ID 7f found for resource ID 0x7f040300.
07-29 00:01:48.491 30375 30375 E aapt2   : No package ID 7f found for resource ID 0x7f040216.
07-29 00:01:48.491 30375 30375 E aapt2   : No package ID 7f found for resource ID 0x7f040060.
07-29 00:01:48.491 30375 30375 E aapt2   : No package ID 7f found for resource ID 0x7f04045a.
07-29 00:01:48.491 30375 30375 E aapt2   : No package ID 7f found for resource ID 0x7f0402f3.
07-29 00:01:48.491 30375 30375 E aapt2   : No package ID 7f found for resource ID 0x7f0403de.
07-29 00:01:48.492 30375 30375 E aapt2   : No package ID 7f found for resource ID 0x7f0403d6.
07-29 00:01:48.492 30375 30375 E aapt2   : No package ID 7f found for resource ID 0x7f0404a5.
07-29 00:01:48.492 30375 30375 E aapt2   : No package ID 7f found for resource ID 0x7f04049d.
07-29 00:01:48.492 30375 30375 E aapt2   : No package ID 7f found for resource ID 0x7f04049e.
07-29 00:01:48.492 30375 30375 E aapt2   : No package ID 7f found for resource ID 0x7f0404a3.
07-29 00:01:48.492 30375 30375 E aapt2   : No package ID 7f found for resource ID 0x7f0404a1.
07-29 00:01:48.492 30375 30375 E aapt2   : No package ID 7f found for resource ID 0x7f04049f.
07-29 00:01:48.492 30375 30375 E aapt2   : No package ID 7f found for resource ID 0x7f04049c.
07-29 00:01:48.492 30375 30375 E aapt2   : No package ID 7f found for resource ID 0x7f0404a4.
07-29 00:01:48.492 30375 30375 E aapt2   : No package ID 7f found for resource ID 0x7f0404a2.
07-29 00:01:48.492 30375 30375 E aapt2   : No package ID 7f found for resource ID 0x7f040102.
07-29 00:01:48.492 30375 30375 E aapt2   : No package ID 7f found for resource ID 0x7f0401e0.
07-29 00:01:48.492 30375 30375 E aapt2   : No package ID 7f found for resource ID 0x7f04020c.
07-29 00:01:48.492 30375 30375 E aapt2   : No package ID 7f found for resource ID 0x7f040207.
07-29 00:01:48.492 30375 30375 E aapt2   : No package ID 7f found for resource ID 0x7f0404a0.
07-29 00:01:48.492 30375 30375 E aapt2   : No package ID 7f found for resource ID 0x7f040558.
07-29 00:01:48.492 30375 30375 E aapt2   : No package ID 7f found for resource ID 0x7f040557.
07-29 00:01:48.492 30375 30375 E aapt2   : No package ID 7f found for resource ID 0x7f0404df.
07-29 00:01:48.492 30375 30375 E aapt2   : No package ID 7f found for resource ID 0x7f04042d.
07-29 00:01:48.492 30375 30375 E aapt2   : No package ID 7f found for resource ID 0x7f0403f7.
07-29 00:01:48.492 30375 30375 E aapt2   : No package ID 7f found for resource ID 0x7f0403f2.
07-29 00:01:48.492 30375 30375 E aapt2   : No package ID 7f found for resource ID 0x7f0403e6.
07-29 00:01:48.492 30375 30375 E aapt2   : No package ID 7f found for resource ID 0x7f0403ea.
07-29 00:01:48.492 30375 30375 E aapt2   : No package ID 7f found for resource ID 0x7f0403e7.
07-29 00:01:48.492 30375 30375 E aapt2   : No package ID 7f found for resource ID 0x7f0403eb.
07-29 00:01:48.492 30375 30375 E aapt2   : No package ID 7f found for resource ID 0x7f0403e9.
07-29 00:01:48.492 30375 30375 E aapt2   : No package ID 7f found for resource ID 0x7f0403ed.
07-29 00:01:48.492 30375 30375 E aapt2   : No package ID 7f found for resource ID 0x7f0403e8.
07-29 00:01:48.492 30375 30375 E aapt2   : No package ID 7f found for resource ID 0x7f0403ec.
07-29 00:01:48.492 30375 30375 E aapt2   : No package ID 7f found for resource ID 0x7f0400b6.
07-29 00:01:48.492 30375 30375 E aapt2   : No package ID 7f found for resource ID 0x7f0400b7.
07-29 00:01:48.492 30375 30375 E aapt2   : No package ID 7f found for resource ID 0x7f0400c1.
07-29 00:01:48.492 30375 30375 E aapt2   : No package ID 7f found for resource ID 0x7f0400b8.
07-29 00:01:48.492 30375 30375 E aapt2   : No package ID 7f found for resource ID 0x7f0400b9.
07-29 00:01:48.492 30375 30375 E aapt2   : No package ID 7f found for resource ID 0x7f0400ba.
07-29 00:01:48.492 30375 30375 E aapt2   : No package ID 7f found for resource ID 0x7f0400be.
07-29 00:01:48.492 30375 30375 E aapt2   : No package ID 7f found for resource ID 0x7f0400bf.
07-29 00:01:48.492 30375 30375 E aapt2   : No package ID 7f found for resource ID 0x7f0400c0.
07-29 00:01:48.492 30375 30375 E aapt2   : No package ID 7f found for resource ID 0x7f0400bb.
07-29 00:01:48.492 30375 30375 E aapt2   : No package ID 7f found for resource ID 0x7f0400bc.
07-29 00:01:48.492 30375 30375 E aapt2   : No package ID 7f found for resource ID 0x7f0400bd.
07-29 00:01:48.492 30375 30375 E aapt2   : No package ID 7f found for resource ID 0x7f040041.
07-29 00:01:48.493 30375 30375 E aapt2   : No package ID 7f found for resource ID 0x7f040047.
07-29 00:01:48.493 30375 30375 E aapt2   : No package ID 7f found for resource ID 0x7f040042.
07-29 00:01:48.493 30375 30375 E aapt2   : No package ID 7f found for resource ID 0x7f040048.
07-29 00:01:48.493 30375 30375 E aapt2   : No package ID 7f found for resource ID 0x7f040044.
07-29 00:01:48.493 30375 30375 E aapt2   : No package ID 7f found for resource ID 0x7f04004a.
07-29 00:01:48.493 30375 30375 E aapt2   : No package ID 7f found for resource ID 0x7f040043.
07-29 00:01:48.493 30375 30375 E aapt2   : No package ID 7f found for resource ID 0x7f040049.
07-29 00:01:48.493 30375 30375 E aapt2   : No package ID 7f found for resource ID 0x7f04004c.
07-29 00:01:48.493 30375 30375 E aapt2   : No package ID 7f found for resource ID 0x7f04004d.
07-29 00:01:48.493 30375 30375 E aapt2   : No package ID 7f found for resource ID 0x7f04004f.
07-29 00:01:48.493 30375 30375 E aapt2   : No package ID 7f found for resource ID 0x7f04004e.
07-29 00:01:48.493 30375 30375 E aapt2   : No package ID 7f found for resource ID 0x7f040050.
07-29 00:01:48.493 30375 30375 E aapt2   : No package ID 7f found for resource ID 0x7f040052.
07-29 00:01:48.493 30375 30375 E aapt2   : No package ID 7f found for resource ID 0x7f040051.
07-29 00:01:48.493 30375 30375 E aapt2   : No package ID 7f found for resource ID 0x7f040035.
07-29 00:01:48.493 30375 30375 E aapt2   : No package ID 7f found for resource ID 0x7f040036.
07-29 00:01:48.493 30375 30375 E aapt2   : No package ID 7f found for resource ID 0x7f040040.
07-29 00:01:48.493 30375 30375 E aapt2   : No package ID 7f found for resource ID 0x7f040037.
07-29 00:01:48.493 30375 30375 E aapt2   : No package ID 7f found for resource ID 0x7f040038.
07-29 00:01:48.493 30375 30375 E aapt2   : No package ID 7f found for resource ID 0x7f040039.
07-29 00:01:48.493 30375 30375 E aapt2   : No package ID 7f found for resource ID 0x7f04003d.
07-29 00:01:48.493 30375 30375 E aapt2   : No package ID 7f found for resource ID 0x7f04003e.
07-29 00:01:48.493 30375 30375 E aapt2   : No package ID 7f found for resource ID 0x7f04003f.
07-29 00:01:48.493 30375 30375 E aapt2   : No package ID 7f found for resource ID 0x7f04003a.
07-29 00:01:48.493 30375 30375 E aapt2   : No package ID 7f found for resource ID 0x7f04003b.
07-29 00:01:48.493 30375 30375 E aapt2   : No package ID 7f found for resource ID 0x7f04003c.
07-29 00:01:48.493 30375 30375 E aapt2   : No package ID 7f found for resource ID 0x7f0402c2.
07-29 00:01:48.493 30375 30375 E aapt2   : No package ID 7f found for resource ID 0x7f0402c3.
07-29 00:01:48.493 30375 30375 E aapt2   : No package ID 7f found for resource ID 0x7f0402c4.
07-29 00:01:48.493 30375 30375 E aapt2   : No package ID 7f found for resource ID 0x7f0402c5.
07-29 00:01:48.493 30375 30375 E aapt2   : No package ID 7f found for resource ID 0x7f0402c6.
07-29 00:01:48.493 30375 30375 E aapt2   : No package ID 7f found for resource ID 0x7f0402c7.
07-29 00:01:48.493 30375 30375 E aapt2   : No package ID 7f found for resource ID 0x7f0402c8.
07-29 00:01:48.493 30375 30375 E aapt2   : No package ID 7f found for resource ID 0x7f0402c9.
07-29 00:01:48.493 30375 30375 E aapt2   : No package ID 7f found for resource ID 0x7f040609.
07-29 00:01:48.493 30375 30375 E aapt2   : No package ID 7f found for resource ID 0x7f04060a.
07-29 00:01:48.493 30375 30375 E aapt2   : No package ID 7f found for resource ID 0x7f04060b.
07-29 00:01:48.493 30375 30375 E aapt2   : No package ID 7f found for resource ID 0x7f04060c.
07-29 00:01:48.493 30375 30375 E aapt2   : No package ID 7f found for resource ID 0x7f0402d2.
07-29 00:01:48.493 30375 30375 E aapt2   : No package ID 7f found for resource ID 0x7f0402d6.
07-29 00:01:48.493 30375 30375 E aapt2   : No package ID 7f found for resource ID 0x7f0402d9.
07-29 00:01:48.493 30375 30375 E aapt2   : No package ID 7f found for resource ID 0x7f0402d8.
07-29 00:01:48.493 30375 30375 E aapt2   : No package ID 7f found for resource ID 0x7f0402dc.
07-29 00:01:48.493 30375 30375 E aapt2   : No package ID 7f found for resource ID 0x7f0402dd.
07-29 00:01:48.494 30375 30375 E aapt2   : No package ID 7f found for resource ID 0x7f0402df.
07-29 00:01:48.494 30375 30375 E aapt2   : No package ID 7f found for resource ID 0x7f0402de.
07-29 00:01:48.494 30375 30375 E aapt2   : No package ID 7f found for resource ID 0x7f040528.
07-29 00:01:48.494 30375 30375 E aapt2   : No package ID 7f found for resource ID 0x7f040529.
07-29 00:01:48.494 30375 30375 E aapt2   : No package ID 7f found for resource ID 0x7f04052a.
07-29 00:01:48.494 30375 30375 E aapt2   : No package ID 7f found for resource ID 0x7f04052b.
07-29 00:01:48.494 30375 30375 E aapt2   : No package ID 7f found for resource ID 0x7f0400e8.
07-29 00:01:48.494 30375 30375 E aapt2   : No package ID 7f found for resource ID 0x7f0402bb.
07-29 00:01:48.494 30375 30375 E aapt2   : No package ID 7f found for resource ID 0x7f0402bc.
07-29 00:01:48.494 30375 30375 E aapt2   : No package ID 7f found for resource ID 0x7f0402bd.
07-29 00:01:48.494 30375 30375 E aapt2   : No package ID 7f found for resource ID 0x7f0402be.
07-29 00:01:48.494 30375 30375 E aapt2   : No package ID 7f found for resource ID 0x7f040626.
07-29 00:01:48.494 30375 30375 E aapt2   : No package ID 7f found for resource ID 0x7f040426.
07-29 00:01:48.494 30375 30375 E aapt2   : No package ID 7f found for resource ID 0x7f04035d.
07-29 00:01:48.494 30375 30375 E aapt2   : No package ID 7f found for resource ID 0x7f0403bc.
07-29 00:01:48.494 30375 30375 E aapt2   : No package ID 7f found for resource ID 0x7f04061e.
07-29 00:01:48.494 30375 30375 E aapt2   : No package ID 7f found for resource ID 0x7f0403f4.
07-29 00:01:48.494 30375 30375 E aapt2   : No package ID 7f found for resource ID 0x7f040467.
07-29 00:01:48.494 30375 30375 E aapt2   : No package ID 7f found for resource ID 0x7f04046e.
07-29 00:01:48.494 30375 30375 E aapt2   : No package ID 7f found for resource ID 0x7f040335.
07-29 00:01:48.494 30375 30375 E aapt2   : No package ID 7f found for resource ID 0x7f04050f.
07-29 00:01:48.494 30375 30375 E aapt2   : No package ID 7f found for resource ID 0x7f0404c9.
07-29 00:01:48.494 30375 30375 E aapt2   : No package ID 7f found for resource ID 0x7f040526.
07-29 00:01:48.494 30375 30375 E aapt2   : No package ID 7f found for resource ID 0x7f04024e.
07-29 00:01:48.494 30375 30375 E aapt2   : No package ID 7f found for resource ID 0x7f040251.
07-29 00:01:48.494 30375 30375 E aapt2   : No package ID 7f found for resource ID 0x7f040252.
07-29 00:01:48.494 30375 30375 E aapt2   : No package ID 7f found for resource ID 0x7f04024f.
07-29 00:01:48.494 30375 30375 E aapt2   : No package ID 7f found for resource ID 0x7f040250.
07-29 00:01:48.495 30375 30375 E aapt2   : No package ID 7f found for resource ID 0x7f0400e9.
07-29 00:01:48.495 30375 30375 E aapt2   : No package ID 7f found for resource ID 0x7f0401e4.
07-29 00:01:48.495 30375 30375 E aapt2   : No package ID 7f found for resource ID 0x7f0403d2.
07-29 00:01:48.495 30375 30375 E aapt2   : No package ID 7f found for resource ID 0x7f0403d1.
07-29 00:01:48.495 30375 30375 E aapt2   : No package ID 7f found for resource ID 0x7f0402f6.
07-29 00:01:48.495 30375 30375 E aapt2   : No package ID 7f found for resource ID 0x7f0400ae.
07-29 00:01:48.495 30375 30375 E aapt2   : No package ID 7f found for resource ID 0x7f040090.
07-29 00:01:48.495 30375 30375 E aapt2   : No package ID 7f found for resource ID 0x7f04020e.
07-29 00:01:48.495 30375 30375 E aapt2   : No package ID 7f found for resource ID 0x7f0401d0.
07-29 00:01:48.495 30375 30375 E aapt2   : No package ID 7f found for resource ID 0x7f0401d2.
07-29 00:01:48.495 30375 30375 E aapt2   : No package ID 7f found for resource ID 0x7f0402b2.
07-29 00:01:48.495 30375 30375 E aapt2   : No package ID 7f found for resource ID 0x7f04029a.
07-29 00:01:48.495 30375 30375 E aapt2   : No package ID 7f found for resource ID 0x7f0405dd.
07-29 00:01:48.495 30375 30375 E aapt2   : No package ID 7f found for resource ID 0x7f040431.
07-29 00:01:48.495 30375 30375 E aapt2   : No package ID 7f found for resource ID 0x7f040541.
07-29 00:01:48.495 30375 30375 E aapt2   : No package ID 7f found for resource ID 0x7f040542.
07-29 00:01:48.495 30375 30375 E aapt2   : No package ID 7f found for resource ID 0x7f0401c0.
07-29 00:01:48.495 30375 30375 E aapt2   : No package ID 7f found for resource ID 0x7f04039e.
07-29 00:01:48.495 30375 30375 E aapt2   : No package ID 7f found for resource ID 0x7f0402e2.
07-29 00:01:48.495 30375 30375 E aapt2   : No package ID 7f found for resource ID 0x7f0404b7.
07-29 00:01:48.495 30375 30375 E aapt2   : No package ID 7f found for resource ID 0x7f0401d1.
07-29 00:01:48.495 30375 30375 E aapt2   : No package ID 7f found for resource ID 0x7f040135.
07-29 00:01:48.495 30375 30375 E aapt2   : No package ID 7f found for resource ID 0x7f0402a0.
07-29 00:01:48.495 30375 30375 E aapt2   : No package ID 7f found for resource ID 0x7f0404d6.
07-29 00:01:48.495 30375 30375 E aapt2   : No package ID 7f found for resource ID 0x7f0404d5.
07-29 00:01:48.495 30375 30375 E aapt2   : No package ID 7f found for resource ID 0x7f040627.
07-29 00:01:48.495 30375 30375 E aapt2   : No package ID 7f found for resource ID 0x7f040186.
07-29 00:01:48.495 30375 30375 E aapt2   : No package ID 7f found for resource ID 0x7f040551.
07-29 00:01:48.495 30375 30375 E aapt2   : No package ID 7f found for resource ID 0x7f0404b6.
07-29 00:01:48.495 30375 30375 E aapt2   : No package ID 7f found for resource ID 0x7f040548.
07-29 00:01:48.495 30375 30375 E aapt2   : No package ID 7f found for resource ID 0x7f0404d7.
07-29 00:01:48.495 30375 30375 E aapt2   : No package ID 7f found for resource ID 0x7f04061a.
07-29 00:01:48.495 30375 30375 E aapt2   : No package ID 7f found for resource ID 0x7f04006c.
07-29 00:01:48.495 30375 30375 E aapt2   : No package ID 7f found for resource ID 0x7f04006b.
07-29 00:01:48.495 30375 30375 E aapt2   : No package ID 7f found for resource ID 0x7f04007e.
07-29 00:01:48.495 30375 30375 E aapt2   : No package ID 7f found for resource ID 0x7f0402aa.
07-29 00:01:48.496 30375 30375 E aapt2   : No package ID 7f found for resource ID 0x7f040086.
07-29 00:01:48.496 30375 30375 E aapt2   : No package ID 7f found for resource ID 0x7f0403e5.
07-29 00:01:48.496 30375 30375 E aapt2   : No package ID 7f found for resource ID 0x7f0404de.
07-29 00:01:48.496 30375 30375 E aapt2   : No package ID 7f found for resource ID 0x7f04002e.
07-29 00:01:48.496 30375 30375 E aapt2   : No package ID 7f found for resource ID 0x7f0404fc.
07-29 00:01:48.496 30375 30375 E aapt2   : No package ID 7f found for resource ID 0x7f040617.
07-29 00:01:48.496 30375 30375 E aapt2   : No package ID 7f found for resource ID 0x7f0401c6.
07-29 00:01:48.496 30375 30375 E aapt2   : No package ID 7f found for resource ID 0x7f040069.
07-29 00:01:48.496 30375 30375 E aapt2   : No package ID 7f found for resource ID 0x7f040068.
07-29 00:01:48.496 30375 30375 E aapt2   : No package ID 7f found for resource ID 0x7f040324.
07-29 00:01:48.496 30375 30375 E aapt2   : No package ID 7f found for resource ID 0x7f040323.
07-29 00:01:48.496 30375 30375 E aapt2   : No package ID 7f found for resource ID 0x7f040325.
07-29 00:01:48.496 30375 30375 E aapt2   : No package ID 7f found for resource ID 0x7f040326.
07-29 00:01:48.496 30375 30375 E aapt2   : No package ID 7f found for resource ID 0x7f0401ab.
07-29 00:01:48.496 30375 30375 E aapt2   : No package ID 7f found for resource ID 0x7f0401ae.
07-29 00:01:48.496 30375 30375 E aapt2   : No package ID 7f found for resource ID 0x7f0401af.
07-29 00:01:48.496 30375 30375 E aapt2   : No package ID 7f found for resource ID 0x7f0401ad.
07-29 00:01:48.496 30375 30375 E aapt2   : No package ID 7f found for resource ID 0x7f0401ac.
07-29 00:01:48.496 30375 30375 E aapt2   : No package ID 7f found for resource ID 0x7f0401a5.
07-29 00:01:48.496 30375 30375 E aapt2   : No package ID 7f found for resource ID 0x7f0401a8.
07-29 00:01:48.496 30375 30375 E aapt2   : No package ID 7f found for resource ID 0x7f0401a9.
07-29 00:01:48.496 30375 30375 E aapt2   : No package ID 7f found for resource ID 0x7f0401a7.
07-29 00:01:48.496 30375 30375 E aapt2   : No package ID 7f found for resource ID 0x7f0401a6.
07-29 00:01:48.496 30375 30375 E aapt2   : No package ID 7f found for resource ID 0x7f0404e7.
07-29 00:01:48.496 30375 30375 E aapt2   : No package ID 7f found for resource ID 0x7f0404ef.
07-29 00:01:48.496 30375 30375 E aapt2   : No package ID 7f found for resource ID 0x7f040199.
07-29 00:01:48.496 30375 30375 E aapt2   : No package ID 7f found for resource ID 0x7f04019a.
07-29 00:01:48.496 30375 30375 E aapt2   : No package ID 7f found for resource ID 0x7f04019b.
07-29 00:01:48.496 30375 30375 E aapt2   : No package ID 7f found for resource ID 0x7f04019c.
07-29 00:01:48.496 30375 30375 E aapt2   : No package ID 7f found for resource ID 0x7f04019d.
07-29 00:01:48.496 30375 30375 E aapt2   : No package ID 7f found for resource ID 0x7f04019e.
07-29 00:01:48.496 30375 30375 E aapt2   : No package ID 7f found for resource ID 0x7f04019f.
07-29 00:01:48.496 30375 30375 E aapt2   : No package ID 7f found for resource ID 0x7f0400a9.
07-29 00:01:48.496 30375 30375 E aapt2   : No package ID 7f found for resource ID 0x7f0401a4.
07-29 00:01:48.496 30375 30375 E aapt2   : No package ID 7f found for resource ID 0x7f040257.
07-29 00:01:48.496 30375 30375 E aapt2   : No package ID 7f found for resource ID 0x7f04044f.
07-29 00:01:48.497 30375 30375 E aapt2   : No package ID 7f found for resource ID 0x7f040450.
07-29 00:01:48.497 30375 30375 E aapt2   : No package ID 7f found for resource ID 0x7f04039f.
07-29 00:01:48.497 30375 30375 E aapt2   : No package ID 7f found for resource ID 0x7f0403dc.
07-29 00:01:48.497 30375 30375 E aapt2   : No package ID 7f found for resource ID 0x7f0402a8.
07-29 00:01:48.497 30375 30375 E aapt2   : No package ID 7f found for resource ID 0x7f0402a9.
07-29 00:01:48.497 30375 30375 E aapt2   : No package ID 7f found for resource ID 0x7f04032a.
07-29 00:01:48.497 30375 30375 E aapt2   : No package ID 7f found for resource ID 0x7f04032b.
07-29 00:01:48.497 30375 30375 E aapt2   : No package ID 7f found for resource ID 0x7f0405c3.
07-29 00:01:48.497 30375 30375 E aapt2   : No package ID 7f found for resource ID 0x7f0405c4.
07-29 00:01:48.497 30375 30375 E aapt2   : No package ID 7f found for resource ID 0x7f0405d1.
07-29 00:01:48.497 30375 30375 E aapt2   : No package ID 7f found for resource ID 0x7f0405c5.
07-29 00:01:48.497 30375 30375 E aapt2   : No package ID 7f found for resource ID 0x7f0405ca.
07-29 00:01:48.497 30375 30375 E aapt2   : No package ID 7f found for resource ID 0x7f0405cb.
07-29 00:01:48.497 30375 30375 E aapt2   : No package ID 7f found for resource ID 0x7f0405cc.
07-29 00:01:48.497 30375 30375 E aapt2   : No package ID 7f found for resource ID 0x7f0405d0.
07-29 00:01:48.497 30375 30375 E aapt2   : No package ID 7f found for resource ID 0x7f0403f5.
07-29 00:01:48.497 30375 30375 E aapt2   : No package ID 7f found for resource ID 0x7f0405d2.
07-29 00:01:48.497 30375 30375 E aapt2   : No package ID 7f found for resource ID 0x7f0405d3.
07-29 00:01:48.497 30375 30375 E aapt2   : No package ID 7f found for resource ID 0x7f0405d4.
07-29 00:01:48.497 30375 30375 E aapt2   : No package ID 7f found for resource ID 0x7f0405d8.
07-29 00:01:48.497 30375 30375 E aapt2   : No package ID 7f found for resource ID 0x7f0405d9.
07-29 00:01:48.497 30375 30375 E aapt2   : No package ID 7f found for resource ID 0x7f0405da.
07-29 00:01:48.497 30375 30375 E aapt2   : No package ID 7f found for resource ID 0x7f0405fb.
07-29 00:01:48.497 30375 30375 E aapt2   : No package ID 7f found for resource ID 0x7f0405fc.
07-29 00:01:48.497 30375 30375 E aapt2   : No package ID 7f found for resource ID 0x7f0405fd.
07-29 00:01:48.497 30375 30375 E aapt2   : No package ID 7f found for resource ID 0x7f040602.
07-29 00:01:48.497 30375 30375 E aapt2   : No package ID 7f found for resource ID 0x7f040603.
07-29 00:01:48.497 30375 30375 E aapt2   : No package ID 7f found for resource ID 0x7f040604.
07-29 00:01:48.497 30375 30375 E aapt2   : No package ID 7f found for resource ID 0x7f04050d.
07-29 00:01:48.497 30375 30375 E aapt2   : No package ID 7f found for resource ID 0x7f04050c.
07-29 00:01:48.497 30375 30375 E aapt2   : No package ID 7f found for resource ID 0x7f04050e.
07-29 00:01:48.497 30375 30375 E aapt2   : No package ID 7f found for resource ID 0x7f04020e.
07-29 00:01:48.497 30375 30375 E aapt2   : No package ID 7f found for resource ID 0x7f0403d0.
07-29 00:01:48.497 30375 30375 E aapt2   : No package ID 7f found for resource ID 0x7f04006f.
07-29 00:01:48.497 30375 30375 E aapt2   : No package ID 7f found for resource ID 0x7f04008d.
07-29 00:01:48.497 30375 30375 E aapt2   : No package ID 7f found for resource ID 0x7f040091.
07-29 00:01:48.497 30375 30375 E aapt2   : No package ID 7f found for resource ID 0x7f040026.
07-29 00:01:48.498 30375 30375 E aapt2   : No package ID 7f found for resource ID 0x7f040499.
07-29 00:01:48.498 30375 30375 E aapt2   : No package ID 7f found for resource ID 0x7f0404ad.
07-29 00:01:48.498 30375 30375 E aapt2   : No package ID 7f found for resource ID 0x7f0404db.
07-29 00:01:48.498 30375 30375 E aapt2   : No package ID 7f found for resource ID 0x7f0404da.
07-29 00:01:48.498 30375 30375 E aapt2   : No package ID 7f found for resource ID 0x7f04012e.
07-29 00:01:48.498 30375 30375 E aapt2   : No package ID 7f found for resource ID 0x7f040254.
07-29 00:01:48.498 30375 30375 E aapt2   : No package ID 7f found for resource ID 0x7f040255.
07-29 00:01:48.498 30375 30375 E aapt2   : No package ID 7f found for resource ID 0x7f04051e.
07-29 00:01:48.498 30375 30375 E aapt2   : No package ID 7f found for resource ID 0x7f04051c.
07-29 00:01:48.498 30375 30375 E aapt2   : No package ID 7f found for resource ID 0x7f04051a.
07-29 00:01:48.498 30375 30375 E aapt2   : No package ID 7f found for resource ID 0x7f04051b.
07-29 00:01:48.498 30375 30375 E aapt2   : No package ID 7f found for resource ID 0x7f040519.
07-29 00:01:48.498 30375 30375 E aapt2   : No package ID 7f found for resource ID 0x7f040518.
07-29 00:01:48.498 30375 30375 E aapt2   : No package ID 7f found for resource ID 0x7f040517.
07-29 00:01:48.498 30375 30375 E aapt2   : No package ID 7f found for resource ID 0x7f04057a.
07-29 00:01:48.498 30375 30375 E aapt2   : No package ID 7f found for resource ID 0x7f04006e.
07-29 00:01:48.498 30375 30375 E aapt2   : No package ID 7f found for resource ID 0x7f04051d.
07-29 00:01:48.498 30375 30375 E aapt2   : No package ID 7f found for resource ID 0x7f040516.
07-29 00:01:48.498 30375 30375 E aapt2   : No package ID 7f found for resource ID 0x7f040515.
07-29 00:01:48.498 30375 30375 E aapt2   : No package ID 7f found for resource ID 0x7f040484.
07-29 00:01:48.498 30375 30375 E aapt2   : No package ID 7f found for resource ID 0x7f040540.
07-29 00:01:48.498 30375 30375 E aapt2   : No package ID 7f found for resource ID 0x7f040253.
07-29 00:01:48.498 30375 30375 E aapt2   : No package ID 7f found for resource ID 0x7f04018e.
07-29 00:01:48.498 30375 30375 E aapt2   : No package ID 7f found for resource ID 0x7f0401d3.
07-29 00:01:48.498 30375 30375 E aapt2   : No package ID 7f found for resource ID 0x7f04037b.
07-29 00:01:48.498 30375 30375 E aapt2   : No package ID 7f found for resource ID 0x7f0405ce.
07-29 00:01:48.498 30375 30375 E aapt2   : No package ID 7f found for resource ID 0x7f0405cf.
07-29 00:01:48.498 30375 30375 E aapt2   : No package ID 7f found for resource ID 0x7f0405fa.
07-29 00:01:48.498 30375 30375 E aapt2   : No package ID 7f found for resource ID 0x7f040606.
07-29 00:01:48.498 30375 30375 E aapt2   : No package ID 7f found for resource ID 0x7f040607.
07-29 00:01:48.498 30375 30375 E aapt2   : No package ID 7f found for resource ID 0x7f0405cd.
07-29 00:01:48.498 30375 30375 E aapt2   : No package ID 7f found for resource ID 0x7f04055a.
07-29 00:01:48.498 30375 30375 E aapt2   : No package ID 7f found for resource ID 0x7f040555.
07-29 00:01:48.498 30375 30375 E aapt2   : No package ID 7f found for resource ID 0x7f040556.
07-29 00:01:48.498 30375 30375 E aapt2   : No package ID 7f found for resource ID 0x7f04051f.
07-29 00:01:48.499 30375 30375 E aapt2   : No package ID 7f found for resource ID 0x7f0404fd.
07-29 00:01:48.499 30375 30375 E aapt2   : No package ID 7f found for resource ID 0x7f04061b.
07-29 00:01:48.499 30375 30375 E aapt2   : No package ID 7f found for resource ID 0x7f040554.
07-29 00:01:48.499 30375 30375 E aapt2   : No package ID 7f found for resource ID 0x7f040553.
07-29 00:01:48.499 30375 30375 E aapt2   : No package ID 7f found for resource ID 0x7f04055c.
07-29 00:01:48.499 30375 30375 E aapt2   : No package ID 7f found for resource ID 0x7f04055b.
07-29 00:01:48.499 30375 30375 E aapt2   : No package ID 7f found for resource ID 0x7f0401e5.
07-29 00:01:48.499 30375 30375 E aapt2   : No package ID 7f found for resource ID 0x7f040565.
07-29 00:01:48.499 30375 30375 E aapt2   : No package ID 7f found for resource ID 0x7f040568.
07-29 00:01:48.499 30375 30375 E aapt2   : No package ID 7f found for resource ID 0x7f04055e.
07-29 00:01:48.499 30375 30375 E aapt2   : No package ID 7f found for resource ID 0x7f04055d.
07-29 00:01:48.499 30375 30375 E aapt2   : No package ID 7f found for resource ID 0x7f040562.
07-29 00:01:48.499 30375 30375 E aapt2   : No package ID 7f found for resource ID 0x7f040567.
07-29 00:01:48.499 30375 30375 E aapt2   : No package ID 7f found for resource ID 0x7f040563.
07-29 00:01:48.499 30375 30375 E aapt2   : No package ID 7f found for resource ID 0x7f040566.
07-29 00:01:48.499 30375 30375 E aapt2   : No package ID 7f found for resource ID 0x7f040564.
07-29 00:01:48.499 30375 30375 E aapt2   : No package ID 7f found for resource ID 0x7f04056c.
07-29 00:01:48.499 30375 30375 E aapt2   : No package ID 7f found for resource ID 0x7f04055f.
07-29 00:01:48.499 30375 30375 E aapt2   : No package ID 7f found for resource ID 0x7f040569.
07-29 00:01:48.499 30375 30375 E aapt2   : No package ID 7f found for resource ID 0x7f04056b.
07-29 00:01:48.499 30375 30375 E aapt2   : No package ID 7f found for resource ID 0x7f04056a.
07-29 00:01:48.499 30375 30375 E aapt2   : No package ID 7f found for resource ID 0x7f040577.
07-29 00:01:48.499 30375 30375 E aapt2   : No package ID 7f found for resource ID 0x7f040578.
07-29 00:01:48.499 30375 30375 E aapt2   : No package ID 7f found for resource ID 0x7f040575.
07-29 00:01:48.499 30375 30375 E aapt2   : No package ID 7f found for resource ID 0x7f040574.
07-29 00:01:48.499 30375 30375 E aapt2   : No package ID 7f found for resource ID 0x7f040570.
07-29 00:01:48.499 30375 30375 E aapt2   : No package ID 7f found for resource ID 0x7f040571.
07-29 00:01:48.499 30375 30375 E aapt2   : No package ID 7f found for resource ID 0x7f04056f.
07-29 00:01:48.499 30375 30375 E aapt2   : No package ID 7f found for resource ID 0x7f04056e.
07-29 00:01:48.499 30375 30375 E aapt2   : No package ID 7f found for resource ID 0x7f04056d.
07-29 00:01:48.499 30375 30375 E aapt2   : No package ID 7f found for resource ID 0x7f040560.
07-29 00:01:48.499 30375 30375 E aapt2   : No package ID 7f found for resource ID 0x7f040561.
07-29 00:01:48.499 30375 30375 E aapt2   : No package ID 7f found for resource ID 0x7f040572.
07-29 00:01:48.499 30375 30375 E aapt2   : No package ID 7f found for resource ID 0x7f040579.
07-29 00:01:48.499 30375 30375 E aapt2   : No package ID 7f found for resource ID 0x7f04028d.
07-29 00:01:48.500 30375 30375 E aapt2   : No package ID 7f found for resource ID 0x7f040580.
07-29 00:01:48.500 30375 30375 E aapt2   : No package ID 7f found for resource ID 0x7f0405b7.
07-29 00:01:48.500 30375 30375 E aapt2   : No package ID 7f found for resource ID 0x7f040297.
07-29 00:01:48.500 30375 30375 E aapt2   : No package ID 7f found for resource ID 0x7f0405ae.
07-29 00:01:48.500 30375 30375 E aapt2   : No package ID 7f found for resource ID 0x7f0405b9.
07-29 00:01:48.500 30375 30375 E aapt2   : No package ID 7f found for resource ID 0x7f0405b8.
07-29 00:01:48.500 30375 30375 E aapt2   : No package ID 7f found for resource ID 0x7f0400b4.
07-29 00:01:48.500 30375 30375 E aapt2   : No package ID 7f found for resource ID 0x7f0400b5.
07-29 00:01:48.500 30375 30375 E aapt2   : No package ID 7f found for resource ID 0x7f0405b2.
07-29 00:01:48.500 30375 30375 E aapt2   : No package ID 7f found for resource ID 0x7f0402b6.
07-29 00:01:48.500 30375 30375 E aapt2   : No package ID 7f found for resource ID 0x7f0402b5.
07-29 00:01:48.500 30375 30375 E aapt2   : No package ID 7f found for resource ID 0x7f0402b7.
07-29 00:01:48.500 30375 30375 E aapt2   : No package ID 7f found for resource ID 0x7f0402b8.
07-29 00:01:48.500 30375 30375 E aapt2   : No package ID 7f found for resource ID 0x7f040234.
07-29 00:01:48.500 30375 30375 E aapt2   : No package ID 7f found for resource ID 0x7f0402ac.
07-29 00:01:48.500 30375 30375 E aapt2   : No package ID 7f found for resource ID 0x7f0402ad.
07-29 00:01:48.500 30375 30375 E aapt2   : No package ID 7f found for resource ID 0x7f0402ae.
07-29 00:01:48.500 30375 30375 E aapt2   : No package ID 7f found for resource ID 0x7f0402af.
07-29 00:01:48.500 30375 30375 E aapt2   : No package ID 7f found for resource ID 0x7f04022a.
07-29 00:01:48.500 30375 30375 E aapt2   : No package ID 7f found for resource ID 0x7f04022f.
07-29 00:01:48.500 30375 30375 E aapt2   : No package ID 7f found for resource ID 0x7f040230.
07-29 00:01:48.500 30375 30375 E aapt2   : No package ID 7f found for resource ID 0x7f040229.
07-29 00:01:48.500 30375 30375 E aapt2   : No package ID 7f found for resource ID 0x7f040228.
07-29 00:01:48.500 30375 30375 E aapt2   : No package ID 7f found for resource ID 0x7f04022b.
07-29 00:01:48.500 30375 30375 E aapt2   : No package ID 7f found for resource ID 0x7f04022c.
07-29 00:01:48.500 30375 30375 E aapt2   : No package ID 7f found for resource ID 0x7f04022d.
07-29 00:01:48.500 30375 30375 E aapt2   : No package ID 7f found for resource ID 0x7f0401b8.
07-29 00:01:48.500 30375 30375 E aapt2   : No package ID 7f found for resource ID 0x7f0401b9.
07-29 00:01:48.500 30375 30375 E aapt2   : No package ID 7f found for resource ID 0x7f0401b0.
07-29 00:01:48.500 30375 30375 E aapt2   : No package ID 7f found for resource ID 0x7f0401b1.
07-29 00:01:48.500 30375 30375 E aapt2   : No package ID 7f found for resource ID 0x7f0401b4.
07-29 00:01:48.500 30375 30375 E aapt2   : No package ID 7f found for resource ID 0x7f0401b5.
07-29 00:01:48.500 30375 30375 E aapt2   : No package ID 7f found for resource ID 0x7f0401b2.
07-29 00:01:48.500 30375 30375 E aapt2   : No package ID 7f found for resource ID 0x7f0401b3.
07-29 00:01:48.500 30375 30375 E aapt2   : No package ID 7f found for resource ID 0x7f040485.
07-29 00:01:48.500 30375 30375 E aapt2   : No package ID 7f found for resource ID 0x7f040486.
07-29 00:01:48.500 30375 30375 E aapt2   : No package ID 7f found for resource ID 0x7f040487.
07-29 00:01:48.500 30375 30375 E aapt2   : No package ID 7f found for resource ID 0x7f0404a6.
07-29 00:01:48.500 30375 30375 E aapt2   : No package ID 7f found for resource ID 0x7f0404a7.
07-29 00:01:48.500 30375 30375 E aapt2   : No package ID 7f found for resource ID 0x7f0404a8.
07-29 00:01:48.500 30375 30375 E aapt2   : No package ID 7f found for resource ID 0x7f04054e.
07-29 00:01:48.500 30375 30375 E aapt2   : No package ID 7f found for resource ID 0x7f04054f.
07-29 00:01:48.500 30375 30375 E aapt2   : No package ID 7f found for resource ID 0x7f040550.
07-29 00:01:48.500 30375 30375 E aapt2   : No package ID 7f found for resource ID 0x7f04052f.
07-29 00:01:48.500 30375 30375 E aapt2   : No package ID 7f found for resource ID 0x7f04052e.
07-29 00:01:48.501 30375 30375 E aapt2   : No package ID 7f found for resource ID 0x7f04052d.
07-29 00:01:48.501 30375 30375 E aapt2   : No package ID 7f found for resource ID 0x7f040532.
07-29 00:01:48.501 30375 30375 E aapt2   : No package ID 7f found for resource ID 0x7f040533.
07-29 00:01:48.501 30375 30375 E aapt2   : No package ID 7f found for resource ID 0x7f040530.
07-29 00:01:48.501 30375 30375 E aapt2   : No package ID 7f found for resource ID 0x7f040531.
07-29 00:01:48.501 30375 30375 E aapt2   : No package ID 7f found for resource ID 0x7f04021d.
07-29 00:01:48.501 30375 30375 E aapt2   : No package ID 7f found for resource ID 0x7f04021b.
07-29 00:01:48.501 30375 30375 E aapt2   : No package ID 7f found for resource ID 0x7f04021a.
07-29 00:01:48.501 30375 30375 E aapt2   : No package ID 7f found for resource ID 0x7f040219.
07-29 00:01:48.501 30375 30375 E aapt2   : No package ID 7f found for resource ID 0x7f04021f.
07-29 00:01:48.501 30375 30375 E aapt2   : No package ID 7f found for resource ID 0x7f040220.
07-29 00:01:48.501 30375 30375 E aapt2   : No package ID 7f found for resource ID 0x7f04021c.
07-29 00:01:48.501 30375 30375 E aapt2   : No package ID 7f found for resource ID 0x7f04021e.
07-29 00:01:48.501 30375 30375 E aapt2   : No package ID 7f found for resource ID 0x7f0400cc.
07-29 00:01:48.501 30375 30375 E aapt2   : No package ID 7f found for resource ID 0x7f0400cd.
07-29 00:01:48.501 30375 30375 E aapt2   : No package ID 7f found for resource ID 0x7f0400d1.
07-29 00:01:48.501 30375 30375 E aapt2   : No package ID 7f found for resource ID 0x7f0400d0.
07-29 00:01:48.501 30375 30375 E aapt2   : No package ID 7f found for resource ID 0x7f0400cf.
07-29 00:01:48.501 30375 30375 E aapt2   : No package ID 7f found for resource ID 0x7f0400ce.
07-29 00:01:48.501 30375 30375 E aapt2   : No package ID 7f found for resource ID 0x7f0400d2.
07-29 00:01:48.501 30375 30375 E aapt2   : No package ID 7f found for resource ID 0x7f0400d3.
07-29 00:01:48.501 30375 30375 E aapt2   : No package ID 7f found for resource ID 0x7f0400cb.
07-29 00:01:48.501 30375 30375 E aapt2   : No package ID 7f found for resource ID 0x7f0400d4.
07-29 00:01:48.501 30375 30375 E aapt2   : No package ID 7f found for resource ID 0x7f0400d5.
07-29 00:01:48.501 30375 30375 E aapt2   : No package ID 7f found for resource ID 0x7f040478.
07-29 00:01:48.501 30375 30375 E aapt2   : No package ID 7f found for resource ID 0x7f040477.
07-29 00:01:48.501 30375 30375 E aapt2   : No package ID 7f found for resource ID 0x7f040476.
07-29 00:01:48.501 30375 30375 E aapt2   : No package ID 7f found for resource ID 0x7f040479.
07-29 00:01:48.501 30375 30375 E aapt2   : No package ID 7f found for resource ID 0x7f04047a.
07-29 00:01:48.501 30375 30375 E aapt2   : No package ID 7f found for resource ID 0x7f040221.
07-29 00:01:48.501 30375 30375 E aapt2   : No package ID 7f found for resource ID 0x7f040222.
07-29 00:01:48.501 30375 30375 E aapt2   : No package ID 7f found for resource ID 0x7f0405e9.
07-29 00:01:48.501 30375 30375 E aapt2   : No package ID 7f found for resource ID 0x7f04054b.
07-29 00:01:48.501 30375 30375 E aapt2   : No package ID 7f found for resource ID 0x7f0405de.
07-29 00:01:48.501 30375 30375 E aapt2   : No package ID 7f found for resource ID 0x7f040549.
07-29 00:01:48.502 30375 30375 E aapt2   : No package ID 7f found for resource ID 0x7f0405e2.
07-29 00:01:48.502 30375 30375 E aapt2   : No package ID 7f found for resource ID 0x7f0405e5.
07-29 00:01:48.502 30375 30375 E aapt2   : No package ID 7f found for resource ID 0x7f0405e4.
07-29 00:01:48.502 30375 30375 E aapt2   : No package ID 7f found for resource ID 0x7f0405e6.
07-29 00:01:48.502 30375 30375 E aapt2   : No package ID 7f found for resource ID 0x7f0405e3.
07-29 00:01:48.502 30375 30375 E aapt2   : No package ID 7f found for resource ID 0x7f0405e7.
07-29 00:01:48.502 30375 30375 E aapt2   : No package ID 7f found for resource ID 0x7f040197.
07-29 00:01:48.502 30375 30375 E aapt2   : No package ID 7f found for resource ID 0x7f040193.
07-29 00:01:48.502 30375 30375 E aapt2   : No package ID 7f found for resource ID 0x7f040195.
07-29 00:01:48.502 30375 30375 E aapt2   : No package ID 7f found for resource ID 0x7f040196.
07-29 00:01:48.502 30375 30375 E aapt2   : No package ID 7f found for resource ID 0x7f040198.
07-29 00:01:48.502 30375 30375 E aapt2   : No package ID 7f found for resource ID 0x7f040194.
07-29 00:01:48.502 30375 30375 E aapt2   : No package ID 7f found for resource ID 0x7f0403d3.
07-29 00:01:48.502 30375 30375 E aapt2   : No package ID 7f found for resource ID 0x7f0400dd.
07-29 00:01:48.502 30375 30375 E aapt2   : No package ID 7f found for resource ID 0x7f04013f.
07-29 00:01:48.502 30375 30375 E aapt2   : No package ID 7f found for resource ID 0x7f04013e.
07-29 00:01:48.502 30375 30375 E aapt2   : No package ID 7f found for resource ID 0x7f040499.
07-29 00:01:48.502 30375 30375 E aapt2   : No package ID 7f found for resource ID 0x7f040430.
07-29 00:01:48.502 30375 30375 E aapt2   : No package ID 7f found for resource ID 0x7f04042f.
07-29 00:01:48.502 30375 30375 E aapt2   : No package ID 7f found for resource ID 0x7f040396.
07-29 00:01:48.502 30375 30375 E aapt2   : No package ID 7f found for resource ID 0x7f040398.
07-29 00:01:48.502 30375 30375 E aapt2   : No package ID 7f found for resource ID 0x7f0405ea.
07-29 00:01:48.502 30375 30375 E aapt2   : No package ID 7f found for resource ID 0x7f04054c.
07-29 00:01:48.502 30375 30375 E aapt2   : No package ID 7f found for resource ID 0x7f0403e0.
07-29 00:01:48.502 30375 30375 E aapt2   : No package ID 7f found for resource ID 0x7f040090.
07-29 00:01:48.502 30375 30375 E aapt2   : No package ID 7f found for resource ID 0x7f0404f9.
07-29 00:01:48.502 30375 30375 E aapt2   : No package ID 7f found for resource ID 0x7f040608.
07-29 00:01:48.502 30375 30375 E aapt2   : No package ID 7f found for resource ID 0x7f04018b.
07-29 00:01:48.502 30375 30375 E aapt2   : No package ID 7f found for resource ID 0x7f04018a.
07-29 00:01:48.502 30375 30375 E aapt2   : No package ID 7f found for resource ID 0x7f04060d.
07-29 00:01:48.502 30375 30375 E aapt2   : No package ID 7f found for resource ID 0x7f040333.
07-29 00:01:48.502 30375 30375 E aapt2   : No package ID 7f found for resource ID 0x7f04047b.
07-29 00:01:48.502 30375 30375 E aapt2   : No package ID 7f found for resource ID 0x7f040084.
07-29 00:01:48.502 30375 30375 E aapt2   : No package ID 7f found for resource ID 0x7f040423.
07-29 00:01:48.502 30375 30375 E aapt2   : No package ID 7f found for resource ID 0x7f040208.
07-29 00:01:48.503 30375 30375 E aapt2   : No package ID 7f found for resource ID 0x7f040527.
07-29 00:01:48.503 30375 30375 E aapt2   : No package ID 7f found for resource ID 0x7f04060f.
07-29 00:01:48.503 30375 30375 E aapt2   : No package ID 7f found for resource ID 0x7f0404c5.
07-29 00:01:48.503 30375 30375 E aapt2   : No package ID 7f found for resource ID 0x7f0404c6.
07-29 00:01:48.503 30375 30375 E aapt2   : No package ID 7f found for resource ID 0x7f0404c3.
07-29 00:01:48.503 30375 30375 E aapt2   : No package ID 7f found for resource ID 0x7f0404c4.
07-29 00:01:48.503 30375 30375 E aapt2   : No package ID 7f found for resource ID 0x7f04018e.
07-29 00:01:48.503 30375 30375 E aapt2   : No package ID 7f found for resource ID 0x7f04046c.
07-29 00:01:48.503 30375 30375 E aapt2   : No package ID 7f found for resource ID 0x7f040469.
07-29 00:01:48.503 30375 30375 E aapt2   : No package ID 7f found for resource ID 0x7f0405c1.
07-29 00:01:48.503 30375 30375 E aapt2   : No package ID 7f found for resource ID 0x7f040091.
07-29 00:01:48.503 30375 30375 E aapt2   : No package ID 7f found for resource ID 0x7f040428.
07-29 00:01:48.503 30375 30375 E aapt2   : No package ID 7f found for resource ID 0x7f040622.
07-29 00:01:48.503 30375 30375 E aapt2   : No package ID 7f found for resource ID 0x7f040457.
07-29 00:01:48.503 30375 30375 E aapt2   : No package ID 7f found for resource ID 0x7f040616.
07-29 00:01:48.503 30375 30375 E aapt2   : No package ID 7f found for resource ID 0x7f040001.
07-29 00:01:48.503 30375 30375 E aapt2   : No package ID 7f found for resource ID 0x7f040000.
07-29 00:01:48.503 30375 30375 E aapt2   : No package ID 7f found for resource ID 0x7f0404e6.
07-29 00:01:48.503 30375 30375 E aapt2   : No package ID 7f found for resource ID 0x7f04012f.
07-29 00:01:48.503 30375 30375 E aapt2   : No package ID 7f found for resource ID 0x7f0402e4.
07-29 00:01:48.503 30375 30375 E aapt2   : No package ID 7f found for resource ID 0x7f0402e3.
07-29 00:01:48.503 30375 30375 E aapt2   : No package ID 7f found for resource ID 0x7f0404b2.
07-29 00:01:48.503 30375 30375 E aapt2   : No package ID 7f found for resource ID 0x7f040065.
07-29 00:01:48.503 30375 30375 E aapt2   : No package ID 7f found for resource ID 0x7f0400fd.
07-29 00:01:48.503 30375 30375 E aapt2   : No package ID 7f found for resource ID 0x7f0404dd.
07-29 00:01:48.503 30375 30375 E aapt2   : No package ID 7f found for resource ID 0x7f0404dc.
07-29 00:01:48.503 30375 30375 E aapt2   : No package ID 7f found for resource ID 0x7f040071.
07-29 00:01:48.503 30375 30375 E aapt2   : No package ID 7f found for resource ID 0x7f04013d.
07-29 00:01:48.503 30375 30375 E aapt2   : No package ID 7f found for resource ID 0x7f0401e4.
07-29 00:01:48.503 30375 30375 E aapt2   : No package ID 7f found for resource ID 0x7f0403d2.
07-29 00:01:48.503 30375 30375 E aapt2   : No package ID 7f found for resource ID 0x7f040189.

> Task :processNoQuickstepDebugResources
> Task :mergeExtDexNoQuickstepDebug
> Task :kspNoQuickstepDebugKotlin
e: [ksp] ModuleProcessingStep was unable to process 'com.android.launcher3.dagger.LauncherAppModule' because 'error.NonExistentClass' could not be resolved.

Dependency trace:
    => element (CLASS): com.android.launcher3.dagger.BootUnsafeModules
    => annotation type: dagger.Module
    => annotation: @dagger.Module(includes={com.android.launcher3.dagger.PluginManagerWrapperModule, com.android.launcher3.dagger.ProductionAppModule, com.android.launcher3.dagger.PerDisplayModule, com.android.launcher3.dagger.WidgetModule, com.android.launcher3.dagger.StatsLoggerModule, com.android.launcher3.dagger.OrganizerLauncherModule, <ERROR TYPE: LauncherWidgetPickerModule>}, subcomponents={})
    => annotation value (TYPE_ARRAY): includes={com.android.launcher3.dagger.PluginManagerWrapperModule, com.android.launcher3.dagger.ProductionAppModule, com.android.launcher3.dagger.PerDisplayModule, com.android.launcher3.dagger.WidgetModule, com.android.launcher3.dagger.StatsLoggerModule, com.android.launcher3.dagger.OrganizerLauncherModule, <ERROR TYPE: LauncherWidgetPickerModule>}
    => annotation value (TYPE): includes=<ERROR TYPE: LauncherWidgetPickerModule>
    => type (ERROR annotation value type): error.NonExistentClass

If type 'error.NonExistentClass' is a generated type, check above for compilation errors that may have prevented the type from being generated. Otherwise, ensure that type 'error.NonExistentClass' is on your classpath.
e: [ksp] ModuleProcessingStep was unable to process 'com.android.launcher3.dagger.BootUnsafeModules' because 'error.NonExistentClass' could not be resolved.

Dependency trace:
    => element (CLASS): com.android.launcher3.dagger.BootUnsafeModules
    => annotation type: dagger.Module
    => annotation: @dagger.Module(includes={com.android.launcher3.dagger.PluginManagerWrapperModule, com.android.launcher3.dagger.ProductionAppModule, com.android.launcher3.dagger.PerDisplayModule, com.android.launcher3.dagger.WidgetModule, com.android.launcher3.dagger.StatsLoggerModule, com.android.launcher3.dagger.OrganizerLauncherModule, <ERROR TYPE: LauncherWidgetPickerModule>}, subcomponents={})
    => annotation value (TYPE_ARRAY): includes={com.android.launcher3.dagger.PluginManagerWrapperModule, com.android.launcher3.dagger.ProductionAppModule, com.android.launcher3.dagger.PerDisplayModule, com.android.launcher3.dagger.WidgetModule, com.android.launcher3.dagger.StatsLoggerModule, com.android.launcher3.dagger.OrganizerLauncherModule, <ERROR TYPE: LauncherWidgetPickerModule>}
    => annotation value (TYPE): includes=<ERROR TYPE: LauncherWidgetPickerModule>
    => type (ERROR annotation value type): error.NonExistentClass

If type 'error.NonExistentClass' is a generated type, check above for compilation errors that may have prevented the type from being generated. Otherwise, ensure that type 'error.NonExistentClass' is on your classpath.
e: [ksp] ComponentProcessingStep was unable to process 'com.android.launcher3.dagger.LauncherAppComponent' because 'error.NonExistentClass' could not be resolved.

Dependency trace:
    => element (CLASS): com.android.launcher3.dagger.BootUnsafeModules
    => annotation type: dagger.Module
    => annotation: @dagger.Module(includes={com.android.launcher3.dagger.PluginManagerWrapperModule, com.android.launcher3.dagger.ProductionAppModule, com.android.launcher3.dagger.PerDisplayModule, com.android.launcher3.dagger.WidgetModule, com.android.launcher3.dagger.StatsLoggerModule, com.android.launcher3.dagger.OrganizerLauncherModule, <ERROR TYPE: LauncherWidgetPickerModule>}, subcomponents={})
    => annotation value (TYPE_ARRAY): includes={com.android.launcher3.dagger.PluginManagerWrapperModule, com.android.launcher3.dagger.ProductionAppModule, com.android.launcher3.dagger.PerDisplayModule, com.android.launcher3.dagger.WidgetModule, com.android.launcher3.dagger.StatsLoggerModule, com.android.launcher3.dagger.OrganizerLauncherModule, <ERROR TYPE: LauncherWidgetPickerModule>}
    => annotation value (TYPE): includes=<ERROR TYPE: LauncherWidgetPickerModule>
    => type (ERROR annotation value type): error.NonExistentClass

If type 'error.NonExistentClass' is a generated type, check above for compilation errors that may have prevented the type from being generated. Otherwise, ensure that type 'error.NonExistentClass' is on your classpath.
e: Error occurred in KSP, check log for detail

> Task :kspNoQuickstepDebugKotlin FAILED

[Incubating] Problems report is available at: file:///data/data/com.termux/files/home/Launcher3/build/reports/problems/problems-report.html

FAILURE: Build failed with an exception.

* What went wrong:
Execution failed for task ':kspNoQuickstepDebugKotlin' (registered by plugin 'org.jetbrains.kotlin.android').
> A failure occurred while executing org.jetbrains.kotlin.compilerRunner.GradleCompilerRunnerWithWorkers$GradleKotlinCompilerWorkAction
   > Compilation error. See log for more details

* Try:
> Run with --info or --debug option to get more log output.
> Run with --scan to get full insights from a Build Scan (powered by Develocity).
> Get more help at https://help.gradle.org.

* Exception is:
org.gradle.api.tasks.TaskExecutionException: Execution failed for task ':kspNoQuickstepDebugKotlin' (registered by plugin 'org.jetbrains.kotlin.android').
	at org.gradle.api.internal.tasks.execution.ExecuteActionsTaskExecuter.lambda$executeIfValid$1(ExecuteActionsTaskExecuter.java:135)
	at org.gradle.internal.Try$Failure.ifSuccessfulOrElse(Try.java:288)
	at org.gradle.api.internal.tasks.execution.ExecuteActionsTaskExecuter.executeIfValid(ExecuteActionsTaskExecuter.java:133)
	at org.gradle.api.internal.tasks.execution.ExecuteActionsTaskExecuter.execute(ExecuteActionsTaskExecuter.java:121)
	at org.gradle.api.internal.tasks.execution.ProblemsTaskPathTrackingTaskExecuter.execute(ProblemsTaskPathTrackingTaskExecuter.java:41)
	at org.gradle.api.internal.tasks.execution.ResolveTaskExecutionModeExecuter.execute(ResolveTaskExecutionModeExecuter.java:51)
	at org.gradle.api.internal.tasks.execution.FinalizePropertiesTaskExecuter.execute(FinalizePropertiesTaskExecuter.java:46)
	at org.gradle.api.internal.tasks.execution.SkipTaskWithNoActionsExecuter.execute(SkipTaskWithNoActionsExecuter.java:57)
	at org.gradle.api.internal.tasks.execution.SkipOnlyIfTaskExecuter.execute(SkipOnlyIfTaskExecuter.java:74)
	at org.gradle.api.internal.tasks.execution.CatchExceptionTaskExecuter.execute(CatchExceptionTaskExecuter.java:36)
	at org.gradle.api.internal.tasks.execution.EventFiringTaskExecuter$1.executeTask(EventFiringTaskExecuter.java:77)
	at org.gradle.api.internal.tasks.execution.EventFiringTaskExecuter$1.call(EventFiringTaskExecuter.java:55)
	at org.gradle.api.internal.tasks.execution.EventFiringTaskExecuter$1.call(EventFiringTaskExecuter.java:52)
	at org.gradle.internal.operations.DefaultBuildOperationRunner$CallableBuildOperationWorker.execute(DefaultBuildOperationRunner.java:210)
	at org.gradle.internal.operations.DefaultBuildOperationRunner$CallableBuildOperationWorker.execute(DefaultBuildOperationRunner.java:205)
	at org.gradle.internal.operations.DefaultBuildOperationRunner$2.execute(DefaultBuildOperationRunner.java:67)
	at org.gradle.internal.operations.DefaultBuildOperationRunner$2.execute(DefaultBuildOperationRunner.java:60)
	at org.gradle.internal.operations.DefaultBuildOperationRunner.execute(DefaultBuildOperationRunner.java:167)
	at org.gradle.internal.operations.DefaultBuildOperationRunner.execute(DefaultBuildOperationRunner.java:60)
	at org.gradle.internal.operations.DefaultBuildOperationRunner.call(DefaultBuildOperationRunner.java:54)
	at org.gradle.api.internal.tasks.execution.EventFiringTaskExecuter.execute(EventFiringTaskExecuter.java:52)
	at org.gradle.execution.plan.DefaultNodeExecutor.executeLocalTaskNode(DefaultNodeExecutor.java:55)
	at org.gradle.execution.plan.DefaultNodeExecutor.execute(DefaultNodeExecutor.java:34)
	at org.gradle.execution.taskgraph.DefaultTaskExecutionGraph$InvokeNodeExecutorsAction.execute(DefaultTaskExecutionGraph.java:355)
	at org.gradle.execution.taskgraph.DefaultTaskExecutionGraph$InvokeNodeExecutorsAction.execute(DefaultTaskExecutionGraph.java:343)
	at org.gradle.execution.taskgraph.DefaultTaskExecutionGraph$BuildOperationAwareExecutionAction.lambda$execute$0(DefaultTaskExecutionGraph.java:339)
	at org.gradle.internal.operations.CurrentBuildOperationRef.with(CurrentBuildOperationRef.java:84)
	at org.gradle.execution.taskgraph.DefaultTaskExecutionGraph$BuildOperationAwareExecutionAction.execute(DefaultTaskExecutionGraph.java:339)
	at org.gradle.execution.taskgraph.DefaultTaskExecutionGraph$BuildOperationAwareExecutionAction.execute(DefaultTaskExecutionGraph.java:328)
	at org.gradle.execution.plan.DefaultPlanExecutor$ExecutorWorker.execute(DefaultPlanExecutor.java:459)
	at org.gradle.execution.plan.DefaultPlanExecutor$ExecutorWorker.run(DefaultPlanExecutor.java:376)
	at org.gradle.internal.concurrent.ExecutorPolicy$CatchAndRecordFailures.onExecute(ExecutorPolicy.java:64)
	at org.gradle.internal.concurrent.AbstractManagedExecutor$1.run(AbstractManagedExecutor.java:47)
Caused by: org.gradle.workers.internal.DefaultWorkerExecutor$WorkExecutionException: A failure occurred while executing org.jetbrains.kotlin.compilerRunner.GradleCompilerRunnerWithWorkers$GradleKotlinCompilerWorkAction
	at org.gradle.workers.internal.DefaultWorkerExecutor$WorkItemExecution.waitForCompletion(DefaultWorkerExecutor.java:278)
	at org.gradle.internal.work.DefaultAsyncWorkTracker.lambda$waitForItemsAndGatherFailures$2(DefaultAsyncWorkTracker.java:132)
	at org.gradle.internal.Factories$1.create(Factories.java:30)
	at org.gradle.internal.work.DefaultWorkerLeaseService.lambda$withoutLocksBlocking$3(DefaultWorkerLeaseService.java:410)
	at org.gradle.internal.work.ResourceLockStatistics$1.measure(ResourceLockStatistics.java:43)
	at org.gradle.internal.work.DefaultWorkerLeaseService.withoutLocksBlocking(DefaultWorkerLeaseService.java:405)
	at org.gradle.internal.work.DefaultWorkerLeaseService.blocking(DefaultWorkerLeaseService.java:255)
	at org.gradle.internal.work.DefaultWorkerLeaseService.blocking(DefaultWorkerLeaseService.java:237)
	at org.gradle.internal.work.DefaultAsyncWorkTracker.lambda$waitForItemsAndGatherFailures$3(DefaultAsyncWorkTracker.java:128)
	at org.gradle.internal.Factories$1.create(Factories.java:30)
	at org.gradle.internal.resources.AbstractResourceLockRegistry.whileDisallowingLockChanges(AbstractResourceLockRegistry.java:50)
	at org.gradle.internal.work.DefaultWorkerLeaseService.whileDisallowingProjectLockChanges(DefaultWorkerLeaseService.java:260)
	at org.gradle.internal.work.DefaultAsyncWorkTracker.waitForItemsAndGatherFailures(DefaultAsyncWorkTracker.java:127)
	at org.gradle.internal.work.DefaultAsyncWorkTracker.waitForItemsAndGatherFailures(DefaultAsyncWorkTracker.java:93)
	at org.gradle.internal.work.DefaultAsyncWorkTracker.waitForAll(DefaultAsyncWorkTracker.java:79)
	at org.gradle.internal.work.DefaultAsyncWorkTracker.waitForCompletion(DefaultAsyncWorkTracker.java:67)
	at org.gradle.api.internal.tasks.execution.TaskExecution$3.run(TaskExecution.java:267)
	at org.gradle.internal.operations.DefaultBuildOperationRunner$1.execute(DefaultBuildOperationRunner.java:30)
	at org.gradle.internal.operations.DefaultBuildOperationRunner$1.execute(DefaultBuildOperationRunner.java:27)
	at org.gradle.internal.operations.DefaultBuildOperationRunner$2.execute(DefaultBuildOperationRunner.java:67)
	at org.gradle.internal.operations.DefaultBuildOperationRunner$2.execute(DefaultBuildOperationRunner.java:60)
	at org.gradle.internal.operations.DefaultBuildOperationRunner.execute(DefaultBuildOperationRunner.java:167)
	at org.gradle.internal.operations.DefaultBuildOperationRunner.execute(DefaultBuildOperationRunner.java:60)
	at org.gradle.internal.operations.DefaultBuildOperationRunner.run(DefaultBuildOperationRunner.java:48)
	at org.gradle.api.internal.tasks.execution.TaskExecution.executeAction(TaskExecution.java:244)
	at org.gradle.api.internal.tasks.execution.TaskExecution.executeActions(TaskExecution.java:227)
	at org.gradle.api.internal.tasks.execution.TaskExecution.executeWithPreviousOutputFiles(TaskExecution.java:210)
	at org.gradle.api.internal.tasks.execution.TaskExecution.execute(TaskExecution.java:176)
	at org.gradle.internal.execution.steps.ExecuteStep.executeInternal(ExecuteStep.java:167)
	at org.gradle.internal.execution.steps.ExecuteStep.access$000(ExecuteStep.java:47)
	at org.gradle.internal.execution.steps.ExecuteStep$1.call(ExecuteStep.java:137)
	at org.gradle.internal.execution.steps.ExecuteStep$1.call(ExecuteStep.java:134)
	at org.gradle.internal.operations.DefaultBuildOperationRunner$CallableBuildOperationWorker.execute(DefaultBuildOperationRunner.java:210)
	at org.gradle.internal.operations.DefaultBuildOperationRunner$CallableBuildOperationWorker.execute(DefaultBuildOperationRunner.java:205)
	at org.gradle.internal.operations.DefaultBuildOperationRunner$2.execute(DefaultBuildOperationRunner.java:67)
	at org.gradle.internal.operations.DefaultBuildOperationRunner$2.execute(DefaultBuildOperationRunner.java:60)
	at org.gradle.internal.operations.DefaultBuildOperationRunner.execute(DefaultBuildOperationRunner.java:167)
	at org.gradle.internal.operations.DefaultBuildOperationRunner.execute(DefaultBuildOperationRunner.java:60)
	at org.gradle.internal.operations.DefaultBuildOperationRunner.call(DefaultBuildOperationRunner.java:54)
	at org.gradle.internal.execution.steps.ExecuteStep.execute(ExecuteStep.java:134)
	at org.gradle.internal.execution.steps.ExecuteStep$Mutable.execute(ExecuteStep.java:80)
	at org.gradle.internal.execution.steps.CancelExecutionStep.execute(CancelExecutionStep.java:42)
	at org.gradle.internal.execution.steps.TimeoutStep.executeWithoutTimeout(TimeoutStep.java:75)
	at org.gradle.internal.execution.steps.TimeoutStep.execute(TimeoutStep.java:55)
	at org.gradle.internal.execution.steps.PreCreateOutputParentsStep.execute(PreCreateOutputParentsStep.java:51)
	at org.gradle.internal.execution.steps.PreCreateOutputParentsStep.execute(PreCreateOutputParentsStep.java:29)
	at org.gradle.internal.execution.steps.RemovePreviousOutputsStep.executeMutable(RemovePreviousOutputsStep.java:67)
	at org.gradle.internal.execution.steps.RemovePreviousOutputsStep.executeMutable(RemovePreviousOutputsStep.java:39)
	at org.gradle.internal.execution.steps.MutableStep.execute(MutableStep.java:26)
	at org.gradle.internal.execution.steps.BroadcastChangingOutputsStep.execute(BroadcastChangingOutputsStep.java:42)
	at org.gradle.internal.execution.steps.BroadcastChangingOutputsStep.execute(BroadcastChangingOutputsStep.java:24)
	at org.gradle.internal.execution.steps.CaptureOutputsAfterExecutionStep.execute(CaptureOutputsAfterExecutionStep.java:69)
	at org.gradle.internal.execution.steps.CaptureOutputsAfterExecutionStep.execute(CaptureOutputsAfterExecutionStep.java:46)
	at org.gradle.internal.execution.steps.ResolveInputChangesStep.executeMutable(ResolveInputChangesStep.java:39)
	at org.gradle.internal.execution.steps.ResolveInputChangesStep.executeMutable(ResolveInputChangesStep.java:28)
	at org.gradle.internal.execution.steps.MutableStep.execute(MutableStep.java:26)
	at org.gradle.internal.execution.steps.BuildCacheStep.executeWithoutCache(BuildCacheStep.java:189)
	at org.gradle.internal.execution.steps.BuildCacheStep.lambda$execute$1(BuildCacheStep.java:76)
	at org.gradle.internal.Either$Right.fold(Either.java:176)
	at org.gradle.internal.execution.caching.CachingState.fold(CachingState.java:62)
	at org.gradle.internal.execution.steps.BuildCacheStep.execute(BuildCacheStep.java:74)
	at org.gradle.internal.execution.steps.BuildCacheStep.execute(BuildCacheStep.java:49)
	at org.gradle.internal.execution.steps.StoreExecutionStateStep.executeMutable(StoreExecutionStateStep.java:46)
	at org.gradle.internal.execution.steps.StoreExecutionStateStep.executeMutable(StoreExecutionStateStep.java:35)
	at org.gradle.internal.execution.steps.MutableStep.execute(MutableStep.java:26)
	at org.gradle.internal.execution.steps.SkipUpToDateStep.executeBecause(SkipUpToDateStep.java:75)
	at org.gradle.internal.execution.steps.SkipUpToDateStep.lambda$execute$2(SkipUpToDateStep.java:53)
	at org.gradle.internal.execution.steps.SkipUpToDateStep.execute(SkipUpToDateStep.java:53)
	at org.gradle.internal.execution.steps.SkipUpToDateStep.execute(SkipUpToDateStep.java:35)
	at org.gradle.internal.execution.steps.legacy.MarkSnapshottingInputsFinishedStep.execute(MarkSnapshottingInputsFinishedStep.java:37)
	at org.gradle.internal.execution.steps.legacy.MarkSnapshottingInputsFinishedStep.execute(MarkSnapshottingInputsFinishedStep.java:27)
	at org.gradle.internal.execution.steps.ResolveMutableCachingStateStep.executeDelegate(ResolveMutableCachingStateStep.java:70)
	at org.gradle.internal.execution.steps.ResolveMutableCachingStateStep.executeDelegate(ResolveMutableCachingStateStep.java:32)
	at org.gradle.internal.execution.steps.AbstractResolveCachingStateStep.execute(AbstractResolveCachingStateStep.java:69)
	at org.gradle.internal.execution.steps.AbstractResolveCachingStateStep.execute(AbstractResolveCachingStateStep.java:37)
	at org.gradle.internal.execution.steps.ResolveChangesStep.executeMutable(ResolveChangesStep.java:63)
	at org.gradle.internal.execution.steps.ResolveChangesStep.executeMutable(ResolveChangesStep.java:34)
	at org.gradle.internal.execution.steps.MutableStep.execute(MutableStep.java:26)
	at org.gradle.internal.execution.steps.ValidateStep$Mutable.executeDelegate(ValidateStep.java:79)
	at org.gradle.internal.execution.steps.ValidateStep$Mutable.executeDelegate(ValidateStep.java:65)
	at org.gradle.internal.execution.steps.ValidateStep.execute(ValidateStep.java:105)
	at org.gradle.internal.execution.steps.ValidateStep$Mutable.execute(ValidateStep.java:65)
	at org.gradle.internal.execution.steps.CaptureMutableStateBeforeExecutionStep.executeMutable(CaptureMutableStateBeforeExecutionStep.java:86)
	at org.gradle.internal.execution.steps.CaptureMutableStateBeforeExecutionStep.execute(CaptureMutableStateBeforeExecutionStep.java:65)
	at org.gradle.internal.execution.steps.CaptureMutableStateBeforeExecutionStep.execute(CaptureMutableStateBeforeExecutionStep.java:45)
	at org.gradle.internal.execution.steps.SkipEmptyMutableWorkStep.executeWithNonEmptySources(SkipEmptyMutableWorkStep.java:210)
	at org.gradle.internal.execution.steps.SkipEmptyMutableWorkStep.executeMutable(SkipEmptyMutableWorkStep.java:90)
	at org.gradle.internal.execution.steps.SkipEmptyMutableWorkStep.executeMutable(SkipEmptyMutableWorkStep.java:53)
	at org.gradle.internal.execution.steps.MutableStep.execute(MutableStep.java:26)
	at org.gradle.internal.execution.steps.legacy.MarkSnapshottingInputsStartedStep.execute(MarkSnapshottingInputsStartedStep.java:38)
	at org.gradle.internal.execution.steps.LoadPreviousExecutionStateStep.executeMutable(LoadPreviousExecutionStateStep.java:36)
	at org.gradle.internal.execution.steps.LoadPreviousExecutionStateStep.executeMutable(LoadPreviousExecutionStateStep.java:23)
	at org.gradle.internal.execution.steps.MutableStep.execute(MutableStep.java:26)
	at org.gradle.internal.execution.steps.HandleStaleOutputsStep.executeMutable(HandleStaleOutputsStep.java:77)
	at org.gradle.internal.execution.steps.HandleStaleOutputsStep.executeMutable(HandleStaleOutputsStep.java:43)
	at org.gradle.internal.execution.steps.MutableStep.execute(MutableStep.java:26)
	at org.gradle.internal.execution.steps.AssignMutableWorkspaceStep.lambda$executeMutable$0(AssignMutableWorkspaceStep.java:34)
	at org.gradle.api.internal.tasks.execution.TaskExecution$4.withWorkspace(TaskExecution.java:305)
	at org.gradle.internal.execution.steps.AssignMutableWorkspaceStep.executeMutable(AssignMutableWorkspaceStep.java:30)
	at org.gradle.internal.execution.steps.AssignMutableWorkspaceStep.executeMutable(AssignMutableWorkspaceStep.java:21)
	at org.gradle.internal.execution.steps.MutableStep.execute(MutableStep.java:26)
	at org.gradle.internal.execution.steps.ChoosePipelineStep.execute(ChoosePipelineStep.java:40)
	at org.gradle.internal.execution.steps.ChoosePipelineStep.execute(ChoosePipelineStep.java:23)
	at org.gradle.internal.execution.steps.ExecuteWorkBuildOperationFiringStep.lambda$execute$2(ExecuteWorkBuildOperationFiringStep.java:67)
	at org.gradle.internal.execution.steps.ExecuteWorkBuildOperationFiringStep.execute(ExecuteWorkBuildOperationFiringStep.java:67)
	at org.gradle.internal.execution.steps.ExecuteWorkBuildOperationFiringStep.execute(ExecuteWorkBuildOperationFiringStep.java:39)
	at org.gradle.internal.execution.steps.IdentityCacheStep.execute(IdentityCacheStep.java:46)
	at org.gradle.internal.execution.steps.IdentityCacheStep.execute(IdentityCacheStep.java:34)
	at org.gradle.internal.execution.steps.IdentifyStep.execute(IdentifyStep.java:56)
	at org.gradle.internal.execution.steps.IdentifyStep.execute(IdentifyStep.java:38)
	at org.gradle.internal.execution.impl.DefaultExecutionEngine$1.execute(DefaultExecutionEngine.java:68)
	at org.gradle.api.internal.tasks.execution.ExecuteActionsTaskExecuter.executeIfValid(ExecuteActionsTaskExecuter.java:132)
	... 30 more
Caused by: org.jetbrains.kotlin.gradle.tasks.CompilationErrorException: Compilation error. See log for more details
	at org.jetbrains.kotlin.gradle.tasks.TasksUtilsKt.throwExceptionIfCompilationFailed(tasksUtils.kt:21)
	at org.jetbrains.kotlin.compilerRunner.GradleKotlinCompilerWork.run(GradleKotlinCompilerWork.kt:119)
	at org.jetbrains.kotlin.compilerRunner.GradleCompilerRunnerWithWorkers$GradleKotlinCompilerWorkAction.execute(GradleCompilerRunnerWithWorkers.kt:76)
	at org.gradle.workers.internal.DefaultWorkerServer.execute(DefaultWorkerServer.java:68)
	at org.gradle.workers.internal.NoIsolationWorkerFactory$1$1.create(NoIsolationWorkerFactory.java:64)
	at org.gradle.workers.internal.NoIsolationWorkerFactory$1$1.create(NoIsolationWorkerFactory.java:61)
	at org.gradle.internal.classloader.ClassLoaderUtils.executeInClassloader(ClassLoaderUtils.java:102)
	at org.gradle.workers.internal.NoIsolationWorkerFactory$1.lambda$execute$0(NoIsolationWorkerFactory.java:61)
	at org.gradle.workers.internal.AbstractWorker$1.call(AbstractWorker.java:44)
	at org.gradle.workers.internal.AbstractWorker$1.call(AbstractWorker.java:41)
	at org.gradle.internal.operations.DefaultBuildOperationRunner$CallableBuildOperationWorker.execute(DefaultBuildOperationRunner.java:210)
	at org.gradle.internal.operations.DefaultBuildOperationRunner$CallableBuildOperationWorker.execute(DefaultBuildOperationRunner.java:205)
	at org.gradle.internal.operations.DefaultBuildOperationRunner$2.execute(DefaultBuildOperationRunner.java:67)
	at org.gradle.internal.operations.DefaultBuildOperationRunner$2.execute(DefaultBuildOperationRunner.java:60)
	at org.gradle.internal.operations.DefaultBuildOperationRunner.execute(DefaultBuildOperationRunner.java:167)
	at org.gradle.internal.operations.DefaultBuildOperationRunner.execute(DefaultBuildOperationRunner.java:60)
	at org.gradle.internal.operations.DefaultBuildOperationRunner.call(DefaultBuildOperationRunner.java:54)
	at org.gradle.workers.internal.AbstractWorker.executeWrappedInBuildOperation(AbstractWorker.java:41)
	at org.gradle.workers.internal.NoIsolationWorkerFactory$1.execute(NoIsolationWorkerFactory.java:58)
	at org.gradle.workers.internal.DefaultWorkerExecutor.lambda$submitWork$0(DefaultWorkerExecutor.java:174)
	at org.gradle.internal.work.DefaultConditionalExecutionQueue$ExecutionRunner.runExecution(DefaultConditionalExecutionQueue.java:191)
	at org.gradle.internal.work.DefaultConditionalExecutionQueue$ExecutionRunner.access$500(DefaultConditionalExecutionQueue.java:112)
	at org.gradle.internal.work.DefaultConditionalExecutionQueue$ExecutionRunner$1.run(DefaultConditionalExecutionQueue.java:168)
	at org.gradle.internal.Factories$1.create(Factories.java:30)
	at org.gradle.internal.work.DefaultWorkerLeaseService.lambda$runAndReleaseLocks$0(DefaultWorkerLeaseService.java:300)
	at org.gradle.internal.work.ResourceLockStatistics$1.measure(ResourceLockStatistics.java:43)
	at org.gradle.internal.work.DefaultWorkerLeaseService.runAndReleaseLocks(DefaultWorkerLeaseService.java:298)
	at org.gradle.internal.work.DefaultWorkerLeaseService.withLocksAcquired(DefaultWorkerLeaseService.java:294)
	at org.gradle.internal.work.DefaultWorkerLeaseService.withLocks(DefaultWorkerLeaseService.java:286)
	at org.gradle.internal.work.DefaultWorkerLeaseService.runAsWorkerThread(DefaultWorkerLeaseService.java:130)
	at org.gradle.internal.work.DefaultWorkerLeaseService.runAsWorkerThread(DefaultWorkerLeaseService.java:135)
	at org.gradle.internal.work.DefaultConditionalExecutionQueue$ExecutionRunner.runBatch(DefaultConditionalExecutionQueue.java:163)
	at org.gradle.internal.work.DefaultConditionalExecutionQueue$ExecutionRunner.run(DefaultConditionalExecutionQueue.java:125)
	... 2 more


Deprecated Gradle features were used in this build, making it incompatible with Gradle 10.

You can use '--warning-mode all' to show the individual deprecation warnings and determine if they come from your own scripts or plugins.

For more on this, please refer to https://docs.gradle.org/9.6.1/userguide/command_line_interface.html#sec:command_line_warnings in the Gradle documentation.

BUILD FAILED in 2m 16s
35 actionable tasks: 35 executed
