Starting a Gradle Daemon, 6 stopped Daemons could not be reused, use --status for details
Warning: Unable to set daemon's environment variables to match the client because: 
  There is no native integration with this operating environment.
  If the daemon was started with a significantly different environment from the client, and your build 
  relies on environment variables, you may experience unexpected behavior.

> Configure project :
WARNING: The option setting 'android.aapt2FromMavenOverride=/data/data/com.termux/files/usr/bin/aapt2' is experimental.

> Task :checkKotlinGradlePluginConfigurationErrors SKIPPED
> Task :preBuild UP-TO-DATE
> Task :preNoQuickstepDebugBuild UP-TO-DATE
> Task :checkNoQuickstepDebugAarMetadata UP-TO-DATE
> Task :generateNoQuickstepDebugResValues UP-TO-DATE
> Task :mapNoQuickstepDebugSourceSetPaths
> Task :generateNoQuickstepDebugResources
> Task :packageNoQuickstepDebugResources
> Task :parseNoQuickstepDebugLocalResources
> Task :createNoQuickstepDebugCompatibleScreenManifests UP-TO-DATE
> Task :extractDeepLinksNoQuickstepDebug UP-TO-DATE
> Task :mergeNoQuickstepDebugResources
> Task :processNoQuickstepDebugMainManifest UP-TO-DATE
> Task :processNoQuickstepDebugManifest UP-TO-DATE
> Task :processNoQuickstepDebugManifestForPackage UP-TO-DATE
warn: removing resource com.android.launcher3:string/allow_rotation_title without required default value.
warn: removing resource com.android.launcher3:string/folder_name_format_exact without required default value.
warn: removing resource com.android.launcher3:string/folder_name_format_overflow without required default value.
warn: removing resource com.android.launcher3:string/item_added_to_workspace without required default value.
warn: removing resource com.android.launcher3:string/widgets_full_sheet_cancel_button_description without required default value.
warn: removing resource com.android.launcher3:string/widgets_full_sheet_search_bar_hint without required default value.
warn: removing resource com.android.launcher3:string/work_profile_edu_accept without required default value.
07-25 21:23:40.358  7489  7489 E aapt2   : No package ID 7f found for resource ID 0x7f04042b.
07-25 21:23:40.358  7489  7489 E aapt2   : No package ID 7f found for resource ID 0x7f0401e7.
07-25 21:23:40.358  7489  7489 E aapt2   : No package ID 7f found for resource ID 0x7f0405e2.
07-25 21:23:40.358  7489  7489 E aapt2   : No package ID 7f found for resource ID 0x7f040543.
07-25 21:23:40.359  7489  7489 E aapt2   : No package ID 7f found for resource ID 0x7f0402c7.
07-25 21:23:40.359  7489  7489 E aapt2   : No package ID 7f found for resource ID 0x7f0401e8.
07-25 21:23:40.359  7489  7489 E aapt2   : No package ID 7f found for resource ID 0x7f040087.
07-25 21:23:40.359  7489  7489 E aapt2   : No package ID 7f found for resource ID 0x7f04008f.
07-25 21:23:40.359  7489  7489 E aapt2   : No package ID 7f found for resource ID 0x7f04008e.
07-25 21:23:40.359  7489  7489 E aapt2   : No package ID 7f found for resource ID 0x7f0401c2.
07-25 21:23:40.359  7489  7489 E aapt2   : No package ID 7f found for resource ID 0x7f0402a5.
07-25 21:23:40.359  7489  7489 E aapt2   : No package ID 7f found for resource ID 0x7f0402b4.
07-25 21:23:40.359  7489  7489 E aapt2   : No package ID 7f found for resource ID 0x7f0404aa.
07-25 21:23:40.359  7489  7489 E aapt2   : No package ID 7f found for resource ID 0x7f0402e5.
07-25 21:23:40.359  7489  7489 E aapt2   : No package ID 7f found for resource ID 0x7f0404a9.
07-25 21:23:40.359  7489  7489 E aapt2   : No package ID 7f found for resource ID 0x7f0402b3.
07-25 21:23:40.359  7489  7489 E aapt2   : No package ID 7f found for resource ID 0x7f040306.
07-25 21:23:40.359  7489  7489 E aapt2   : No package ID 7f found for resource ID 0x7f0402ad.
07-25 21:23:40.359  7489  7489 E aapt2   : No package ID 7f found for resource ID 0x7f04020c.
07-25 21:23:40.359  7489  7489 E aapt2   : No package ID 7f found for resource ID 0x7f04013c.
07-25 21:23:40.359  7489  7489 E aapt2   : No package ID 7f found for resource ID 0x7f0402ec.
07-25 21:23:40.359  7489  7489 E aapt2   : No package ID 7f found for resource ID 0x7f04022d.
07-25 21:23:40.359  7489  7489 E aapt2   : No package ID 7f found for resource ID 0x7f04002b.
07-25 21:23:40.359  7489  7489 E aapt2   : No package ID 7f found for resource ID 0x7f040029.
07-25 21:23:40.359  7489  7489 E aapt2   : No package ID 7f found for resource ID 0x7f040003.
07-25 21:23:40.359  7489  7489 E aapt2   : No package ID 7f found for resource ID 0x7f0401c7.
07-25 21:23:40.359  7489  7489 E aapt2   : No package ID 7f found for resource ID 0x7f0401c8.
07-25 21:23:40.359  7489  7489 E aapt2   : No package ID 7f found for resource ID 0x7f040572.
07-25 21:23:40.359  7489  7489 E aapt2   : No package ID 7f found for resource ID 0x7f040067.
07-25 21:23:40.359  7489  7489 E aapt2   : No package ID 7f found for resource ID 0x7f040570.
07-25 21:23:40.359  7489  7489 E aapt2   : No package ID 7f found for resource ID 0x7f0400e2.
07-25 21:23:40.359  7489  7489 E aapt2   : No package ID 7f found for resource ID 0x7f040382.
07-25 21:23:40.359  7489  7489 E aapt2   : No package ID 7f found for resource ID 0x7f040425.
07-25 21:23:40.359  7489  7489 E aapt2   : No package ID 7f found for resource ID 0x7f0404ff.
07-25 21:23:40.359  7489  7489 E aapt2   : No package ID 7f found for resource ID 0x7f040381.
07-25 21:23:40.359  7489  7489 E aapt2   : No package ID 7f found for resource ID 0x7f0404f7.
07-25 21:23:40.359  7489  7489 E aapt2   : No package ID 7f found for resource ID 0x7f0400df.
07-25 21:23:40.359  7489  7489 E aapt2   : No package ID 7f found for resource ID 0x7f0403e8.
07-25 21:23:40.359  7489  7489 E aapt2   : No package ID 7f found for resource ID 0x7f040034.
07-25 21:23:40.359  7489  7489 E aapt2   : No package ID 7f found for resource ID 0x7f04004b.
07-25 21:23:40.359  7489  7489 E aapt2   : No package ID 7f found for resource ID 0x7f0402bb.
07-25 21:23:40.359  7489  7489 E aapt2   : No package ID 7f found for resource ID 0x7f04022e.
07-25 21:23:40.359  7489  7489 E aapt2   : No package ID 7f found for resource ID 0x7f040376.
07-25 21:23:40.359  7489  7489 E aapt2   : No package ID 7f found for resource ID 0x7f040378.
07-25 21:23:40.359  7489  7489 E aapt2   : No package ID 7f found for resource ID 0x7f040377.
07-25 21:23:40.359  7489  7489 E aapt2   : No package ID 7f found for resource ID 0x7f040534.
07-25 21:23:40.359  7489  7489 E aapt2   : No package ID 7f found for resource ID 0x7f04052b.
07-25 21:23:40.359  7489  7489 E aapt2   : No package ID 7f found for resource ID 0x7f04052c.
07-25 21:23:40.359  7489  7489 E aapt2   : No package ID 7f found for resource ID 0x7f040531.
07-25 21:23:40.359  7489  7489 E aapt2   : No package ID 7f found for resource ID 0x7f040530.
07-25 21:23:40.359  7489  7489 E aapt2   : No package ID 7f found for resource ID 0x7f040372.
07-25 21:23:40.359  7489  7489 E aapt2   : No package ID 7f found for resource ID 0x7f040371.
07-25 21:23:40.359  7489  7489 E aapt2   : No package ID 7f found for resource ID 0x7f040373.
07-25 21:23:40.359  7489  7489 E aapt2   : No package ID 7f found for resource ID 0x7f04051b.
07-25 21:23:40.359  7489  7489 E aapt2   : No package ID 7f found for resource ID 0x7f0405d1.
07-25 21:23:40.359  7489  7489 E aapt2   : No package ID 7f found for resource ID 0x7f0405d2.
07-25 21:23:40.359  7489  7489 E aapt2   : No package ID 7f found for resource ID 0x7f0405cb.
07-25 21:23:40.360  7489  7489 E aapt2   : No package ID 7f found for resource ID 0x7f0405cc.
07-25 21:23:40.360  7489  7489 E aapt2   : No package ID 7f found for resource ID 0x7f0405cd.
07-25 21:23:40.360  7489  7489 E aapt2   : No package ID 7f found for resource ID 0x7f040576.
07-25 21:23:40.360  7489  7489 E aapt2   : No package ID 7f found for resource ID 0x7f0405ad.
07-25 21:23:40.360  7489  7489 E aapt2   : No package ID 7f found for resource ID 0x7f040083.
07-25 21:23:40.360  7489  7489 E aapt2   : No package ID 7f found for resource ID 0x7f040082.
07-25 21:23:40.360  7489  7489 E aapt2   : No package ID 7f found for resource ID 0x7f040081.
07-25 21:23:40.360  7489  7489 E aapt2   : No package ID 7f found for resource ID 0x7f040080.
07-25 21:23:40.360  7489  7489 E aapt2   : No package ID 7f found for resource ID 0x7f04007f.
07-25 21:23:40.360  7489  7489 E aapt2   : No package ID 7f found for resource ID 0x7f040288.
07-25 21:23:40.360  7489  7489 E aapt2   : No package ID 7f found for resource ID 0x7f04037a.
07-25 21:23:40.360  7489  7489 E aapt2   : No package ID 7f found for resource ID 0x7f040251.
07-25 21:23:40.360  7489  7489 E aapt2   : No package ID 7f found for resource ID 0x7f040327.
07-25 21:23:40.360  7489  7489 E aapt2   : No package ID 7f found for resource ID 0x7f040291.
07-25 21:23:40.360  7489  7489 E aapt2   : No package ID 7f found for resource ID 0x7f0401f6.
07-25 21:23:40.360  7489  7489 E aapt2   : No package ID 7f found for resource ID 0x7f0401fc.
07-25 21:23:40.360  7489  7489 E aapt2   : No package ID 7f found for resource ID 0x7f0401f7.
07-25 21:23:40.360  7489  7489 E aapt2   : No package ID 7f found for resource ID 0x7f0401f4.
07-25 21:23:40.360  7489  7489 E aapt2   : No package ID 7f found for resource ID 0x7f0401f9.
07-25 21:23:40.360  7489  7489 E aapt2   : No package ID 7f found for resource ID 0x7f0401f5.
07-25 21:23:40.360  7489  7489 E aapt2   : No package ID 7f found for resource ID 0x7f0401fa.
07-25 21:23:40.360  7489  7489 E aapt2   : No package ID 7f found for resource ID 0x7f0401fb.
07-25 21:23:40.360  7489  7489 E aapt2   : No package ID 7f found for resource ID 0x7f040210.
07-25 21:23:40.360  7489  7489 E aapt2   : No package ID 7f found for resource ID 0x7f04062c.
07-25 21:23:40.360  7489  7489 E aapt2   : No package ID 7f found for resource ID 0x7f040635.
07-25 21:23:40.360  7489  7489 E aapt2   : No package ID 7f found for resource ID 0x7f04062d.
07-25 21:23:40.360  7489  7489 E aapt2   : No package ID 7f found for resource ID 0x7f04062e.
07-25 21:23:40.360  7489  7489 E aapt2   : No package ID 7f found for resource ID 0x7f040631.
07-25 21:23:40.360  7489  7489 E aapt2   : No package ID 7f found for resource ID 0x7f040630.
07-25 21:23:40.360  7489  7489 E aapt2   : No package ID 7f found for resource ID 0x7f040632.
07-25 21:23:40.360  7489  7489 E aapt2   : No package ID 7f found for resource ID 0x7f04062f.
07-25 21:23:40.360  7489  7489 E aapt2   : No package ID 7f found for resource ID 0x7f040633.
07-25 21:23:40.360  7489  7489 E aapt2   : No package ID 7f found for resource ID 0x7f040634.
07-25 21:23:40.360  7489  7489 E aapt2   : No package ID 7f found for resource ID 0x7f04000b.
07-25 21:23:40.360  7489  7489 E aapt2   : No package ID 7f found for resource ID 0x7f04000a.
07-25 21:23:40.360  7489  7489 E aapt2   : No package ID 7f found for resource ID 0x7f04000c.
07-25 21:23:40.360  7489  7489 E aapt2   : No package ID 7f found for resource ID 0x7f040023.
07-25 21:23:40.360  7489  7489 E aapt2   : No package ID 7f found for resource ID 0x7f040024.
07-25 21:23:40.360  7489  7489 E aapt2   : No package ID 7f found for resource ID 0x7f040006.
07-25 21:23:40.360  7489  7489 E aapt2   : No package ID 7f found for resource ID 0x7f040009.
07-25 21:23:40.360  7489  7489 E aapt2   : No package ID 7f found for resource ID 0x7f040008.
07-25 21:23:40.360  7489  7489 E aapt2   : No package ID 7f found for resource ID 0x7f04000d.
07-25 21:23:40.360  7489  7489 E aapt2   : No package ID 7f found for resource ID 0x7f040021.
07-25 21:23:40.360  7489  7489 E aapt2   : No package ID 7f found for resource ID 0x7f04000e.
07-25 21:23:40.360  7489  7489 E aapt2   : No package ID 7f found for resource ID 0x7f040007.
07-25 21:23:40.360  7489  7489 E aapt2   : No package ID 7f found for resource ID 0x7f040004.
07-25 21:23:40.360  7489  7489 E aapt2   : No package ID 7f found for resource ID 0x7f040005.
07-25 21:23:40.360  7489  7489 E aapt2   : No package ID 7f found for resource ID 0x7f040012.
07-25 21:23:40.360  7489  7489 E aapt2   : No package ID 7f found for resource ID 0x7f040013.
07-25 21:23:40.360  7489  7489 E aapt2   : No package ID 7f found for resource ID 0x7f040020.
07-25 21:23:40.360  7489  7489 E aapt2   : No package ID 7f found for resource ID 0x7f040015.
07-25 21:23:40.360  7489  7489 E aapt2   : No package ID 7f found for resource ID 0x7f040014.
07-25 21:23:40.360  7489  7489 E aapt2   : No package ID 7f found for resource ID 0x7f04001f.
07-25 21:23:40.360  7489  7489 E aapt2   : No package ID 7f found for resource ID 0x7f040017.
07-25 21:23:40.360  7489  7489 E aapt2   : No package ID 7f found for resource ID 0x7f040019.
07-25 21:23:40.360  7489  7489 E aapt2   : No package ID 7f found for resource ID 0x7f040018.
07-25 21:23:40.360  7489  7489 E aapt2   : No package ID 7f found for resource ID 0x7f04001b.
07-25 21:23:40.360  7489  7489 E aapt2   : No package ID 7f found for resource ID 0x7f04001d.
07-25 21:23:40.360  7489  7489 E aapt2   : No package ID 7f found for resource ID 0x7f04001e.
07-25 21:23:40.360  7489  7489 E aapt2   : No package ID 7f found for resource ID 0x7f04001a.
07-25 21:23:40.360  7489  7489 E aapt2   : No package ID 7f found for resource ID 0x7f040022.
07-25 21:23:40.360  7489  7489 E aapt2   : No package ID 7f found for resource ID 0x7f040016.
07-25 21:23:40.360  7489  7489 E aapt2   : No package ID 7f found for resource ID 0x7f04001c.
07-25 21:23:40.360  7489  7489 E aapt2   : No package ID 7f found for resource ID 0x7f04058d.
07-25 21:23:40.360  7489  7489 E aapt2   : No package ID 7f found for resource ID 0x7f040596.
07-25 21:23:40.360  7489  7489 E aapt2   : No package ID 7f found for resource ID 0x7f040593.
07-25 21:23:40.360  7489  7489 E aapt2   : No package ID 7f found for resource ID 0x7f0401e2.
07-25 21:23:40.360  7489  7489 E aapt2   : No package ID 7f found for resource ID 0x7f0401e1.
07-25 21:23:40.360  7489  7489 E aapt2   : No package ID 7f found for resource ID 0x7f040380.
07-25 21:23:40.360  7489  7489 E aapt2   : No package ID 7f found for resource ID 0x7f0401dc.
07-25 21:23:40.360  7489  7489 E aapt2   : No package ID 7f found for resource ID 0x7f040010.
07-25 21:23:40.360  7489  7489 E aapt2   : No package ID 7f found for resource ID 0x7f040204.
07-25 21:23:40.360  7489  7489 E aapt2   : No package ID 7f found for resource ID 0x7f04050c.
07-25 21:23:40.360  7489  7489 E aapt2   : No package ID 7f found for resource ID 0x7f04000f.
07-25 21:23:40.360  7489  7489 E aapt2   : No package ID 7f found for resource ID 0x7f0400db.
07-25 21:23:40.360  7489  7489 E aapt2   : No package ID 7f found for resource ID 0x7f0400d7.
07-25 21:23:40.360  7489  7489 E aapt2   : No package ID 7f found for resource ID 0x7f0404db.
07-25 21:23:40.360  7489  7489 E aapt2   : No package ID 7f found for resource ID 0x7f0404dc.
07-25 21:23:40.360  7489  7489 E aapt2   : No package ID 7f found for resource ID 0x7f0400c3.
07-25 21:23:40.360  7489  7489 E aapt2   : No package ID 7f found for resource ID 0x7f0401ef.
07-25 21:23:40.360  7489  7489 E aapt2   : No package ID 7f found for resource ID 0x7f0401ea.
07-25 21:23:40.360  7489  7489 E aapt2   : No package ID 7f found for resource ID 0x7f04002a.
07-25 21:23:40.360  7489  7489 E aapt2   : No package ID 7f found for resource ID 0x7f0405e6.
07-25 21:23:40.360  7489  7489 E aapt2   : No package ID 7f found for resource ID 0x7f0405e5.
07-25 21:23:40.360  7489  7489 E aapt2   : No package ID 7f found for resource ID 0x7f04048c.
07-25 21:23:40.360  7489  7489 E aapt2   : No package ID 7f found for resource ID 0x7f040493.
07-25 21:23:40.360  7489  7489 E aapt2   : No package ID 7f found for resource ID 0x7f040209.
07-25 21:23:40.361  7489  7489 E aapt2   : No package ID 7f found for resource ID 0x7f040208.
07-25 21:23:40.361  7489  7489 E aapt2   : No package ID 7f found for resource ID 0x7f0402df.
07-25 21:23:40.361  7489  7489 E aapt2   : No package ID 7f found for resource ID 0x7f040595.
07-25 21:23:40.361  7489  7489 E aapt2   : No package ID 7f found for resource ID 0x7f040594.
07-25 21:23:40.361  7489  7489 E aapt2   : No package ID 7f found for resource ID 0x7f0405a2.
07-25 21:23:40.361  7489  7489 E aapt2   : No package ID 7f found for resource ID 0x7f0404d1.
07-25 21:23:40.361  7489  7489 E aapt2   : No package ID 7f found for resource ID 0x7f040385.
07-25 21:23:40.361  7489  7489 E aapt2   : No package ID 7f found for resource ID 0x7f040387.
07-25 21:23:40.361  7489  7489 E aapt2   : No package ID 7f found for resource ID 0x7f040386.
07-25 21:23:40.361  7489  7489 E aapt2   : No package ID 7f found for resource ID 0x7f040389.
07-25 21:23:40.361  7489  7489 E aapt2   : No package ID 7f found for resource ID 0x7f04038a.
07-25 21:23:40.361  7489  7489 E aapt2   : No package ID 7f found for resource ID 0x7f04038b.
07-25 21:23:40.361  7489  7489 E aapt2   : No package ID 7f found for resource ID 0x7f040388.
07-25 21:23:40.361  7489  7489 E aapt2   : No package ID 7f found for resource ID 0x7f040201.
07-25 21:23:40.361  7489  7489 E aapt2   : No package ID 7f found for resource ID 0x7f040384.
07-25 21:23:40.361  7489  7489 E aapt2   : No package ID 7f found for resource ID 0x7f04058f.
07-25 21:23:40.361  7489  7489 E aapt2   : No package ID 7f found for resource ID 0x7f040590.
07-25 21:23:40.361  7489  7489 E aapt2   : No package ID 7f found for resource ID 0x7f040591.
07-25 21:23:40.361  7489  7489 E aapt2   : No package ID 7f found for resource ID 0x7f04046c.
07-25 21:23:40.361  7489  7489 E aapt2   : No package ID 7f found for resource ID 0x7f04046e.
07-25 21:23:40.361  7489  7489 E aapt2   : No package ID 7f found for resource ID 0x7f04046d.
07-25 21:23:40.361  7489  7489 E aapt2   : No package ID 7f found for resource ID 0x7f04037d.
07-25 21:23:40.361  7489  7489 E aapt2   : No package ID 7f found for resource ID 0x7f04016a.
07-25 21:23:40.361  7489  7489 E aapt2   : No package ID 7f found for resource ID 0x7f04016c.
07-25 21:23:40.361  7489  7489 E aapt2   : No package ID 7f found for resource ID 0x7f04014a.
07-25 21:23:40.361  7489  7489 E aapt2   : No package ID 7f found for resource ID 0x7f040150.
07-25 21:23:40.361  7489  7489 E aapt2   : No package ID 7f found for resource ID 0x7f04014e.
07-25 21:23:40.361  7489  7489 E aapt2   : No package ID 7f found for resource ID 0x7f04014f.
07-25 21:23:40.361  7489  7489 E aapt2   : No package ID 7f found for resource ID 0x7f04014c.
07-25 21:23:40.361  7489  7489 E aapt2   : No package ID 7f found for resource ID 0x7f040181.
07-25 21:23:40.361  7489  7489 E aapt2   : No package ID 7f found for resource ID 0x7f0401a2.
07-25 21:23:40.361  7489  7489 E aapt2   : No package ID 7f found for resource ID 0x7f04014b.
07-25 21:23:40.361  7489  7489 E aapt2   : No package ID 7f found for resource ID 0x7f040031.
07-25 21:23:40.361  7489  7489 E aapt2   : No package ID 7f found for resource ID 0x7f04002f.
07-25 21:23:40.361  7489  7489 E aapt2   : No package ID 7f found for resource ID 0x7f040030.
07-25 21:23:40.361  7489  7489 E aapt2   : No package ID 7f found for resource ID 0x7f040032.
07-25 21:23:40.361  7489  7489 E aapt2   : No package ID 7f found for resource ID 0x7f0405a1.
07-25 21:23:40.361  7489  7489 E aapt2   : No package ID 7f found for resource ID 0x7f0400da.
07-25 21:23:40.361  7489  7489 E aapt2   : No package ID 7f found for resource ID 0x7f0400d8.
07-25 21:23:40.361  7489  7489 E aapt2   : No package ID 7f found for resource ID 0x7f0400d9.
07-25 21:23:40.361  7489  7489 E aapt2   : No package ID 7f found for resource ID 0x7f04007d.
07-25 21:23:40.361  7489  7489 E aapt2   : No package ID 7f found for resource ID 0x7f0400e3.
07-25 21:23:40.361  7489  7489 E aapt2   : No package ID 7f found for resource ID 0x7f0400e4.
07-25 21:23:40.361  7489  7489 E aapt2   : No package ID 7f found for resource ID 0x7f040106.
07-25 21:23:40.361  7489  7489 E aapt2   : No package ID 7f found for resource ID 0x7f040111.
07-25 21:23:40.361  7489  7489 E aapt2   : No package ID 7f found for resource ID 0x7f04020b.
07-25 21:23:40.361  7489  7489 E aapt2   : No package ID 7f found for resource ID 0x7f0404b2.
07-25 21:23:40.361  7489  7489 E aapt2   : No package ID 7f found for resource ID 0x7f0404b4.
07-25 21:23:40.361  7489  7489 E aapt2   : No package ID 7f found for resource ID 0x7f0404b5.
07-25 21:23:40.361  7489  7489 E aapt2   : No package ID 7f found for resource ID 0x7f0404b6.
07-25 21:23:40.361  7489  7489 E aapt2   : No package ID 7f found for resource ID 0x7f0404d9.
07-25 21:23:40.361  7489  7489 E aapt2   : No package ID 7f found for resource ID 0x7f04050d.
07-25 21:23:40.361  7489  7489 E aapt2   : No package ID 7f found for resource ID 0x7f04054f.
07-25 21:23:40.361  7489  7489 E aapt2   : No package ID 7f found for resource ID 0x7f040383.
07-25 21:23:40.361  7489  7489 E aapt2   : No package ID 7f found for resource ID 0x7f0405e9.
07-25 21:23:40.361  7489  7489 E aapt2   : No package ID 7f found for resource ID 0x7f0405e8.
07-25 21:23:40.361  7489  7489 E aapt2   : No package ID 7f found for resource ID 0x7f040151.
07-25 21:23:40.361  7489  7489 E aapt2   : No package ID 7f found for resource ID 0x7f040617.
07-25 21:23:40.361  7489  7489 E aapt2   : No package ID 7f found for resource ID 0x7f04037f.
07-25 21:23:40.361  7489  7489 E aapt2   : No package ID 7f found for resource ID 0x7f04037e.
07-25 21:23:40.361  7489  7489 E aapt2   : No package ID 7f found for resource ID 0x7f040078.
07-25 21:23:40.361  7489  7489 E aapt2   : No package ID 7f found for resource ID 0x7f040079.
07-25 21:23:40.362  7489  7489 E aapt2   : No package ID 7f found for resource ID 0x7f040094.
07-25 21:23:40.362  7489  7489 E aapt2   : No package ID 7f found for resource ID 0x7f04009c.
07-25 21:23:40.362  7489  7489 E aapt2   : No package ID 7f found for resource ID 0x7f04009b.
07-25 21:23:40.362  7489  7489 E aapt2   : No package ID 7f found for resource ID 0x7f04009f.
07-25 21:23:40.362  7489  7489 E aapt2   : No package ID 7f found for resource ID 0x7f04009d.
07-25 21:23:40.362  7489  7489 E aapt2   : No package ID 7f found for resource ID 0x7f0400a2.
07-25 21:23:40.362  7489  7489 E aapt2   : No package ID 7f found for resource ID 0x7f040093.
07-25 21:23:40.362  7489  7489 E aapt2   : No package ID 7f found for resource ID 0x7f04009e.
07-25 21:23:40.362  7489  7489 E aapt2   : No package ID 7f found for resource ID 0x7f040088.
07-25 21:23:40.362  7489  7489 E aapt2   : No package ID 7f found for resource ID 0x7f04009a.
07-25 21:23:40.362  7489  7489 E aapt2   : No package ID 7f found for resource ID 0x7f0403cd.
07-25 21:23:40.362  7489  7489 E aapt2   : No package ID 7f found for resource ID 0x7f0403d4.
07-25 21:23:40.362  7489  7489 E aapt2   : No package ID 7f found for resource ID 0x7f040098.
07-25 21:23:40.362  7489  7489 E aapt2   : No package ID 7f found for resource ID 0x7f040446.
07-25 21:23:40.362  7489  7489 E aapt2   : No package ID 7f found for resource ID 0x7f040092.
07-25 21:23:40.362  7489  7489 E aapt2   : No package ID 7f found for resource ID 0x7f040099.
07-25 21:23:40.362  7489  7489 E aapt2   : No package ID 7f found for resource ID 0x7f040095.
07-25 21:23:40.362  7489  7489 E aapt2   : No package ID 7f found for resource ID 0x7f040096.
07-25 21:23:40.362  7489  7489 E aapt2   : No package ID 7f found for resource ID 0x7f0400a0.
07-25 21:23:40.362  7489  7489 E aapt2   : No package ID 7f found for resource ID 0x7f0400a1.
07-25 21:23:40.362  7489  7489 E aapt2   : No package ID 7f found for resource ID 0x7f04044a.
07-25 21:23:40.362  7489  7489 E aapt2   : No package ID 7f found for resource ID 0x7f0402b9.
07-25 21:23:40.362  7489  7489 E aapt2   : No package ID 7f found for resource ID 0x7f040615.
07-25 21:23:40.362  7489  7489 E aapt2   : No package ID 7f found for resource ID 0x7f0402ba.
07-25 21:23:40.362  7489  7489 E aapt2   : No package ID 7f found for resource ID 0x7f040616.
07-25 21:23:40.362  7489  7489 E aapt2   : No package ID 7f found for resource ID 0x7f040326.
07-25 21:23:40.362  7489  7489 E aapt2   : No package ID 7f found for resource ID 0x7f04007b.
07-25 21:23:40.362  7489  7489 E aapt2   : No package ID 7f found for resource ID 0x7f0405fb.
07-25 21:23:40.362  7489  7489 E aapt2   : No package ID 7f found for resource ID 0x7f0405f4.
07-25 21:23:40.362  7489  7489 E aapt2   : No package ID 7f found for resource ID 0x7f0402e6.
07-25 21:23:40.362  7489  7489 E aapt2   : No package ID 7f found for resource ID 0x7f0405f1.
07-25 21:23:40.362  7489  7489 E aapt2   : No package ID 7f found for resource ID 0x7f0404ee.
07-25 21:23:40.362  7489  7489 E aapt2   : No package ID 7f found for resource ID 0x7f0402aa.
07-25 21:23:40.362  7489  7489 E aapt2   : No package ID 7f found for resource ID 0x7f0404f0.
07-25 21:23:40.362  7489  7489 E aapt2   : No package ID 7f found for resource ID 0x7f0403ec.
07-25 21:23:40.362  7489  7489 E aapt2   : No package ID 7f found for resource ID 0x7f0402eb.
07-25 21:23:40.362  7489  7489 E aapt2   : No package ID 7f found for resource ID 0x7f040090.
07-25 21:23:40.362  7489  7489 E aapt2   : No package ID 7f found for resource ID 0x7f04042a.
07-25 21:23:40.362  7489  7489 E aapt2   : No package ID 7f found for resource ID 0x7f04020c.
07-25 21:23:40.362  7489  7489 E aapt2   : No package ID 7f found for resource ID 0x7f040240.
07-25 21:23:40.362  7489  7489 E aapt2   : No package ID 7f found for resource ID 0x7f040242.
07-25 21:23:40.362  7489  7489 E aapt2   : No package ID 7f found for resource ID 0x7f040243.
07-25 21:23:40.363  7489  7489 E aapt2   : No package ID 7f found for resource ID 0x7f040244.
07-25 21:23:40.363  7489  7489 E aapt2   : No package ID 7f found for resource ID 0x7f040245.
07-25 21:23:40.363  7489  7489 E aapt2   : No package ID 7f found for resource ID 0x7f040246.
07-25 21:23:40.363  7489  7489 E aapt2   : No package ID 7f found for resource ID 0x7f040241.
07-25 21:23:40.363  7489  7489 E aapt2   : No package ID 7f found for resource ID 0x7f0404c0.
07-25 21:23:40.363  7489  7489 E aapt2   : No package ID 7f found for resource ID 0x7f04002d.
07-25 21:23:40.363  7489  7489 E aapt2   : No package ID 7f found for resource ID 0x7f0402ae.
07-25 21:23:40.363  7489  7489 E aapt2   : No package ID 7f found for resource ID 0x7f040461.
07-25 21:23:40.363  7489  7489 E aapt2   : No package ID 7f found for resource ID 0x7f040463.
07-25 21:23:40.363  7489  7489 E aapt2   : No package ID 7f found for resource ID 0x7f040464.
07-25 21:23:40.363  7489  7489 E aapt2   : No package ID 7f found for resource ID 0x7f0403da.
07-25 21:23:40.363  7489  7489 E aapt2   : No package ID 7f found for resource ID 0x7f040300.
07-25 21:23:40.363  7489  7489 E aapt2   : No package ID 7f found for resource ID 0x7f040187.
07-25 21:23:40.363  7489  7489 E aapt2   : No package ID 7f found for resource ID 0x7f0404e0.
07-25 21:23:40.363  7489  7489 E aapt2   : No package ID 7f found for resource ID 0x7f0404e8.
07-25 21:23:40.363  7489  7489 E aapt2   : No package ID 7f found for resource ID 0x7f0400af.
07-25 21:23:40.363  7489  7489 E aapt2   : No package ID 7f found for resource ID 0x7f0400ad.
07-25 21:23:40.363  7489  7489 E aapt2   : No package ID 7f found for resource ID 0x7f0400b2.
07-25 21:23:40.363  7489  7489 E aapt2   : No package ID 7f found for resource ID 0x7f0400ab.
07-25 21:23:40.363  7489  7489 E aapt2   : No package ID 7f found for resource ID 0x7f0400a9.
07-25 21:23:40.363  7489  7489 E aapt2   : No package ID 7f found for resource ID 0x7f0400ac.
07-25 21:23:40.363  7489  7489 E aapt2   : No package ID 7f found for resource ID 0x7f0400aa.
07-25 21:23:40.363  7489  7489 E aapt2   : No package ID 7f found for resource ID 0x7f0400b1.
07-25 21:23:40.363  7489  7489 E aapt2   : No package ID 7f found for resource ID 0x7f0400b0.
07-25 21:23:40.363  7489  7489 E aapt2   : No package ID 7f found for resource ID 0x7f040299.
07-25 21:23:40.363  7489  7489 E aapt2   : No package ID 7f found for resource ID 0x7f040468.
07-25 21:23:40.363  7489  7489 E aapt2   : No package ID 7f found for resource ID 0x7f040394.
07-25 21:23:40.363  7489  7489 E aapt2   : No package ID 7f found for resource ID 0x7f040395.
07-25 21:23:40.363  7489  7489 E aapt2   : No package ID 7f found for resource ID 0x7f040396.
07-25 21:23:40.363  7489  7489 E aapt2   : No package ID 7f found for resource ID 0x7f0404ed.
07-25 21:23:40.363  7489  7489 E aapt2   : No package ID 7f found for resource ID 0x7f04032d.
07-25 21:23:40.363  7489  7489 E aapt2   : No package ID 7f found for resource ID 0x7f0402d1.
07-25 21:23:40.363  7489  7489 E aapt2   : No package ID 7f found for resource ID 0x7f0402c8.
07-25 21:23:40.363  7489  7489 E aapt2   : No package ID 7f found for resource ID 0x7f040100.
07-25 21:23:40.363  7489  7489 E aapt2   : No package ID 7f found for resource ID 0x7f040062.
07-25 21:23:40.363  7489  7489 E aapt2   : No package ID 7f found for resource ID 0x7f0404b1.
07-25 21:23:40.363  7489  7489 E aapt2   : No package ID 7f found for resource ID 0x7f0404eb.
07-25 21:23:40.363  7489  7489 E aapt2   : No package ID 7f found for resource ID 0x7f0400ea.
07-25 21:23:40.363  7489  7489 E aapt2   : No package ID 7f found for resource ID 0x7f0400eb.
07-25 21:23:40.363  7489  7489 E aapt2   : No package ID 7f found for resource ID 0x7f0400ec.
07-25 21:23:40.363  7489  7489 E aapt2   : No package ID 7f found for resource ID 0x7f0400ee.
07-25 21:23:40.363  7489  7489 E aapt2   : No package ID 7f found for resource ID 0x7f0400f0.
07-25 21:23:40.363  7489  7489 E aapt2   : No package ID 7f found for resource ID 0x7f0400ef.
07-25 21:23:40.363  7489  7489 E aapt2   : No package ID 7f found for resource ID 0x7f040199.
07-25 21:23:40.363  7489  7489 E aapt2   : No package ID 7f found for resource ID 0x7f04019c.
07-25 21:23:40.363  7489  7489 E aapt2   : No package ID 7f found for resource ID 0x7f04019d.
07-25 21:23:40.363  7489  7489 E aapt2   : No package ID 7f found for resource ID 0x7f04019f.
07-25 21:23:40.363  7489  7489 E aapt2   : No package ID 7f found for resource ID 0x7f04019a.
07-25 21:23:40.363  7489  7489 E aapt2   : No package ID 7f found for resource ID 0x7f0400f5.
07-25 21:23:40.363  7489  7489 E aapt2   : No package ID 7f found for resource ID 0x7f0400f9.
07-25 21:23:40.363  7489  7489 E aapt2   : No package ID 7f found for resource ID 0x7f0400f8.
07-25 21:23:40.363  7489  7489 E aapt2   : No package ID 7f found for resource ID 0x7f0400f7.
07-25 21:23:40.363  7489  7489 E aapt2   : No package ID 7f found for resource ID 0x7f0400f6.
07-25 21:23:40.363  7489  7489 E aapt2   : No package ID 7f found for resource ID 0x7f0400f3.
07-25 21:23:40.363  7489  7489 E aapt2   : No package ID 7f found for resource ID 0x7f0400fb.
07-25 21:23:40.363  7489  7489 E aapt2   : No package ID 7f found for resource ID 0x7f0400fa.
07-25 21:23:40.363  7489  7489 E aapt2   : No package ID 7f found for resource ID 0x7f0400fc.
07-25 21:23:40.363  7489  7489 E aapt2   : No package ID 7f found for resource ID 0x7f0400f4.
07-25 21:23:40.363  7489  7489 E aapt2   : No package ID 7f found for resource ID 0x7f0400f2.
07-25 21:23:40.363  7489  7489 E aapt2   : No package ID 7f found for resource ID 0x7f040190.
07-25 21:23:40.363  7489  7489 E aapt2   : No package ID 7f found for resource ID 0x7f0401e4.
07-25 21:23:40.363  7489  7489 E aapt2   : No package ID 7f found for resource ID 0x7f0403cb.
07-25 21:23:40.363  7489  7489 E aapt2   : No package ID 7f found for resource ID 0x7f0403d1.
07-25 21:23:40.363  7489  7489 E aapt2   : No package ID 7f found for resource ID 0x7f0403d2.
07-25 21:23:40.363  7489  7489 E aapt2   : No package ID 7f found for resource ID 0x7f0402c9.
07-25 21:23:40.363  7489  7489 E aapt2   : No package ID 7f found for resource ID 0x7f04054a.
07-25 21:23:40.363  7489  7489 E aapt2   : No package ID 7f found for resource ID 0x7f040549.
07-25 21:23:40.363  7489  7489 E aapt2   : No package ID 7f found for resource ID 0x7f0401e5.
07-25 21:23:40.363  7489  7489 E aapt2   : No package ID 7f found for resource ID 0x7f040103.
07-25 21:23:40.363  7489  7489 E aapt2   : No package ID 7f found for resource ID 0x7f040104.
07-25 21:23:40.363  7489  7489 E aapt2   : No package ID 7f found for resource ID 0x7f040105.
07-25 21:23:40.363  7489  7489 E aapt2   : No package ID 7f found for resource ID 0x7f040125.
07-25 21:23:40.363  7489  7489 E aapt2   : No package ID 7f found for resource ID 0x7f040112.
07-25 21:23:40.363  7489  7489 E aapt2   : No package ID 7f found for resource ID 0x7f04011b.
07-25 21:23:40.363  7489  7489 E aapt2   : No package ID 7f found for resource ID 0x7f040113.
07-25 21:23:40.363  7489  7489 E aapt2   : No package ID 7f found for resource ID 0x7f040122.
07-25 21:23:40.363  7489  7489 E aapt2   : No package ID 7f found for resource ID 0x7f040123.
07-25 21:23:40.363  7489  7489 E aapt2   : No package ID 7f found for resource ID 0x7f0404c3.
07-25 21:23:40.363  7489  7489 E aapt2   : No package ID 7f found for resource ID 0x7f04011c.
07-25 21:23:40.363  7489  7489 E aapt2   : No package ID 7f found for resource ID 0x7f04021e.
07-25 21:23:40.364  7489  7489 E aapt2   : No package ID 7f found for resource ID 0x7f04011a.
07-25 21:23:40.364  7489  7489 E aapt2   : No package ID 7f found for resource ID 0x7f040117.
07-25 21:23:40.364  7489  7489 E aapt2   : No package ID 7f found for resource ID 0x7f040116.
07-25 21:23:40.364  7489  7489 E aapt2   : No package ID 7f found for resource ID 0x7f040119.
07-25 21:23:40.364  7489  7489 E aapt2   : No package ID 7f found for resource ID 0x7f040118.
07-25 21:23:40.364  7489  7489 E aapt2   : No package ID 7f found for resource ID 0x7f04013b.
07-25 21:23:40.364  7489  7489 E aapt2   : No package ID 7f found for resource ID 0x7f040136.
07-25 21:23:40.364  7489  7489 E aapt2   : No package ID 7f found for resource ID 0x7f040135.
07-25 21:23:40.364  7489  7489 E aapt2   : No package ID 7f found for resource ID 0x7f04013a.
07-25 21:23:40.364  7489  7489 E aapt2   : No package ID 7f found for resource ID 0x7f040138.
07-25 21:23:40.364  7489  7489 E aapt2   : No package ID 7f found for resource ID 0x7f04010f.
07-25 21:23:40.364  7489  7489 E aapt2   : No package ID 7f found for resource ID 0x7f04010a.
07-25 21:23:40.364  7489  7489 E aapt2   : No package ID 7f found for resource ID 0x7f040109.
07-25 21:23:40.364  7489  7489 E aapt2   : No package ID 7f found for resource ID 0x7f04010e.
07-25 21:23:40.364  7489  7489 E aapt2   : No package ID 7f found for resource ID 0x7f0404f3.
07-25 21:23:40.364  7489  7489 E aapt2   : No package ID 7f found for resource ID 0x7f0402ab.
07-25 21:23:40.364  7489  7489 E aapt2   : No package ID 7f found for resource ID 0x7f040121.
07-25 21:23:40.364  7489  7489 E aapt2   : No package ID 7f found for resource ID 0x7f0402d5.
07-25 21:23:40.364  7489  7489 E aapt2   : No package ID 7f found for resource ID 0x7f0402ca.
07-25 21:23:40.364  7489  7489 E aapt2   : No package ID 7f found for resource ID 0x7f0405b2.
07-25 21:23:40.364  7489  7489 E aapt2   : No package ID 7f found for resource ID 0x7f0405a3.
07-25 21:23:40.364  7489  7489 E aapt2   : No package ID 7f found for resource ID 0x7f040139.
07-25 21:23:40.364  7489  7489 E aapt2   : No package ID 7f found for resource ID 0x7f040137.
07-25 21:23:40.364  7489  7489 E aapt2   : No package ID 7f found for resource ID 0x7f040114.
07-25 21:23:40.364  7489  7489 E aapt2   : No package ID 7f found for resource ID 0x7f04011d.
07-25 21:23:40.364  7489  7489 E aapt2   : No package ID 7f found for resource ID 0x7f04011e.
07-25 21:23:40.364  7489  7489 E aapt2   : No package ID 7f found for resource ID 0x7f04011f.
07-25 21:23:40.364  7489  7489 E aapt2   : No package ID 7f found for resource ID 0x7f040500.
07-25 21:23:40.364  7489  7489 E aapt2   : No package ID 7f found for resource ID 0x7f040502.
07-25 21:23:40.364  7489  7489 E aapt2   : No package ID 7f found for resource ID 0x7f0404dd.
07-25 21:23:40.364  7489  7489 E aapt2   : No package ID 7f found for resource ID 0x7f040108.
07-25 21:23:40.364  7489  7489 E aapt2   : No package ID 7f found for resource ID 0x7f0402ea.
07-25 21:23:40.364  7489  7489 E aapt2   : No package ID 7f found for resource ID 0x7f0402e9.
07-25 21:23:40.364  7489  7489 E aapt2   : No package ID 7f found for resource ID 0x7f0402e7.
07-25 21:23:40.364  7489  7489 E aapt2   : No package ID 7f found for resource ID 0x7f040134.
07-25 21:23:40.364  7489  7489 E aapt2   : No package ID 7f found for resource ID 0x7f040131.
07-25 21:23:40.364  7489  7489 E aapt2   : No package ID 7f found for resource ID 0x7f040132.
07-25 21:23:40.364  7489  7489 E aapt2   : No package ID 7f found for resource ID 0x7f0403b5.
07-25 21:23:40.364  7489  7489 E aapt2   : No package ID 7f found for resource ID 0x7f0404de.
07-25 21:23:40.364  7489  7489 E aapt2   : No package ID 7f found for resource ID 0x7f040231.
07-25 21:23:40.364  7489  7489 E aapt2   : No package ID 7f found for resource ID 0x7f040234.
07-25 21:23:40.364  7489  7489 E aapt2   : No package ID 7f found for resource ID 0x7f040235.
07-25 21:23:40.364  7489  7489 E aapt2   : No package ID 7f found for resource ID 0x7f040233.
07-25 21:23:40.364  7489  7489 E aapt2   : No package ID 7f found for resource ID 0x7f040232.
07-25 21:23:40.364  7489  7489 E aapt2   : No package ID 7f found for resource ID 0x7f040236.
07-25 21:23:40.364  7489  7489 E aapt2   : No package ID 7f found for resource ID 0x7f040142.
07-25 21:23:40.364  7489  7489 E aapt2   : No package ID 7f found for resource ID 0x7f0405e1.
07-25 21:23:40.364  7489  7489 E aapt2   : No package ID 7f found for resource ID 0x7f040237.
07-25 21:23:40.364  7489  7489 E aapt2   : No package ID 7f found for resource ID 0x7f040143.
07-25 21:23:40.364  7489  7489 E aapt2   : No package ID 7f found for resource ID 0x7f0401a0.
07-25 21:23:40.364  7489  7489 E aapt2   : No package ID 7f found for resource ID 0x7f040535.
07-25 21:23:40.364  7489  7489 E aapt2   : No package ID 7f found for resource ID 0x7f0405e4.
07-25 21:23:40.364  7489  7489 E aapt2   : No package ID 7f found for resource ID 0x7f0404cd.
07-25 21:23:40.364  7489  7489 E aapt2   : No package ID 7f found for resource ID 0x7f0404cb.
07-25 21:23:40.364  7489  7489 E aapt2   : No package ID 7f found for resource ID 0x7f040141.
07-25 21:23:40.364  7489  7489 E aapt2   : No package ID 7f found for resource ID 0x7f040230.
07-25 21:23:40.364  7489  7489 E aapt2   : No package ID 7f found for resource ID 0x7f0405d7.
07-25 21:23:40.364  7489  7489 E aapt2   : No package ID 7f found for resource ID 0x7f0405d4.
07-25 21:23:40.364  7489  7489 E aapt2   : No package ID 7f found for resource ID 0x7f0405d6.
07-25 21:23:40.364  7489  7489 E aapt2   : No package ID 7f found for resource ID 0x7f0403d3.
07-25 21:23:40.364  7489  7489 E aapt2   : No package ID 7f found for resource ID 0x7f040293.
07-25 21:23:40.364  7489  7489 E aapt2   : No package ID 7f found for resource ID 0x7f04023f.
07-25 21:23:40.364  7489  7489 E aapt2   : No package ID 7f found for resource ID 0x7f0405de.
07-25 21:23:40.364  7489  7489 E aapt2   : No package ID 7f found for resource ID 0x7f040332.
07-25 21:23:40.364  7489  7489 E aapt2   : No package ID 7f found for resource ID 0x7f040333.
07-25 21:23:40.364  7489  7489 E aapt2   : No package ID 7f found for resource ID 0x7f040063.
07-25 21:23:40.364  7489  7489 E aapt2   : No package ID 7f found for resource ID 0x7f040322.
07-25 21:23:40.364  7489  7489 E aapt2   : No package ID 7f found for resource ID 0x7f0400dc.
07-25 21:23:40.364  7489  7489 E aapt2   : No package ID 7f found for resource ID 0x7f0400e5.
07-25 21:23:40.364  7489  7489 E aapt2   : No package ID 7f found for resource ID 0x7f0400e6.
07-25 21:23:40.364  7489  7489 E aapt2   : No package ID 7f found for resource ID 0x7f04061c.
07-25 21:23:40.364  7489  7489 E aapt2   : No package ID 7f found for resource ID 0x7f04047c.
07-25 21:23:40.364  7489  7489 E aapt2   : No package ID 7f found for resource ID 0x7f0405fe.
07-25 21:23:40.364  7489  7489 E aapt2   : No package ID 7f found for resource ID 0x7f04035d.
07-25 21:23:40.365  7489  7489 E aapt2   : No package ID 7f found for resource ID 0x7f040346.
07-25 21:23:40.365  7489  7489 E aapt2   : No package ID 7f found for resource ID 0x7f04033d.
07-25 21:23:40.365  7489  7489 E aapt2   : No package ID 7f found for resource ID 0x7f04033f.
07-25 21:23:40.365  7489  7489 E aapt2   : No package ID 7f found for resource ID 0x7f04033e.
07-25 21:23:40.365  7489  7489 E aapt2   : No package ID 7f found for resource ID 0x7f040343.
07-25 21:23:40.365  7489  7489 E aapt2   : No package ID 7f found for resource ID 0x7f040344.
07-25 21:23:40.365  7489  7489 E aapt2   : No package ID 7f found for resource ID 0x7f040345.
07-25 21:23:40.365  7489  7489 E aapt2   : No package ID 7f found for resource ID 0x7f0402a1.
07-25 21:23:40.365  7489  7489 E aapt2   : No package ID 7f found for resource ID 0x7f04034f.
07-25 21:23:40.365  7489  7489 E aapt2   : No package ID 7f found for resource ID 0x7f040350.
07-25 21:23:40.365  7489  7489 E aapt2   : No package ID 7f found for resource ID 0x7f040352.
07-25 21:23:40.365  7489  7489 E aapt2   : No package ID 7f found for resource ID 0x7f040353.
07-25 21:23:40.365  7489  7489 E aapt2   : No package ID 7f found for resource ID 0x7f040359.
07-25 21:23:40.365  7489  7489 E aapt2   : No package ID 7f found for resource ID 0x7f040358.
07-25 21:23:40.365  7489  7489 E aapt2   : No package ID 7f found for resource ID 0x7f04033c.
07-25 21:23:40.365  7489  7489 E aapt2   : No package ID 7f found for resource ID 0x7f04033b.
07-25 21:23:40.365  7489  7489 E aapt2   : No package ID 7f found for resource ID 0x7f040337.
07-25 21:23:40.365  7489  7489 E aapt2   : No package ID 7f found for resource ID 0x7f040339.
07-25 21:23:40.365  7489  7489 E aapt2   : No package ID 7f found for resource ID 0x7f040338.
07-25 21:23:40.365  7489  7489 E aapt2   : No package ID 7f found for resource ID 0x7f040354.
07-25 21:23:40.365  7489  7489 E aapt2   : No package ID 7f found for resource ID 0x7f040355.
07-25 21:23:40.365  7489  7489 E aapt2   : No package ID 7f found for resource ID 0x7f040342.
07-25 21:23:40.365  7489  7489 E aapt2   : No package ID 7f found for resource ID 0x7f040341.
07-25 21:23:40.365  7489  7489 E aapt2   : No package ID 7f found for resource ID 0x7f040368.
07-25 21:23:40.365  7489  7489 E aapt2   : No package ID 7f found for resource ID 0x7f04036b.
07-25 21:23:40.365  7489  7489 E aapt2   : No package ID 7f found for resource ID 0x7f040369.
07-25 21:23:40.365  7489  7489 E aapt2   : No package ID 7f found for resource ID 0x7f040366.
07-25 21:23:40.365  7489  7489 E aapt2   : No package ID 7f found for resource ID 0x7f04036a.
07-25 21:23:40.365  7489  7489 E aapt2   : No package ID 7f found for resource ID 0x7f040367.
07-25 21:23:40.365  7489  7489 E aapt2   : No package ID 7f found for resource ID 0x7f040365.
07-25 21:23:40.365  7489  7489 E aapt2   : No package ID 7f found for resource ID 0x7f04036f.
07-25 21:23:40.365  7489  7489 E aapt2   : No package ID 7f found for resource ID 0x7f040335.
07-25 21:23:40.365  7489  7489 E aapt2   : No package ID 7f found for resource ID 0x7f040334.
07-25 21:23:40.365  7489  7489 E aapt2   : No package ID 7f found for resource ID 0x7f04034b.
07-25 21:23:40.365  7489  7489 E aapt2   : No package ID 7f found for resource ID 0x7f04035a.
07-25 21:23:40.365  7489  7489 E aapt2   : No package ID 7f found for resource ID 0x7f04035e.
07-25 21:23:40.365  7489  7489 E aapt2   : No package ID 7f found for resource ID 0x7f040347.
07-25 21:23:40.365  7489  7489 E aapt2   : No package ID 7f found for resource ID 0x7f040360.
07-25 21:23:40.365  7489  7489 E aapt2   : No package ID 7f found for resource ID 0x7f04035f.
07-25 21:23:40.365  7489  7489 E aapt2   : No package ID 7f found for resource ID 0x7f040361.
07-25 21:23:40.365  7489  7489 E aapt2   : No package ID 7f found for resource ID 0x7f040349.
07-25 21:23:40.365  7489  7489 E aapt2   : No package ID 7f found for resource ID 0x7f040348.
07-25 21:23:40.365  7489  7489 E aapt2   : No package ID 7f found for resource ID 0x7f04034a.
07-25 21:23:40.365  7489  7489 E aapt2   : No package ID 7f found for resource ID 0x7f04034e.
07-25 21:23:40.365  7489  7489 E aapt2   : No package ID 7f found for resource ID 0x7f040357.
07-25 21:23:40.365  7489  7489 E aapt2   : No package ID 7f found for resource ID 0x7f040351.
07-25 21:23:40.365  7489  7489 E aapt2   : No package ID 7f found for resource ID 0x7f04033a.
07-25 21:23:40.365  7489  7489 E aapt2   : No package ID 7f found for resource ID 0x7f040336.
07-25 21:23:40.365  7489  7489 E aapt2   : No package ID 7f found for resource ID 0x7f040340.
07-25 21:23:40.365  7489  7489 E aapt2   : No package ID 7f found for resource ID 0x7f04034d.
07-25 21:23:40.365  7489  7489 E aapt2   : No package ID 7f found for resource ID 0x7f04035c.
07-25 21:23:40.365  7489  7489 E aapt2   : No package ID 7f found for resource ID 0x7f04034c.
07-25 21:23:40.365  7489  7489 E aapt2   : No package ID 7f found for resource ID 0x7f04035b.
07-25 21:23:40.365  7489  7489 E aapt2   : No package ID 7f found for resource ID 0x7f040363.
07-25 21:23:40.365  7489  7489 E aapt2   : No package ID 7f found for resource ID 0x7f040364.
07-25 21:23:40.365  7489  7489 E aapt2   : No package ID 7f found for resource ID 0x7f040375.
07-25 21:23:40.365  7489  7489 E aapt2   : No package ID 7f found for resource ID 0x7f0400a5.
07-25 21:23:40.365  7489  7489 E aapt2   : No package ID 7f found for resource ID 0x7f0400a6.
07-25 21:23:40.365  7489  7489 E aapt2   : No package ID 7f found for resource ID 0x7f04018c.
07-25 21:23:40.365  7489  7489 E aapt2   : No package ID 7f found for resource ID 0x7f04018d.
07-25 21:23:40.365  7489  7489 E aapt2   : No package ID 7f found for resource ID 0x7f0400a4.
07-25 21:23:40.365  7489  7489 E aapt2   : No package ID 7f found for resource ID 0x7f040101.
07-25 21:23:40.365  7489  7489 E aapt2   : No package ID 7f found for resource ID 0x7f040269.
07-25 21:23:40.365  7489  7489 E aapt2   : No package ID 7f found for resource ID 0x7f040273.
07-25 21:23:40.365  7489  7489 E aapt2   : No package ID 7f found for resource ID 0x7f040270.
07-25 21:23:40.365  7489  7489 E aapt2   : No package ID 7f found for resource ID 0x7f040266.
07-25 21:23:40.365  7489  7489 E aapt2   : No package ID 7f found for resource ID 0x7f040271.
07-25 21:23:40.365  7489  7489 E aapt2   : No package ID 7f found for resource ID 0x7f040267.
07-25 21:23:40.365  7489  7489 E aapt2   : No package ID 7f found for resource ID 0x7f040274.
07-25 21:23:40.365  7489  7489 E aapt2   : No package ID 7f found for resource ID 0x7f04026e.
07-25 21:23:40.365  7489  7489 E aapt2   : No package ID 7f found for resource ID 0x7f040268.
07-25 21:23:40.365  7489  7489 E aapt2   : No package ID 7f found for resource ID 0x7f040272.
07-25 21:23:40.365  7489  7489 E aapt2   : No package ID 7f found for resource ID 0x7f040263.
07-25 21:23:40.365  7489  7489 E aapt2   : No package ID 7f found for resource ID 0x7f040265.
07-25 21:23:40.365  7489  7489 E aapt2   : No package ID 7f found for resource ID 0x7f040262.
07-25 21:23:40.365  7489  7489 E aapt2   : No package ID 7f found for resource ID 0x7f040264.
07-25 21:23:40.365  7489  7489 E aapt2   : No package ID 7f found for resource ID 0x7f04026b.
07-25 21:23:40.365  7489  7489 E aapt2   : No package ID 7f found for resource ID 0x7f04026d.
07-25 21:23:40.365  7489  7489 E aapt2   : No package ID 7f found for resource ID 0x7f04026a.
07-25 21:23:40.365  7489  7489 E aapt2   : No package ID 7f found for resource ID 0x7f04026c.
07-25 21:23:40.365  7489  7489 E aapt2   : No package ID 7f found for resource ID 0x7f04006d.
07-25 21:23:40.365  7489  7489 E aapt2   : No package ID 7f found for resource ID 0x7f04006a.
07-25 21:23:40.365  7489  7489 E aapt2   : No package ID 7f found for resource ID 0x7f040604.
07-25 21:23:40.365  7489  7489 E aapt2   : No package ID 7f found for resource ID 0x7f040474.
07-25 21:23:40.365  7489  7489 E aapt2   : No package ID 7f found for resource ID 0x7f040482.
07-25 21:23:40.365  7489  7489 E aapt2   : No package ID 7f found for resource ID 0x7f040606.
07-25 21:23:40.365  7489  7489 E aapt2   : No package ID 7f found for resource ID 0x7f0401f3.
07-25 21:23:40.365  7489  7489 E aapt2   : No package ID 7f found for resource ID 0x7f04041f.
07-25 21:23:40.365  7489  7489 E aapt2   : No package ID 7f found for resource ID 0x7f040356.
07-25 21:23:40.365  7489  7489 E aapt2   : No package ID 7f found for resource ID 0x7f040420.
07-25 21:23:40.365  7489  7489 E aapt2   : No package ID 7f found for resource ID 0x7f0404ae.
07-25 21:23:40.365  7489  7489 E aapt2   : No package ID 7f found for resource ID 0x7f0404ad.
07-25 21:23:40.365  7489  7489 E aapt2   : No package ID 7f found for resource ID 0x7f0404ac.
07-25 21:23:40.366  7489  7489 E aapt2   : No package ID 7f found for resource ID 0x7f040370.
07-25 21:23:40.366  7489  7489 E aapt2   : No package ID 7f found for resource ID 0x7f04032b.
07-25 21:23:40.366  7489  7489 E aapt2   : No package ID 7f found for resource ID 0x7f040189.
07-25 21:23:40.366  7489  7489 E aapt2   : No package ID 7f found for resource ID 0x7f04012b.
07-25 21:23:40.366  7489  7489 E aapt2   : No package ID 7f found for resource ID 0x7f040128.
07-25 21:23:40.366  7489  7489 E aapt2   : No package ID 7f found for resource ID 0x7f04012c.
07-25 21:23:40.366  7489  7489 E aapt2   : No package ID 7f found for resource ID 0x7f04012a.
07-25 21:23:40.366  7489  7489 E aapt2   : No package ID 7f found for resource ID 0x7f040129.
07-25 21:23:40.366  7489  7489 E aapt2   : No package ID 7f found for resource ID 0x7f0404ba.
07-25 21:23:40.366  7489  7489 E aapt2   : No package ID 7f found for resource ID 0x7f0404b7.
07-25 21:23:40.366  7489  7489 E aapt2   : No package ID 7f found for resource ID 0x7f0404b8.
07-25 21:23:40.366  7489  7489 E aapt2   : No package ID 7f found for resource ID 0x7f0404b9.
07-25 21:23:40.366  7489  7489 E aapt2   : No package ID 7f found for resource ID 0x7f040481.
07-25 21:23:40.366  7489  7489 E aapt2   : No package ID 7f found for resource ID 0x7f040191.
07-25 21:23:40.366  7489  7489 E aapt2   : No package ID 7f found for resource ID 0x7f040421.
07-25 21:23:40.366  7489  7489 E aapt2   : No package ID 7f found for resource ID 0x7f0401d8.
07-25 21:23:40.366  7489  7489 E aapt2   : No package ID 7f found for resource ID 0x7f040188.
07-25 21:23:40.367  7489  7489 E aapt2   : No package ID 7f found for resource ID 0x7f040321.
07-25 21:23:40.367  7489  7489 E aapt2   : No package ID 7f found for resource ID 0x7f040533.
07-25 21:23:40.367  7489  7489 E aapt2   : No package ID 7f found for resource ID 0x7f040331.
07-25 21:23:40.367  7489  7489 E aapt2   : No package ID 7f found for resource ID 0x7f04032f.
07-25 21:23:40.367  7489  7489 E aapt2   : No package ID 7f found for resource ID 0x7f04036e.
07-25 21:23:40.367  7489  7489 E aapt2   : No package ID 7f found for resource ID 0x7f040330.
07-25 21:23:40.367  7489  7489 E aapt2   : No package ID 7f found for resource ID 0x7f04036d.
07-25 21:23:40.367  7489  7489 E aapt2   : No package ID 7f found for resource ID 0x7f040362.
07-25 21:23:40.367  7489  7489 E aapt2   : No package ID 7f found for resource ID 0x7f04007a.
07-25 21:23:40.367  7489  7489 E aapt2   : No package ID 7f found for resource ID 0x7f0403dc.
07-25 21:23:40.367  7489  7489 E aapt2   : No package ID 7f found for resource ID 0x7f0401bd.
07-25 21:23:40.367  7489  7489 E aapt2   : No package ID 7f found for resource ID 0x7f0401bc.
07-25 21:23:40.367  7489  7489 E aapt2   : No package ID 7f found for resource ID 0x7f0401c1.
07-25 21:23:40.367  7489  7489 E aapt2   : No package ID 7f found for resource ID 0x7f0401bf.
07-25 21:23:40.367  7489  7489 E aapt2   : No package ID 7f found for resource ID 0x7f0401c5.
07-25 21:23:40.367  7489  7489 E aapt2   : No package ID 7f found for resource ID 0x7f0401be.
07-25 21:23:40.367  7489  7489 E aapt2   : No package ID 7f found for resource ID 0x7f0401c3.
07-25 21:23:40.367  7489  7489 E aapt2   : No package ID 7f found for resource ID 0x7f0401bb.
07-25 21:23:40.367  7489  7489 E aapt2   : No package ID 7f found for resource ID 0x7f0401c4.
07-25 21:23:40.367  7489  7489 E aapt2   : No package ID 7f found for resource ID 0x7f0403ce.
07-25 21:23:40.367  7489  7489 E aapt2   : No package ID 7f found for resource ID 0x7f040002.
07-25 21:23:40.367  7489  7489 E aapt2   : No package ID 7f found for resource ID 0x7f040085.
07-25 21:23:40.367  7489  7489 E aapt2   : No package ID 7f found for resource ID 0x7f0400e7.
07-25 21:23:40.367  7489  7489 E aapt2   : No package ID 7f found for resource ID 0x7f0401e3.
07-25 21:23:40.367  7489  7489 E aapt2   : No package ID 7f found for resource ID 0x7f0401df.
07-25 21:23:40.367  7489  7489 E aapt2   : No package ID 7f found for resource ID 0x7f0401dd.
07-25 21:23:40.367  7489  7489 E aapt2   : No package ID 7f found for resource ID 0x7f040494.
07-25 21:23:40.367  7489  7489 E aapt2   : No package ID 7f found for resource ID 0x7f04042e.
07-25 21:23:40.367  7489  7489 E aapt2   : No package ID 7f found for resource ID 0x7f0401de.
07-25 21:23:40.367  7489  7489 E aapt2   : No package ID 7f found for resource ID 0x7f040149.
07-25 21:23:40.367  7489  7489 E aapt2   : No package ID 7f found for resource ID 0x7f04050b.
07-25 21:23:40.367  7489  7489 E aapt2   : No package ID 7f found for resource ID 0x7f0401f8.
07-25 21:23:40.367  7489  7489 E aapt2   : No package ID 7f found for resource ID 0x7f040298.
07-25 21:23:40.367  7489  7489 E aapt2   : No package ID 7f found for resource ID 0x7f040076.
07-25 21:23:40.367  7489  7489 E aapt2   : No package ID 7f found for resource ID 0x7f040077.
07-25 21:23:40.367  7489  7489 E aapt2   : No package ID 7f found for resource ID 0x7f0400a3.
07-25 21:23:40.367  7489  7489 E aapt2   : No package ID 7f found for resource ID 0x7f0405b8.
07-25 21:23:40.367  7489  7489 E aapt2   : No package ID 7f found for resource ID 0x7f04020c.
07-25 21:23:40.367  7489  7489 E aapt2   : No package ID 7f found for resource ID 0x7f040612.
07-25 21:23:40.367  7489  7489 E aapt2   : No package ID 7f found for resource ID 0x7f040239.
07-25 21:23:40.367  7489  7489 E aapt2   : No package ID 7f found for resource ID 0x7f0404f3.
07-25 21:23:40.367  7489  7489 E aapt2   : No package ID 7f found for resource ID 0x7f0402ab.
07-25 21:23:40.367  7489  7489 E aapt2   : No package ID 7f found for resource ID 0x7f040238.
07-25 21:23:40.367  7489  7489 E aapt2   : No package ID 7f found for resource ID 0x7f0404f8.
07-25 21:23:40.367  7489  7489 E aapt2   : No package ID 7f found for resource ID 0x7f040140.
07-25 21:23:40.367  7489  7489 E aapt2   : No package ID 7f found for resource ID 0x7f0400a7.
07-25 21:23:40.367  7489  7489 E aapt2   : No package ID 7f found for resource ID 0x7f0400a8.
07-25 21:23:40.367  7489  7489 E aapt2   : No package ID 7f found for resource ID 0x7f04031a.
07-25 21:23:40.367  7489  7489 E aapt2   : No package ID 7f found for resource ID 0x7f040613.
07-25 21:23:40.367  7489  7489 E aapt2   : No package ID 7f found for resource ID 0x7f04012d.
07-25 21:23:40.367  7489  7489 E aapt2   : No package ID 7f found for resource ID 0x7f04045f.
07-25 21:23:40.367  7489  7489 E aapt2   : No package ID 7f found for resource ID 0x7f04018f.
07-25 21:23:40.367  7489  7489 E aapt2   : No package ID 7f found for resource ID 0x7f0404ca.
07-25 21:23:40.367  7489  7489 E aapt2   : No package ID 7f found for resource ID 0x7f040641.
07-25 21:23:40.367  7489  7489 E aapt2   : No package ID 7f found for resource ID 0x7f040642.
07-25 21:23:40.367  7489  7489 E aapt2   : No package ID 7f found for resource ID 0x7f040509.
07-25 21:23:40.367  7489  7489 E aapt2   : No package ID 7f found for resource ID 0x7f04050a.
07-25 21:23:40.367  7489  7489 E aapt2   : No package ID 7f found for resource ID 0x7f0402c7.
07-25 21:23:40.367  7489  7489 E aapt2   : No package ID 7f found for resource ID 0x7f0405d4.
07-25 21:23:40.367  7489  7489 E aapt2   : No package ID 7f found for resource ID 0x7f04060e.
07-25 21:23:40.367  7489  7489 E aapt2   : No package ID 7f found for resource ID 0x7f040090.
07-25 21:23:40.367  7489  7489 E aapt2   : No package ID 7f found for resource ID 0x7f040091.
07-25 21:23:40.367  7489  7489 E aapt2   : No package ID 7f found for resource ID 0x7f0404c3.
07-25 21:23:40.367  7489  7489 E aapt2   : No package ID 7f found for resource ID 0x7f040248.
07-25 21:23:40.367  7489  7489 E aapt2   : No package ID 7f found for resource ID 0x7f040247.
07-25 21:23:40.367  7489  7489 E aapt2   : No package ID 7f found for resource ID 0x7f04021e.
07-25 21:23:40.367  7489  7489 E aapt2   : No package ID 7f found for resource ID 0x7f0402c6.
07-25 21:23:40.368  7489  7489 E aapt2   : No package ID 7f found for resource ID 0x7f0404a5.
07-25 21:23:40.368  7489  7489 E aapt2   : No package ID 7f found for resource ID 0x7f0400c2.
07-25 21:23:40.368  7489  7489 E aapt2   : No package ID 7f found for resource ID 0x7f04060f.
07-25 21:23:40.368  7489  7489 E aapt2   : No package ID 7f found for resource ID 0x7f0403d0.
07-25 21:23:40.368  7489  7489 E aapt2   : No package ID 7f found for resource ID 0x7f0404e0.
07-25 21:23:40.368  7489  7489 E aapt2   : No package ID 7f found for resource ID 0x7f0404e8.
07-25 21:23:40.368  7489  7489 E aapt2   : No package ID 7f found for resource ID 0x7f040311.
07-25 21:23:40.368  7489  7489 E aapt2   : No package ID 7f found for resource ID 0x7f04037b.
07-25 21:23:40.368  7489  7489 E aapt2   : No package ID 7f found for resource ID 0x7f040281.
07-25 21:23:40.368  7489  7489 E aapt2   : No package ID 7f found for resource ID 0x7f04027e.
07-25 21:23:40.368  7489  7489 E aapt2   : No package ID 7f found for resource ID 0x7f0401e4.
07-25 21:23:40.368  7489  7489 E aapt2   : No package ID 7f found for resource ID 0x7f0403cb.
07-25 21:23:40.368  7489  7489 E aapt2   : No package ID 7f found for resource ID 0x7f04027a.
07-25 21:23:40.368  7489  7489 E aapt2   : No package ID 7f found for resource ID 0x7f04027b.
07-25 21:23:40.368  7489  7489 E aapt2   : No package ID 7f found for resource ID 0x7f040279.
07-25 21:23:40.368  7489  7489 E aapt2   : No package ID 7f found for resource ID 0x7f04027c.
07-25 21:23:40.368  7489  7489 E aapt2   : No package ID 7f found for resource ID 0x7f040286.
07-25 21:23:40.368  7489  7489 E aapt2   : No package ID 7f found for resource ID 0x7f040289.
07-25 21:23:40.368  7489  7489 E aapt2   : No package ID 7f found for resource ID 0x7f04028d.
07-25 21:23:40.368  7489  7489 E aapt2   : No package ID 7f found for resource ID 0x7f04028e.
07-25 21:23:40.368  7489  7489 E aapt2   : No package ID 7f found for resource ID 0x7f04028a.
07-25 21:23:40.368  7489  7489 E aapt2   : No package ID 7f found for resource ID 0x7f04028b.
07-25 21:23:40.368  7489  7489 E aapt2   : No package ID 7f found for resource ID 0x7f04028c.
07-25 21:23:40.368  7489  7489 E aapt2   : No package ID 7f found for resource ID 0x7f04028f.
07-25 21:23:40.368  7489  7489 E aapt2   : No package ID 7f found for resource ID 0x7f040290.
07-25 21:23:40.368  7489  7489 E aapt2   : No package ID 7f found for resource ID 0x7f040287.
07-25 21:23:40.368  7489  7489 E aapt2   : No package ID 7f found for resource ID 0x7f040292.
07-25 21:23:40.368  7489  7489 E aapt2   : No package ID 7f found for resource ID 0x7f040291.
07-25 21:23:40.368  7489  7489 E aapt2   : No package ID 7f found for resource ID 0x7f04060b.
07-25 21:23:40.368  7489  7489 E aapt2   : No package ID 7f found for resource ID 0x7f040295.
07-25 21:23:40.368  7489  7489 E aapt2   : No package ID 7f found for resource ID 0x7f040426.
07-25 21:23:40.368  7489  7489 E aapt2   : No package ID 7f found for resource ID 0x7f04029e.
07-25 21:23:40.368  7489  7489 E aapt2   : No package ID 7f found for resource ID 0x7f04029c.
07-25 21:23:40.368  7489  7489 E aapt2   : No package ID 7f found for resource ID 0x7f040444.
07-25 21:23:40.368  7489  7489 E aapt2   : No package ID 7f found for resource ID 0x7f040436.
07-25 21:23:40.368  7489  7489 E aapt2   : No package ID 7f found for resource ID 0x7f040445.
07-25 21:23:40.368  7489  7489 E aapt2   : No package ID 7f found for resource ID 0x7f0400fe.
07-25 21:23:40.368  7489  7489 E aapt2   : No package ID 7f found for resource ID 0x7f04043d.
07-25 21:23:40.368  7489  7489 E aapt2   : No package ID 7f found for resource ID 0x7f04043e.
07-25 21:23:40.368  7489  7489 E aapt2   : No package ID 7f found for resource ID 0x7f04043f.
07-25 21:23:40.368  7489  7489 E aapt2   : No package ID 7f found for resource ID 0x7f040440.
07-25 21:23:40.368  7489  7489 E aapt2   : No package ID 7f found for resource ID 0x7f040439.
07-25 21:23:40.368  7489  7489 E aapt2   : No package ID 7f found for resource ID 0x7f04043a.
07-25 21:23:40.368  7489  7489 E aapt2   : No package ID 7f found for resource ID 0x7f04043b.
07-25 21:23:40.368  7489  7489 E aapt2   : No package ID 7f found for resource ID 0x7f04043c.
07-25 21:23:40.368  7489  7489 E aapt2   : No package ID 7f found for resource ID 0x7f040284.
07-25 21:23:40.368  7489  7489 E aapt2   : No package ID 7f found for resource ID 0x7f040059.
07-25 21:23:40.368  7489  7489 E aapt2   : No package ID 7f found for resource ID 0x7f040434.
07-25 21:23:40.368  7489  7489 E aapt2   : No package ID 7f found for resource ID 0x7f040437.
07-25 21:23:40.368  7489  7489 E aapt2   : No package ID 7f found for resource ID 0x7f040435.
07-25 21:23:40.368  7489  7489 E aapt2   : No package ID 7f found for resource ID 0x7f040443.
07-25 21:23:40.368  7489  7489 E aapt2   : No package ID 7f found for resource ID 0x7f040438.
07-25 21:23:40.368  7489  7489 E aapt2   : No package ID 7f found for resource ID 0x7f0402ee.
07-25 21:23:40.368  7489  7489 E aapt2   : No package ID 7f found for resource ID 0x7f0402f1.
07-25 21:23:40.368  7489  7489 E aapt2   : No package ID 7f found for resource ID 0x7f0401cd.
07-25 21:23:40.368  7489  7489 E aapt2   : No package ID 7f found for resource ID 0x7f0401cf.
07-25 21:23:40.368  7489  7489 E aapt2   : No package ID 7f found for resource ID 0x7f0402fa.
07-25 21:23:40.368  7489  7489 E aapt2   : No package ID 7f found for resource ID 0x7f0401db.
07-25 21:23:40.368  7489  7489 E aapt2   : No package ID 7f found for resource ID 0x7f04063d.
07-25 21:23:40.368  7489  7489 E aapt2   : No package ID 7f found for resource ID 0x7f04063e.
07-25 21:23:40.368  7489  7489 E aapt2   : No package ID 7f found for resource ID 0x7f040057.
07-25 21:23:40.368  7489  7489 E aapt2   : No package ID 7f found for resource ID 0x7f040058.
07-25 21:23:40.368  7489  7489 E aapt2   : No package ID 7f found for resource ID 0x7f040282.
07-25 21:23:40.368  7489  7489 E aapt2   : No package ID 7f found for resource ID 0x7f040283.
07-25 21:23:40.368  7489  7489 E aapt2   : No package ID 7f found for resource ID 0x7f0402c4.
07-25 21:23:40.368  7489  7489 E aapt2   : No package ID 7f found for resource ID 0x7f0402c5.
07-25 21:23:40.368  7489  7489 E aapt2   : No package ID 7f found for resource ID 0x7f040639.
07-25 21:23:40.368  7489  7489 E aapt2   : No package ID 7f found for resource ID 0x7f04063a.
07-25 21:23:40.369  7489  7489 E aapt2   : No package ID 7f found for resource ID 0x7f040045.
07-25 21:23:40.369  7489  7489 E aapt2   : No package ID 7f found for resource ID 0x7f04029d.
07-25 21:23:40.369  7489  7489 E aapt2   : No package ID 7f found for resource ID 0x7f040056.
07-25 21:23:40.369  7489  7489 E aapt2   : No package ID 7f found for resource ID 0x7f040046.
07-25 21:23:40.369  7489  7489 E aapt2   : No package ID 7f found for resource ID 0x7f0402f2.
07-25 21:23:40.369  7489  7489 E aapt2   : No package ID 7f found for resource ID 0x7f04029f.
07-25 21:23:40.369  7489  7489 E aapt2   : No package ID 7f found for resource ID 0x7f0401da.
07-25 21:23:40.369  7489  7489 E aapt2   : No package ID 7f found for resource ID 0x7f0402ef.
07-25 21:23:40.369  7489  7489 E aapt2   : No package ID 7f found for resource ID 0x7f0403e9.
07-25 21:23:40.369  7489  7489 E aapt2   : No package ID 7f found for resource ID 0x7f0403e7.
07-25 21:23:40.369  7489  7489 E aapt2   : No package ID 7f found for resource ID 0x7f040442.
07-25 21:23:40.369  7489  7489 E aapt2   : No package ID 7f found for resource ID 0x7f040441.
07-25 21:23:40.369  7489  7489 E aapt2   : No package ID 7f found for resource ID 0x7f0400b3.
07-25 21:23:40.369  7489  7489 E aapt2   : No package ID 7f found for resource ID 0x7f040066.
07-25 21:23:40.369  7489  7489 E aapt2   : No package ID 7f found for resource ID 0x7f0404c8.
07-25 21:23:40.369  7489  7489 E aapt2   : No package ID 7f found for resource ID 0x7f0400d6.
07-25 21:23:40.369  7489  7489 E aapt2   : No package ID 7f found for resource ID 0x7f04061e.
07-25 21:23:40.369  7489  7489 E aapt2   : No package ID 7f found for resource ID 0x7f0401a1.
07-25 21:23:40.369  7489  7489 E aapt2   : No package ID 7f found for resource ID 0x7f0401b6.
07-25 21:23:40.369  7489  7489 E aapt2   : No package ID 7f found for resource ID 0x7f0404c5.
07-25 21:23:40.369  7489  7489 E aapt2   : No package ID 7f found for resource ID 0x7f040455.
07-25 21:23:40.369  7489  7489 E aapt2   : No package ID 7f found for resource ID 0x7f0404c6.
07-25 21:23:40.369  7489  7489 E aapt2   : No package ID 7f found for resource ID 0x7f0402e0.
07-25 21:23:40.369  7489  7489 E aapt2   : No package ID 7f found for resource ID 0x7f0402e1.
07-25 21:23:40.369  7489  7489 E aapt2   : No package ID 7f found for resource ID 0x7f0402e3.
07-25 21:23:40.369  7489  7489 E aapt2   : No package ID 7f found for resource ID 0x7f0402e2.
07-25 21:23:40.369  7489  7489 E aapt2   : No package ID 7f found for resource ID 0x7f040636.
07-25 21:23:40.369  7489  7489 E aapt2   : No package ID 7f found for resource ID 0x7f040280.
07-25 21:23:40.369  7489  7489 E aapt2   : No package ID 7f found for resource ID 0x7f040461.
07-25 21:23:40.369  7489  7489 E aapt2   : No package ID 7f found for resource ID 0x7f040463.
07-25 21:23:40.369  7489  7489 E aapt2   : No package ID 7f found for resource ID 0x7f040464.
07-25 21:23:40.369  7489  7489 E aapt2   : No package ID 7f found for resource ID 0x7f040466.
07-25 21:23:40.369  7489  7489 E aapt2   : No package ID 7f found for resource ID 0x7f040468.
07-25 21:23:40.369  7489  7489 E aapt2   : No package ID 7f found for resource ID 0x7f040394.
07-25 21:23:40.369  7489  7489 E aapt2   : No package ID 7f found for resource ID 0x7f040395.
07-25 21:23:40.369  7489  7489 E aapt2   : No package ID 7f found for resource ID 0x7f040396.
07-25 21:23:40.369  7489  7489 E aapt2   : No package ID 7f found for resource ID 0x7f04036c.
07-25 21:23:40.369  7489  7489 E aapt2   : No package ID 7f found for resource ID 0x7f040297.
07-25 21:23:40.369  7489  7489 E aapt2   : No package ID 7f found for resource ID 0x7f040421.
07-25 21:23:40.369  7489  7489 E aapt2   : No package ID 7f found for resource ID 0x7f040604.
07-25 21:23:40.369  7489  7489 E aapt2   : No package ID 7f found for resource ID 0x7f0401ba.
07-25 21:23:40.369  7489  7489 E aapt2   : No package ID 7f found for resource ID 0x7f04041f.
07-25 21:23:40.369  7489  7489 E aapt2   : No package ID 7f found for resource ID 0x7f0405fe.
07-25 21:23:40.369  7489  7489 E aapt2   : No package ID 7f found for resource ID 0x7f040606.
07-25 21:23:40.369  7489  7489 E aapt2   : No package ID 7f found for resource ID 0x7f040421.
07-25 21:23:40.369  7489  7489 E aapt2   : No package ID 7f found for resource ID 0x7f04041f.
07-25 21:23:40.369  7489  7489 E aapt2   : No package ID 7f found for resource ID 0x7f040623.
07-25 21:23:40.369  7489  7489 E aapt2   : No package ID 7f found for resource ID 0x7f040622.
07-25 21:23:40.369  7489  7489 E aapt2   : No package ID 7f found for resource ID 0x7f040621.
07-25 21:23:40.369  7489  7489 E aapt2   : No package ID 7f found for resource ID 0x7f040620.
07-25 21:23:40.369  7489  7489 E aapt2   : No package ID 7f found for resource ID 0x7f040624.
07-25 21:23:40.369  7489  7489 E aapt2   : No package ID 7f found for resource ID 0x7f04031b.
07-25 21:23:40.369  7489  7489 E aapt2   : No package ID 7f found for resource ID 0x7f040478.
07-25 21:23:40.369  7489  7489 E aapt2   : No package ID 7f found for resource ID 0x7f040479.
07-25 21:23:40.369  7489  7489 E aapt2   : No package ID 7f found for resource ID 0x7f040477.
07-25 21:23:40.369  7489  7489 E aapt2   : No package ID 7f found for resource ID 0x7f040476.
07-25 21:23:40.369  7489  7489 E aapt2   : No package ID 7f found for resource ID 0x7f040421.
07-25 21:23:40.369  7489  7489 E aapt2   : No package ID 7f found for resource ID 0x7f040474.
07-25 21:23:40.369  7489  7489 E aapt2   : No package ID 7f found for resource ID 0x7f0401f3.
07-25 21:23:40.369  7489  7489 E aapt2   : No package ID 7f found for resource ID 0x7f040503.
07-25 21:23:40.369  7489  7489 E aapt2   : No package ID 7f found for resource ID 0x7f040421.
07-25 21:23:40.369  7489  7489 E aapt2   : No package ID 7f found for resource ID 0x7f04041f.
07-25 21:23:40.369  7489  7489 E aapt2   : No package ID 7f found for resource ID 0x7f04061f.
07-25 21:23:40.369  7489  7489 E aapt2   : No package ID 7f found for resource ID 0x7f040421.
07-25 21:23:40.369  7489  7489 E aapt2   : No package ID 7f found for resource ID 0x7f040609.
07-25 21:23:40.369  7489  7489 E aapt2   : No package ID 7f found for resource ID 0x7f04044d.
07-25 21:23:40.369  7489  7489 E aapt2   : No package ID 7f found for resource ID 0x7f04044e.
07-25 21:23:40.369  7489  7489 E aapt2   : No package ID 7f found for resource ID 0x7f04044b.
07-25 21:23:40.369  7489  7489 E aapt2   : No package ID 7f found for resource ID 0x7f04061a.
07-25 21:23:40.369  7489  7489 E aapt2   : No package ID 7f found for resource ID 0x7f04061b.
07-25 21:23:40.369  7489  7489 E aapt2   : No package ID 7f found for resource ID 0x7f040619.
07-25 21:23:40.369  7489  7489 E aapt2   : No package ID 7f found for resource ID 0x7f04060a.
07-25 21:23:40.369  7489  7489 E aapt2   : No package ID 7f found for resource ID 0x7f040608.
07-25 21:23:40.370  7489  7489 E aapt2   : No package ID 7f found for resource ID 0x7f040422.
07-25 21:23:40.370  7489  7489 E aapt2   : No package ID 7f found for resource ID 0x7f040423.
07-25 21:23:40.370  7489  7489 E aapt2   : No package ID 7f found for resource ID 0x7f04035d.
07-25 21:23:40.370  7489  7489 E aapt2   : No package ID 7f found for resource ID 0x7f040346.
07-25 21:23:40.370  7489  7489 E aapt2   : No package ID 7f found for resource ID 0x7f04033d.
07-25 21:23:40.370  7489  7489 E aapt2   : No package ID 7f found for resource ID 0x7f04033f.
07-25 21:23:40.370  7489  7489 E aapt2   : No package ID 7f found for resource ID 0x7f04033e.
07-25 21:23:40.370  7489  7489 E aapt2   : No package ID 7f found for resource ID 0x7f040343.
07-25 21:23:40.370  7489  7489 E aapt2   : No package ID 7f found for resource ID 0x7f040344.
07-25 21:23:40.370  7489  7489 E aapt2   : No package ID 7f found for resource ID 0x7f040345.
07-25 21:23:40.370  7489  7489 E aapt2   : No package ID 7f found for resource ID 0x7f0402a1.
07-25 21:23:40.370  7489  7489 E aapt2   : No package ID 7f found for resource ID 0x7f04034f.
07-25 21:23:40.370  7489  7489 E aapt2   : No package ID 7f found for resource ID 0x7f040350.
07-25 21:23:40.370  7489  7489 E aapt2   : No package ID 7f found for resource ID 0x7f040352.
07-25 21:23:40.370  7489  7489 E aapt2   : No package ID 7f found for resource ID 0x7f040353.
07-25 21:23:40.370  7489  7489 E aapt2   : No package ID 7f found for resource ID 0x7f040359.
07-25 21:23:40.370  7489  7489 E aapt2   : No package ID 7f found for resource ID 0x7f040358.
07-25 21:23:40.370  7489  7489 E aapt2   : No package ID 7f found for resource ID 0x7f04033c.
07-25 21:23:40.370  7489  7489 E aapt2   : No package ID 7f found for resource ID 0x7f04033b.
07-25 21:23:40.370  7489  7489 E aapt2   : No package ID 7f found for resource ID 0x7f040337.
07-25 21:23:40.370  7489  7489 E aapt2   : No package ID 7f found for resource ID 0x7f040339.
07-25 21:23:40.370  7489  7489 E aapt2   : No package ID 7f found for resource ID 0x7f040338.
07-25 21:23:40.370  7489  7489 E aapt2   : No package ID 7f found for resource ID 0x7f040354.
07-25 21:23:40.370  7489  7489 E aapt2   : No package ID 7f found for resource ID 0x7f040355.
07-25 21:23:40.370  7489  7489 E aapt2   : No package ID 7f found for resource ID 0x7f040342.
07-25 21:23:40.370  7489  7489 E aapt2   : No package ID 7f found for resource ID 0x7f040341.
07-25 21:23:40.370  7489  7489 E aapt2   : No package ID 7f found for resource ID 0x7f040368.
07-25 21:23:40.370  7489  7489 E aapt2   : No package ID 7f found for resource ID 0x7f04036b.
07-25 21:23:40.370  7489  7489 E aapt2   : No package ID 7f found for resource ID 0x7f040369.
07-25 21:23:40.370  7489  7489 E aapt2   : No package ID 7f found for resource ID 0x7f040366.
07-25 21:23:40.370  7489  7489 E aapt2   : No package ID 7f found for resource ID 0x7f04036a.
07-25 21:23:40.370  7489  7489 E aapt2   : No package ID 7f found for resource ID 0x7f040367.
07-25 21:23:40.370  7489  7489 E aapt2   : No package ID 7f found for resource ID 0x7f040365.
07-25 21:23:40.370  7489  7489 E aapt2   : No package ID 7f found for resource ID 0x7f04036f.
07-25 21:23:40.370  7489  7489 E aapt2   : No package ID 7f found for resource ID 0x7f040335.
07-25 21:23:40.370  7489  7489 E aapt2   : No package ID 7f found for resource ID 0x7f040334.
07-25 21:23:40.370  7489  7489 E aapt2   : No package ID 7f found for resource ID 0x7f04034b.
07-25 21:23:40.370  7489  7489 E aapt2   : No package ID 7f found for resource ID 0x7f04035a.
07-25 21:23:40.370  7489  7489 E aapt2   : No package ID 7f found for resource ID 0x7f04035e.
07-25 21:23:40.370  7489  7489 E aapt2   : No package ID 7f found for resource ID 0x7f040347.
07-25 21:23:40.370  7489  7489 E aapt2   : No package ID 7f found for resource ID 0x7f040360.
07-25 21:23:40.370  7489  7489 E aapt2   : No package ID 7f found for resource ID 0x7f04035f.
07-25 21:23:40.370  7489  7489 E aapt2   : No package ID 7f found for resource ID 0x7f040361.
07-25 21:23:40.370  7489  7489 E aapt2   : No package ID 7f found for resource ID 0x7f040349.
07-25 21:23:40.370  7489  7489 E aapt2   : No package ID 7f found for resource ID 0x7f040348.
07-25 21:23:40.370  7489  7489 E aapt2   : No package ID 7f found for resource ID 0x7f04034a.
07-25 21:23:40.370  7489  7489 E aapt2   : No package ID 7f found for resource ID 0x7f04034e.
07-25 21:23:40.370  7489  7489 E aapt2   : No package ID 7f found for resource ID 0x7f040357.
07-25 21:23:40.370  7489  7489 E aapt2   : No package ID 7f found for resource ID 0x7f040351.
07-25 21:23:40.370  7489  7489 E aapt2   : No package ID 7f found for resource ID 0x7f04033a.
07-25 21:23:40.370  7489  7489 E aapt2   : No package ID 7f found for resource ID 0x7f040336.
07-25 21:23:40.370  7489  7489 E aapt2   : No package ID 7f found for resource ID 0x7f040340.
07-25 21:23:40.370  7489  7489 E aapt2   : No package ID 7f found for resource ID 0x7f04034d.
07-25 21:23:40.370  7489  7489 E aapt2   : No package ID 7f found for resource ID 0x7f04035c.
07-25 21:23:40.370  7489  7489 E aapt2   : No package ID 7f found for resource ID 0x7f04034c.
07-25 21:23:40.370  7489  7489 E aapt2   : No package ID 7f found for resource ID 0x7f04035b.
07-25 21:23:40.370  7489  7489 E aapt2   : No package ID 7f found for resource ID 0x7f040363.
07-25 21:23:40.370  7489  7489 E aapt2   : No package ID 7f found for resource ID 0x7f040364.
07-25 21:23:40.370  7489  7489 E aapt2   : No package ID 7f found for resource ID 0x7f040375.
07-25 21:23:40.370  7489  7489 E aapt2   : No package ID 7f found for resource ID 0x7f0400a5.
07-25 21:23:40.370  7489  7489 E aapt2   : No package ID 7f found for resource ID 0x7f0400a6.
07-25 21:23:40.370  7489  7489 E aapt2   : No package ID 7f found for resource ID 0x7f04018c.
07-25 21:23:40.370  7489  7489 E aapt2   : No package ID 7f found for resource ID 0x7f04018d.
07-25 21:23:40.370  7489  7489 E aapt2   : No package ID 7f found for resource ID 0x7f0403cf.
07-25 21:23:40.370  7489  7489 E aapt2   : No package ID 7f found for resource ID 0x7f0403d7.
07-25 21:23:40.370  7489  7489 E aapt2   : No package ID 7f found for resource ID 0x7f0403ea.
07-25 21:23:40.370  7489  7489 E aapt2   : No package ID 7f found for resource ID 0x7f0403ef.
07-25 21:23:40.370  7489  7489 E aapt2   : No package ID 7f found for resource ID 0x7f0400a4.
07-25 21:23:40.370  7489  7489 E aapt2   : No package ID 7f found for resource ID 0x7f040101.
07-25 21:23:40.371  7489  7489 E aapt2   : No package ID 7f found for resource ID 0x7f0403d8.
07-25 21:23:40.371  7489  7489 E aapt2   : No package ID 7f found for resource ID 0x7f0401e8.
07-25 21:23:40.371  7489  7489 E aapt2   : No package ID 7f found for resource ID 0x7f0404f1.
07-25 21:23:40.371  7489  7489 E aapt2   : No package ID 7f found for resource ID 0x7f0401ed.
07-25 21:23:40.371  7489  7489 E aapt2   : No package ID 7f found for resource ID 0x7f0402e4.
07-25 21:23:40.371  7489  7489 E aapt2   : No package ID 7f found for resource ID 0x7f0402e8.
07-25 21:23:40.371  7489  7489 E aapt2   : No package ID 7f found for resource ID 0x7f0405fa.
07-25 21:23:40.371  7489  7489 E aapt2   : No package ID 7f found for resource ID 0x7f040220.
07-25 21:23:40.371  7489  7489 E aapt2   : No package ID 7f found for resource ID 0x7f040221.
07-25 21:23:40.371  7489  7489 E aapt2   : No package ID 7f found for resource ID 0x7f040612.
07-25 21:23:40.371  7489  7489 E aapt2   : No package ID 7f found for resource ID 0x7f04038e.
07-25 21:23:40.371  7489  7489 E aapt2   : No package ID 7f found for resource ID 0x7f04038d.
07-25 21:23:40.371  7489  7489 E aapt2   : No package ID 7f found for resource ID 0x7f040090.
07-25 21:23:40.371  7489  7489 E aapt2   : No package ID 7f found for resource ID 0x7f04008b.
07-25 21:23:40.371  7489  7489 E aapt2   : No package ID 7f found for resource ID 0x7f04008c.
07-25 21:23:40.371  7489  7489 E aapt2   : No package ID 7f found for resource ID 0x7f04008a.
07-25 21:23:40.371  7489  7489 E aapt2   : No package ID 7f found for resource ID 0x7f040089.
07-25 21:23:40.371  7489  7489 E aapt2   : No package ID 7f found for resource ID 0x7f04039b.
07-25 21:23:40.371  7489  7489 E aapt2   : No package ID 7f found for resource ID 0x7f04039d.
07-25 21:23:40.371  7489  7489 E aapt2   : No package ID 7f found for resource ID 0x7f04039c.
07-25 21:23:40.371  7489  7489 E aapt2   : No package ID 7f found for resource ID 0x7f04039e.
07-25 21:23:40.371  7489  7489 E aapt2   : No package ID 7f found for resource ID 0x7f040399.
07-25 21:23:40.371  7489  7489 E aapt2   : No package ID 7f found for resource ID 0x7f04039a.
07-25 21:23:40.371  7489  7489 E aapt2   : No package ID 7f found for resource ID 0x7f0404fb.
07-25 21:23:40.371  7489  7489 E aapt2   : No package ID 7f found for resource ID 0x7f0404fe.
07-25 21:23:40.371  7489  7489 E aapt2   : No package ID 7f found for resource ID 0x7f0404fc.
07-25 21:23:40.371  7489  7489 E aapt2   : No package ID 7f found for resource ID 0x7f0404fd.
07-25 21:23:40.371  7489  7489 E aapt2   : No package ID 7f found for resource ID 0x7f040200.
07-25 21:23:40.371  7489  7489 E aapt2   : No package ID 7f found for resource ID 0x7f040091.
07-25 21:23:40.371  7489  7489 E aapt2   : No package ID 7f found for resource ID 0x7f04020c.
07-25 21:23:40.371  7489  7489 E aapt2   : No package ID 7f found for resource ID 0x7f0402c7.
07-25 21:23:40.371  7489  7489 E aapt2   : No package ID 7f found for resource ID 0x7f0402cf.
07-25 21:23:40.371  7489  7489 E aapt2   : No package ID 7f found for resource ID 0x7f0402ce.
07-25 21:23:40.371  7489  7489 E aapt2   : No package ID 7f found for resource ID 0x7f0402cb.
07-25 21:23:40.371  7489  7489 E aapt2   : No package ID 7f found for resource ID 0x7f0402da.
07-25 21:23:40.371  7489  7489 E aapt2   : No package ID 7f found for resource ID 0x7f0402db.
07-25 21:23:40.371  7489  7489 E aapt2   : No package ID 7f found for resource ID 0x7f0404e0.
07-25 21:23:40.371  7489  7489 E aapt2   : No package ID 7f found for resource ID 0x7f0404e8.
07-25 21:23:40.371  7489  7489 E aapt2   : No package ID 7f found for resource ID 0x7f040537.
07-25 21:23:40.371  7489  7489 E aapt2   : No package ID 7f found for resource ID 0x7f040538.
07-25 21:23:40.371  7489  7489 E aapt2   : No package ID 7f found for resource ID 0x7f0401aa.
07-25 21:23:40.371  7489  7489 E aapt2   : No package ID 7f found for resource ID 0x7f0404c3.
07-25 21:23:40.371  7489  7489 E aapt2   : No package ID 7f found for resource ID 0x7f0405e3.
07-25 21:23:40.371  7489  7489 E aapt2   : No package ID 7f found for resource ID 0x7f040502.
07-25 21:23:40.371  7489  7489 E aapt2   : No package ID 7f found for resource ID 0x7f0404dd.
07-25 21:23:40.371  7489  7489 E aapt2   : No package ID 7f found for resource ID 0x7f040107.
07-25 21:23:40.371  7489  7489 E aapt2   : No package ID 7f found for resource ID 0x7f0401cb.
07-25 21:23:40.371  7489  7489 E aapt2   : No package ID 7f found for resource ID 0x7f0401c9.
07-25 21:23:40.371  7489  7489 E aapt2   : No package ID 7f found for resource ID 0x7f0401ca.
07-25 21:23:40.371  7489  7489 E aapt2   : No package ID 7f found for resource ID 0x7f0401cc.
07-25 21:23:40.371  7489  7489 E aapt2   : No package ID 7f found for resource ID 0x7f040644.
07-25 21:23:40.371  7489  7489 E aapt2   : No package ID 7f found for resource ID 0x7f040643.
07-25 21:23:40.371  7489  7489 E aapt2   : No package ID 7f found for resource ID 0x7f040645.
07-25 21:23:40.371  7489  7489 E aapt2   : No package ID 7f found for resource ID 0x7f0404b3.
07-25 21:23:40.371  7489  7489 E aapt2   : No package ID 7f found for resource ID 0x7f040431.
07-25 21:23:40.371  7489  7489 E aapt2   : No package ID 7f found for resource ID 0x7f0402fe.
07-25 21:23:40.371  7489  7489 E aapt2   : No package ID 7f found for resource ID 0x7f040318.
07-25 21:23:40.371  7489  7489 E aapt2   : No package ID 7f found for resource ID 0x7f040312.
07-25 21:23:40.371  7489  7489 E aapt2   : No package ID 7f found for resource ID 0x7f040313.
07-25 21:23:40.372  7489  7489 E aapt2   : No package ID 7f found for resource ID 0x7f04030a.
07-25 21:23:40.372  7489  7489 E aapt2   : No package ID 7f found for resource ID 0x7f04030b.
07-25 21:23:40.372  7489  7489 E aapt2   : No package ID 7f found for resource ID 0x7f0400ed.
07-25 21:23:40.372  7489  7489 E aapt2   : No package ID 7f found for resource ID 0x7f040109.
07-25 21:23:40.372  7489  7489 E aapt2   : No package ID 7f found for resource ID 0x7f04010e.
07-25 21:23:40.372  7489  7489 E aapt2   : No package ID 7f found for resource ID 0x7f04010d.
07-25 21:23:40.372  7489  7489 E aapt2   : No package ID 7f found for resource ID 0x7f04010c.
07-25 21:23:40.372  7489  7489 E aapt2   : No package ID 7f found for resource ID 0x7f04010b.
07-25 21:23:40.372  7489  7489 E aapt2   : No package ID 7f found for resource ID 0x7f04052d.
07-25 21:23:40.372  7489  7489 E aapt2   : No package ID 7f found for resource ID 0x7f0400dc.
07-25 21:23:40.372  7489  7489 E aapt2   : No package ID 7f found for resource ID 0x7f040611.
07-25 21:23:40.372  7489  7489 E aapt2   : No package ID 7f found for resource ID 0x7f0400e5.
07-25 21:23:40.372  7489  7489 E aapt2   : No package ID 7f found for resource ID 0x7f0400de.
07-25 21:23:40.372  7489  7489 E aapt2   : No package ID 7f found for resource ID 0x7f0400e0.
07-25 21:23:40.372  7489  7489 E aapt2   : No package ID 7f found for resource ID 0x7f0400e1.
07-25 21:23:40.372  7489  7489 E aapt2   : No package ID 7f found for resource ID 0x7f0400ff.
07-25 21:23:40.372  7489  7489 E aapt2   : No package ID 7f found for resource ID 0x7f040229.
07-25 21:23:40.372  7489  7489 E aapt2   : No package ID 7f found for resource ID 0x7f040222.
07-25 21:23:40.372  7489  7489 E aapt2   : No package ID 7f found for resource ID 0x7f040110.
07-25 21:23:40.372  7489  7489 E aapt2   : No package ID 7f found for resource ID 0x7f04052e.
07-25 21:23:40.372  7489  7489 E aapt2   : No package ID 7f found for resource ID 0x7f04052f.
07-25 21:23:40.372  7489  7489 E aapt2   : No package ID 7f found for resource ID 0x7f0401e9.
07-25 21:23:40.372  7489  7489 E aapt2   : No package ID 7f found for resource ID 0x7f0401ee.
07-25 21:23:40.372  7489  7489 E aapt2   : No package ID 7f found for resource ID 0x7f0401eb.
07-25 21:23:40.372  7489  7489 E aapt2   : No package ID 7f found for resource ID 0x7f0401ec.
07-25 21:23:40.372  7489  7489 E aapt2   : No package ID 7f found for resource ID 0x7f040328.
07-25 21:23:40.372  7489  7489 E aapt2   : No package ID 7f found for resource ID 0x7f0405bc.
07-25 21:23:40.372  7489  7489 E aapt2   : No package ID 7f found for resource ID 0x7f0405be.
07-25 21:23:40.372  7489  7489 E aapt2   : No package ID 7f found for resource ID 0x7f0405bf.
07-25 21:23:40.372  7489  7489 E aapt2   : No package ID 7f found for resource ID 0x7f0405bd.
07-25 21:23:40.372  7489  7489 E aapt2   : No package ID 7f found for resource ID 0x7f0405f5.
07-25 21:23:40.372  7489  7489 E aapt2   : No package ID 7f found for resource ID 0x7f0405f6.
07-25 21:23:40.372  7489  7489 E aapt2   : No package ID 7f found for resource ID 0x7f0405f7.
07-25 21:23:40.372  7489  7489 E aapt2   : No package ID 7f found for resource ID 0x7f04037a.
07-25 21:23:40.372  7489  7489 E aapt2   : No package ID 7f found for resource ID 0x7f040320.
07-25 21:23:40.372  7489  7489 E aapt2   : No package ID 7f found for resource ID 0x7f040133.
07-25 21:23:40.372  7489  7489 E aapt2   : No package ID 7f found for resource ID 0x7f04042a.
07-25 21:23:40.372  7489  7489 E aapt2   : No package ID 7f found for resource ID 0x7f0405d5.
07-25 21:23:40.372  7489  7489 E aapt2   : No package ID 7f found for resource ID 0x7f040540.
07-25 21:23:40.372  7489  7489 E aapt2   : No package ID 7f found for resource ID 0x7f040390.
07-25 21:23:40.372  7489  7489 E aapt2   : No package ID 7f found for resource ID 0x7f040392.
07-25 21:23:40.372  7489  7489 E aapt2   : No package ID 7f found for resource ID 0x7f040064.
07-25 21:23:40.372  7489  7489 E aapt2   : No package ID 7f found for resource ID 0x7f040447.
07-25 21:23:40.372  7489  7489 E aapt2   : No package ID 7f found for resource ID 0x7f0404ef.
07-25 21:23:40.372  7489  7489 E aapt2   : No package ID 7f found for resource ID 0x7f040011.
07-25 21:23:40.372  7489  7489 E aapt2   : No package ID 7f found for resource ID 0x7f040027.
07-25 21:23:40.372  7489  7489 E aapt2   : No package ID 7f found for resource ID 0x7f040025.
07-25 21:23:40.372  7489  7489 E aapt2   : No package ID 7f found for resource ID 0x7f040192.
07-25 21:23:40.372  7489  7489 E aapt2   : No package ID 7f found for resource ID 0x7f0405eb.
07-25 21:23:40.372  7489  7489 E aapt2   : No package ID 7f found for resource ID 0x7f0404a4.
07-25 21:23:40.372  7489  7489 E aapt2   : No package ID 7f found for resource ID 0x7f040539.
07-25 21:23:40.372  7489  7489 E aapt2   : No package ID 7f found for resource ID 0x7f0403f2.
07-25 21:23:40.372  7489  7489 E aapt2   : No package ID 7f found for resource ID 0x7f0403f4.
07-25 21:23:40.372  7489  7489 E aapt2   : No package ID 7f found for resource ID 0x7f0403f3.
07-25 21:23:40.372  7489  7489 E aapt2   : No package ID 7f found for resource ID 0x7f0403f1.
07-25 21:23:40.372  7489  7489 E aapt2   : No package ID 7f found for resource ID 0x7f0403f5.
07-25 21:23:40.372  7489  7489 E aapt2   : No package ID 7f found for resource ID 0x7f0403f6.
07-25 21:23:40.372  7489  7489 E aapt2   : No package ID 7f found for resource ID 0x7f04006d.
07-25 21:23:40.372  7489  7489 E aapt2   : No package ID 7f found for resource ID 0x7f04006a.
07-25 21:23:40.372  7489  7489 E aapt2   : No package ID 7f found for resource ID 0x7f040604.
07-25 21:23:40.372  7489  7489 E aapt2   : No package ID 7f found for resource ID 0x7f040474.
07-25 21:23:40.372  7489  7489 E aapt2   : No package ID 7f found for resource ID 0x7f04041e.
07-25 21:23:40.372  7489  7489 E aapt2   : No package ID 7f found for resource ID 0x7f040420.
07-25 21:23:40.372  7489  7489 E aapt2   : No package ID 7f found for resource ID 0x7f0401f3.
07-25 21:23:40.372  7489  7489 E aapt2   : No package ID 7f found for resource ID 0x7f0404ae.
07-25 21:23:40.372  7489  7489 E aapt2   : No package ID 7f found for resource ID 0x7f0404ad.
07-25 21:23:40.372  7489  7489 E aapt2   : No package ID 7f found for resource ID 0x7f0404ac.
07-25 21:23:40.372  7489  7489 E aapt2   : No package ID 7f found for resource ID 0x7f040417.
07-25 21:23:40.372  7489  7489 E aapt2   : No package ID 7f found for resource ID 0x7f040415.
07-25 21:23:40.372  7489  7489 E aapt2   : No package ID 7f found for resource ID 0x7f040419.
07-25 21:23:40.372  7489  7489 E aapt2   : No package ID 7f found for resource ID 0x7f04041a.
07-25 21:23:40.372  7489  7489 E aapt2   : No package ID 7f found for resource ID 0x7f040414.
07-25 21:23:40.372  7489  7489 E aapt2   : No package ID 7f found for resource ID 0x7f04041b.
07-25 21:23:40.372  7489  7489 E aapt2   : No package ID 7f found for resource ID 0x7f040416.
07-25 21:23:40.372  7489  7489 E aapt2   : No package ID 7f found for resource ID 0x7f040418.
07-25 21:23:40.373  7489  7489 E aapt2   : No package ID 7f found for resource ID 0x7f04044f.
07-25 21:23:40.373  7489  7489 E aapt2   : No package ID 7f found for resource ID 0x7f04044c.
07-25 21:23:40.373  7489  7489 E aapt2   : No package ID 7f found for resource ID 0x7f0405b0.
07-25 21:23:40.373  7489  7489 E aapt2   : No package ID 7f found for resource ID 0x7f0405b1.
07-25 21:23:40.373  7489  7489 E aapt2   : No package ID 7f found for resource ID 0x7f0400b4.
07-25 21:23:40.373  7489  7489 E aapt2   : No package ID 7f found for resource ID 0x7f0404c9.
07-25 21:23:40.373  7489  7489 E aapt2   : No package ID 7f found for resource ID 0x7f0400b5.
07-25 21:23:40.373  7489  7489 E aapt2   : No package ID 7f found for resource ID 0x7f0405af.
07-25 21:23:40.373  7489  7489 E aapt2   : No package ID 7f found for resource ID 0x7f0405ae.
07-25 21:23:40.373  7489  7489 E aapt2   : No package ID 7f found for resource ID 0x7f04059c.
07-25 21:23:40.373  7489  7489 E aapt2   : No package ID 7f found for resource ID 0x7f0405b6.
07-25 21:23:40.373  7489  7489 E aapt2   : No package ID 7f found for resource ID 0x7f0405b5.
07-25 21:23:40.373  7489  7489 E aapt2   : No package ID 7f found for resource ID 0x7f0405b3.
07-25 21:23:40.373  7489  7489 E aapt2   : No package ID 7f found for resource ID 0x7f04059d.
07-25 21:23:40.373  7489  7489 E aapt2   : No package ID 7f found for resource ID 0x7f04059e.
07-25 21:23:40.373  7489  7489 E aapt2   : No package ID 7f found for resource ID 0x7f0405a0.
07-25 21:23:40.373  7489  7489 E aapt2   : No package ID 7f found for resource ID 0x7f04059f.
07-25 21:23:40.373  7489  7489 E aapt2   : No package ID 7f found for resource ID 0x7f0405b4.
07-25 21:23:40.373  7489  7489 E aapt2   : No package ID 7f found for resource ID 0x7f04032b.
07-25 21:23:40.373  7489  7489 E aapt2   : No package ID 7f found for resource ID 0x7f0401b7.
07-25 21:23:40.373  7489  7489 E aapt2   : No package ID 7f found for resource ID 0x7f04041f.
07-25 21:23:40.373  7489  7489 E aapt2   : No package ID 7f found for resource ID 0x7f040073.
07-25 21:23:40.373  7489  7489 E aapt2   : No package ID 7f found for resource ID 0x7f0404f4.
07-25 21:23:40.373  7489  7489 E aapt2   : No package ID 7f found for resource ID 0x7f0403f7.
07-25 21:23:40.373  7489  7489 E aapt2   : No package ID 7f found for resource ID 0x7f0401ce.
07-25 21:23:40.373  7489  7489 E aapt2   : No package ID 7f found for resource ID 0x7f04032c.
07-25 21:23:40.373  7489  7489 E aapt2   : No package ID 7f found for resource ID 0x7f040575.
07-25 21:23:40.373  7489  7489 E aapt2   : No package ID 7f found for resource ID 0x7f040573.
07-25 21:23:40.373  7489  7489 E aapt2   : No package ID 7f found for resource ID 0x7f040574.
07-25 21:23:40.373  7489  7489 E aapt2   : No package ID 7f found for resource ID 0x7f040220.
07-25 21:23:40.373  7489  7489 E aapt2   : No package ID 7f found for resource ID 0x7f040221.
07-25 21:23:40.373  7489  7489 E aapt2   : No package ID 7f found for resource ID 0x7f0401d9.
07-25 21:23:40.373  7489  7489 E aapt2   : No package ID 7f found for resource ID 0x7f040329.
07-25 21:23:40.373  7489  7489 E aapt2   : No package ID 7f found for resource ID 0x7f0404c1.
07-25 21:23:40.373  7489  7489 E aapt2   : No package ID 7f found for resource ID 0x7f040485.
07-25 21:23:40.373  7489  7489 E aapt2   : No package ID 7f found for resource ID 0x7f040486.
07-25 21:23:40.373  7489  7489 E aapt2   : No package ID 7f found for resource ID 0x7f040487.
07-25 21:23:40.373  7489  7489 E aapt2   : No package ID 7f found for resource ID 0x7f04021f.
07-25 21:23:40.373  7489  7489 E aapt2   : No package ID 7f found for resource ID 0x7f04022c.
07-25 21:23:40.373  7489  7489 E aapt2   : No package ID 7f found for resource ID 0x7f040483.
07-25 21:23:40.373  7489  7489 E aapt2   : No package ID 7f found for resource ID 0x7f040484.
07-25 21:23:40.373  7489  7489 E aapt2   : No package ID 7f found for resource ID 0x7f040433.
07-25 21:23:40.373  7489  7489 E aapt2   : No package ID 7f found for resource ID 0x7f040075.
07-25 21:23:40.373  7489  7489 E aapt2   : No package ID 7f found for resource ID 0x7f04060e.
07-25 21:23:40.373  7489  7489 E aapt2   : No package ID 7f found for resource ID 0x7f040003.
07-25 21:23:40.373  7489  7489 E aapt2   : No package ID 7f found for resource ID 0x7f0403dd.
07-25 21:23:40.373  7489  7489 E aapt2   : No package ID 7f found for resource ID 0x7f040522.
07-25 21:23:40.373  7489  7489 E aapt2   : No package ID 7f found for resource ID 0x7f040427.
07-25 21:23:40.373  7489  7489 E aapt2   : No package ID 7f found for resource ID 0x7f04029b.
07-25 21:23:40.373  7489  7489 E aapt2   : No package ID 7f found for resource ID 0x7f040393.
07-25 21:23:40.373  7489  7489 E aapt2   : No package ID 7f found for resource ID 0x7f0403d9.
07-25 21:23:40.373  7489  7489 E aapt2   : No package ID 7f found for resource ID 0x7f040325.
07-25 21:23:40.373  7489  7489 E aapt2   : No package ID 7f found for resource ID 0x7f0402fd.
07-25 21:23:40.373  7489  7489 E aapt2   : No package ID 7f found for resource ID 0x7f040309.
07-25 21:23:40.373  7489  7489 E aapt2   : No package ID 7f found for resource ID 0x7f040302.
07-25 21:23:40.373  7489  7489 E aapt2   : No package ID 7f found for resource ID 0x7f040303.
07-25 21:23:40.373  7489  7489 E aapt2   : No package ID 7f found for resource ID 0x7f040317.
07-25 21:23:40.373  7489  7489 E aapt2   : No package ID 7f found for resource ID 0x7f040315.
07-25 21:23:40.373  7489  7489 E aapt2   : No package ID 7f found for resource ID 0x7f040316.
07-25 21:23:40.373  7489  7489 E aapt2   : No package ID 7f found for resource ID 0x7f040308.
07-25 21:23:40.373  7489  7489 E aapt2   : No package ID 7f found for resource ID 0x7f040307.
07-25 21:23:40.373  7489  7489 E aapt2   : No package ID 7f found for resource ID 0x7f040028.
07-25 21:23:40.373  7489  7489 E aapt2   : No package ID 7f found for resource ID 0x7f0402fc.
07-25 21:23:40.373  7489  7489 E aapt2   : No package ID 7f found for resource ID 0x7f04020c.
07-25 21:23:40.373  7489  7489 E aapt2   : No package ID 7f found for resource ID 0x7f040305.
07-25 21:23:40.373  7489  7489 E aapt2   : No package ID 7f found for resource ID 0x7f0402a4.
07-25 21:23:40.373  7489  7489 E aapt2   : No package ID 7f found for resource ID 0x7f0403db.
07-25 21:23:40.373  7489  7489 E aapt2   : No package ID 7f found for resource ID 0x7f040468.
07-25 21:23:40.373  7489  7489 E aapt2   : No package ID 7f found for resource ID 0x7f040461.
07-25 21:23:40.373  7489  7489 E aapt2   : No package ID 7f found for resource ID 0x7f040466.
07-25 21:23:40.373  7489  7489 E aapt2   : No package ID 7f found for resource ID 0x7f04020c.
07-25 21:23:40.373  7489  7489 E aapt2   : No package ID 7f found for resource ID 0x7f04053a.
07-25 21:23:40.373  7489  7489 E aapt2   : No package ID 7f found for resource ID 0x7f04053d.
07-25 21:23:40.373  7489  7489 E aapt2   : No package ID 7f found for resource ID 0x7f040314.
07-25 21:23:40.373  7489  7489 E aapt2   : No package ID 7f found for resource ID 0x7f0402ff.
07-25 21:23:40.373  7489  7489 E aapt2   : No package ID 7f found for resource ID 0x7f040319.
07-25 21:23:40.373  7489  7489 E aapt2   : No package ID 7f found for resource ID 0x7f040301.
07-25 21:23:40.373  7489  7489 E aapt2   : No package ID 7f found for resource ID 0x7f040304.
07-25 21:23:40.373  7489  7489 E aapt2   : No package ID 7f found for resource ID 0x7f04030a.
07-25 21:23:40.373  7489  7489 E aapt2   : No package ID 7f found for resource ID 0x7f04030b.
07-25 21:23:40.373  7489  7489 E aapt2   : No package ID 7f found for resource ID 0x7f04030f.
07-25 21:23:40.374  7489  7489 E aapt2   : No package ID 7f found for resource ID 0x7f040310.
07-25 21:23:40.374  7489  7489 E aapt2   : No package ID 7f found for resource ID 0x7f04030e.
07-25 21:23:40.374  7489  7489 E aapt2   : No package ID 7f found for resource ID 0x7f04030d.
07-25 21:23:40.374  7489  7489 E aapt2   : No package ID 7f found for resource ID 0x7f04030c.
07-25 21:23:40.374  7489  7489 E aapt2   : No package ID 7f found for resource ID 0x7f0405ec.
07-25 21:23:40.374  7489  7489 E aapt2   : No package ID 7f found for resource ID 0x7f0400c5.
07-25 21:23:40.374  7489  7489 E aapt2   : No package ID 7f found for resource ID 0x7f04053c.
07-25 21:23:40.374  7489  7489 E aapt2   : No package ID 7f found for resource ID 0x7f04053b.
07-25 21:23:40.374  7489  7489 E aapt2   : No package ID 7f found for resource ID 0x7f0401fe.
07-25 21:23:40.374  7489  7489 E aapt2   : No package ID 7f found for resource ID 0x7f0404c7.
07-25 21:23:40.374  7489  7489 E aapt2   : No package ID 7f found for resource ID 0x7f040571.
07-25 21:23:40.374  7489  7489 E aapt2   : No package ID 7f found for resource ID 0x7f040130.
07-25 21:23:40.374  7489  7489 E aapt2   : No package ID 7f found for resource ID 0x7f0401f1.
07-25 21:23:40.374  7489  7489 E aapt2   : No package ID 7f found for resource ID 0x7f0401f2.
07-25 21:23:40.374  7489  7489 E aapt2   : No package ID 7f found for resource ID 0x7f04007c.
07-25 21:23:40.374  7489  7489 E aapt2   : No package ID 7f found for resource ID 0x7f0403d6.
07-25 21:23:40.374  7489  7489 E aapt2   : No package ID 7f found for resource ID 0x7f0403c8.
07-25 21:23:40.374  7489  7489 E aapt2   : No package ID 7f found for resource ID 0x7f040518.
07-25 21:23:40.374  7489  7489 E aapt2   : No package ID 7f found for resource ID 0x7f040519.
07-25 21:23:40.374  7489  7489 E aapt2   : No package ID 7f found for resource ID 0x7f040517.
07-25 21:23:40.374  7489  7489 E aapt2   : No package ID 7f found for resource ID 0x7f04051a.
07-25 21:23:40.374  7489  7489 E aapt2   : No package ID 7f found for resource ID 0x7f040516.
07-25 21:23:40.374  7489  7489 E aapt2   : No package ID 7f found for resource ID 0x7f0401f0.
07-25 21:23:40.374  7489  7489 E aapt2   : No package ID 7f found for resource ID 0x7f0405ed.
07-25 21:23:40.374  7489  7489 E aapt2   : No package ID 7f found for resource ID 0x7f0405ee.
07-25 21:23:40.374  7489  7489 E aapt2   : No package ID 7f found for resource ID 0x7f0404c4.
07-25 21:23:40.374  7489  7489 E aapt2   : No package ID 7f found for resource ID 0x7f0405ef.
07-25 21:23:40.374  7489  7489 E aapt2   : No package ID 7f found for resource ID 0x7f040379.
07-25 21:23:40.374  7489  7489 E aapt2   : No package ID 7f found for resource ID 0x7f04042f.
07-25 21:23:40.374  7489  7489 E aapt2   : No package ID 7f found for resource ID 0x7f040424.
07-25 21:23:40.374  7489  7489 E aapt2   : No package ID 7f found for resource ID 0x7f040451.
07-25 21:23:40.374  7489  7489 E aapt2   : No package ID 7f found for resource ID 0x7f040469.
07-25 21:23:40.374  7489  7489 E aapt2   : No package ID 7f found for resource ID 0x7f040033.
07-25 21:23:40.374  7489  7489 E aapt2   : No package ID 7f found for resource ID 0x7f040454.
07-25 21:23:40.374  7489  7489 E aapt2   : No package ID 7f found for resource ID 0x7f04052a.
07-25 21:23:40.374  7489  7489 E aapt2   : No package ID 7f found for resource ID 0x7f0402c7.
07-25 21:23:40.374  7489  7489 E aapt2   : No package ID 7f found for resource ID 0x7f04031a.
07-25 21:23:40.374  7489  7489 E aapt2   : No package ID 7f found for resource ID 0x7f0405d4.
07-25 21:23:40.374  7489  7489 E aapt2   : No package ID 7f found for resource ID 0x7f040548.
07-25 21:23:40.374  7489  7489 E aapt2   : No package ID 7f found for resource ID 0x7f040452.
07-25 21:23:40.374  7489  7489 E aapt2   : No package ID 7f found for resource ID 0x7f040296.
07-25 21:23:40.374  7489  7489 E aapt2   : No package ID 7f found for resource ID 0x7f04032a.
07-25 21:23:40.374  7489  7489 E aapt2   : No package ID 7f found for resource ID 0x7f040627.
07-25 21:23:40.374  7489  7489 E aapt2   : No package ID 7f found for resource ID 0x7f040213.
07-25 21:23:40.374  7489  7489 E aapt2   : No package ID 7f found for resource ID 0x7f0404da.
07-25 21:23:40.374  7489  7489 E aapt2   : No package ID 7f found for resource ID 0x7f0401d7.
07-25 21:23:40.374  7489  7489 E aapt2   : No package ID 7f found for resource ID 0x7f04047b.
07-25 21:23:40.374  7489  7489 E aapt2   : No package ID 7f found for resource ID 0x7f0401d4.
07-25 21:23:40.374  7489  7489 E aapt2   : No package ID 7f found for resource ID 0x7f0404ec.
07-25 21:23:40.374  7489  7489 E aapt2   : No package ID 7f found for resource ID 0x7f04005f.
07-25 21:23:40.374  7489  7489 E aapt2   : No package ID 7f found for resource ID 0x7f040061.
07-25 21:23:40.374  7489  7489 E aapt2   : No package ID 7f found for resource ID 0x7f040501.
07-25 21:23:40.374  7489  7489 E aapt2   : No package ID 7f found for resource ID 0x7f0402d4.
07-25 21:23:40.374  7489  7489 E aapt2   : No package ID 7f found for resource ID 0x7f0402f9.
07-25 21:23:40.375  7489  7489 E aapt2   : No package ID 7f found for resource ID 0x7f040211.
07-25 21:23:40.375  7489  7489 E aapt2   : No package ID 7f found for resource ID 0x7f040060.
07-25 21:23:40.375  7489  7489 E aapt2   : No package ID 7f found for resource ID 0x7f040453.
07-25 21:23:40.375  7489  7489 E aapt2   : No package ID 7f found for resource ID 0x7f0402ed.
07-25 21:23:40.375  7489  7489 E aapt2   : No package ID 7f found for resource ID 0x7f0403d7.
07-25 21:23:40.375  7489  7489 E aapt2   : No package ID 7f found for resource ID 0x7f0403cf.
07-25 21:23:40.375  7489  7489 E aapt2   : No package ID 7f found for resource ID 0x7f04049e.
07-25 21:23:40.375  7489  7489 E aapt2   : No package ID 7f found for resource ID 0x7f040496.
07-25 21:23:40.375  7489  7489 E aapt2   : No package ID 7f found for resource ID 0x7f040497.
07-25 21:23:40.375  7489  7489 E aapt2   : No package ID 7f found for resource ID 0x7f04049c.
07-25 21:23:40.375  7489  7489 E aapt2   : No package ID 7f found for resource ID 0x7f04049a.
07-25 21:23:40.375  7489  7489 E aapt2   : No package ID 7f found for resource ID 0x7f040498.
07-25 21:23:40.375  7489  7489 E aapt2   : No package ID 7f found for resource ID 0x7f040495.
07-25 21:23:40.375  7489  7489 E aapt2   : No package ID 7f found for resource ID 0x7f04049d.
07-25 21:23:40.375  7489  7489 E aapt2   : No package ID 7f found for resource ID 0x7f04049b.
07-25 21:23:40.375  7489  7489 E aapt2   : No package ID 7f found for resource ID 0x7f040102.
07-25 21:23:40.375  7489  7489 E aapt2   : No package ID 7f found for resource ID 0x7f0401e0.
07-25 21:23:40.375  7489  7489 E aapt2   : No package ID 7f found for resource ID 0x7f04020a.
07-25 21:23:40.375  7489  7489 E aapt2   : No package ID 7f found for resource ID 0x7f040205.
07-25 21:23:40.375  7489  7489 E aapt2   : No package ID 7f found for resource ID 0x7f040499.
07-25 21:23:40.375  7489  7489 E aapt2   : No package ID 7f found for resource ID 0x7f04054e.
07-25 21:23:40.375  7489  7489 E aapt2   : No package ID 7f found for resource ID 0x7f04054d.
07-25 21:23:40.375  7489  7489 E aapt2   : No package ID 7f found for resource ID 0x7f0404d8.
07-25 21:23:40.375  7489  7489 E aapt2   : No package ID 7f found for resource ID 0x7f040426.
07-25 21:23:40.375  7489  7489 E aapt2   : No package ID 7f found for resource ID 0x7f0403f0.
07-25 21:23:40.375  7489  7489 E aapt2   : No package ID 7f found for resource ID 0x7f0403eb.
07-25 21:23:40.375  7489  7489 E aapt2   : No package ID 7f found for resource ID 0x7f0403df.
07-25 21:23:40.375  7489  7489 E aapt2   : No package ID 7f found for resource ID 0x7f0403e3.
07-25 21:23:40.375  7489  7489 E aapt2   : No package ID 7f found for resource ID 0x7f0403e0.
07-25 21:23:40.375  7489  7489 E aapt2   : No package ID 7f found for resource ID 0x7f0403e4.
07-25 21:23:40.375  7489  7489 E aapt2   : No package ID 7f found for resource ID 0x7f0403e2.
07-25 21:23:40.375  7489  7489 E aapt2   : No package ID 7f found for resource ID 0x7f0403e6.
07-25 21:23:40.375  7489  7489 E aapt2   : No package ID 7f found for resource ID 0x7f0403e1.
07-25 21:23:40.375  7489  7489 E aapt2   : No package ID 7f found for resource ID 0x7f0403e5.
07-25 21:23:40.375  7489  7489 E aapt2   : No package ID 7f found for resource ID 0x7f0400b6.
07-25 21:23:40.375  7489  7489 E aapt2   : No package ID 7f found for resource ID 0x7f0400b7.
07-25 21:23:40.375  7489  7489 E aapt2   : No package ID 7f found for resource ID 0x7f0400c1.
07-25 21:23:40.375  7489  7489 E aapt2   : No package ID 7f found for resource ID 0x7f0400b8.
07-25 21:23:40.375  7489  7489 E aapt2   : No package ID 7f found for resource ID 0x7f0400b9.
07-25 21:23:40.375  7489  7489 E aapt2   : No package ID 7f found for resource ID 0x7f0400ba.
07-25 21:23:40.375  7489  7489 E aapt2   : No package ID 7f found for resource ID 0x7f0400be.
07-25 21:23:40.375  7489  7489 E aapt2   : No package ID 7f found for resource ID 0x7f0400bf.
07-25 21:23:40.375  7489  7489 E aapt2   : No package ID 7f found for resource ID 0x7f0400c0.
07-25 21:23:40.375  7489  7489 E aapt2   : No package ID 7f found for resource ID 0x7f0400bb.
07-25 21:23:40.375  7489  7489 E aapt2   : No package ID 7f found for resource ID 0x7f0400bc.
07-25 21:23:40.375  7489  7489 E aapt2   : No package ID 7f found for resource ID 0x7f0400bd.
07-25 21:23:40.375  7489  7489 E aapt2   : No package ID 7f found for resource ID 0x7f040041.
07-25 21:23:40.375  7489  7489 E aapt2   : No package ID 7f found for resource ID 0x7f040047.
07-25 21:23:40.375  7489  7489 E aapt2   : No package ID 7f found for resource ID 0x7f040042.
07-25 21:23:40.375  7489  7489 E aapt2   : No package ID 7f found for resource ID 0x7f040048.
07-25 21:23:40.375  7489  7489 E aapt2   : No package ID 7f found for resource ID 0x7f040044.
07-25 21:23:40.375  7489  7489 E aapt2   : No package ID 7f found for resource ID 0x7f04004a.
07-25 21:23:40.375  7489  7489 E aapt2   : No package ID 7f found for resource ID 0x7f040043.
07-25 21:23:40.375  7489  7489 E aapt2   : No package ID 7f found for resource ID 0x7f040049.
07-25 21:23:40.375  7489  7489 E aapt2   : No package ID 7f found for resource ID 0x7f04004c.
07-25 21:23:40.375  7489  7489 E aapt2   : No package ID 7f found for resource ID 0x7f04004d.
07-25 21:23:40.375  7489  7489 E aapt2   : No package ID 7f found for resource ID 0x7f04004f.
07-25 21:23:40.375  7489  7489 E aapt2   : No package ID 7f found for resource ID 0x7f04004e.
07-25 21:23:40.375  7489  7489 E aapt2   : No package ID 7f found for resource ID 0x7f040050.
07-25 21:23:40.375  7489  7489 E aapt2   : No package ID 7f found for resource ID 0x7f040052.
07-25 21:23:40.375  7489  7489 E aapt2   : No package ID 7f found for resource ID 0x7f040051.
07-25 21:23:40.375  7489  7489 E aapt2   : No package ID 7f found for resource ID 0x7f040035.
07-25 21:23:40.375  7489  7489 E aapt2   : No package ID 7f found for resource ID 0x7f040036.
07-25 21:23:40.375  7489  7489 E aapt2   : No package ID 7f found for resource ID 0x7f040040.
07-25 21:23:40.375  7489  7489 E aapt2   : No package ID 7f found for resource ID 0x7f040037.
07-25 21:23:40.375  7489  7489 E aapt2   : No package ID 7f found for resource ID 0x7f040038.
07-25 21:23:40.375  7489  7489 E aapt2   : No package ID 7f found for resource ID 0x7f040039.
07-25 21:23:40.375  7489  7489 E aapt2   : No package ID 7f found for resource ID 0x7f04003d.
07-25 21:23:40.375  7489  7489 E aapt2   : No package ID 7f found for resource ID 0x7f04003e.
07-25 21:23:40.375  7489  7489 E aapt2   : No package ID 7f found for resource ID 0x7f04003f.
07-25 21:23:40.375  7489  7489 E aapt2   : No package ID 7f found for resource ID 0x7f04003a.
07-25 21:23:40.375  7489  7489 E aapt2   : No package ID 7f found for resource ID 0x7f04003b.
07-25 21:23:40.375  7489  7489 E aapt2   : No package ID 7f found for resource ID 0x7f04003c.
07-25 21:23:40.375  7489  7489 E aapt2   : No package ID 7f found for resource ID 0x7f0402bc.
07-25 21:23:40.375  7489  7489 E aapt2   : No package ID 7f found for resource ID 0x7f0402bd.
07-25 21:23:40.375  7489  7489 E aapt2   : No package ID 7f found for resource ID 0x7f0402be.
07-25 21:23:40.375  7489  7489 E aapt2   : No package ID 7f found for resource ID 0x7f0402bf.
07-25 21:23:40.375  7489  7489 E aapt2   : No package ID 7f found for resource ID 0x7f0402c0.
07-25 21:23:40.375  7489  7489 E aapt2   : No package ID 7f found for resource ID 0x7f0402c1.
07-25 21:23:40.375  7489  7489 E aapt2   : No package ID 7f found for resource ID 0x7f0402c2.
07-25 21:23:40.375  7489  7489 E aapt2   : No package ID 7f found for resource ID 0x7f0402c3.
07-25 21:23:40.375  7489  7489 E aapt2   : No package ID 7f found for resource ID 0x7f0405ff.
07-25 21:23:40.375  7489  7489 E aapt2   : No package ID 7f found for resource ID 0x7f040600.
07-25 21:23:40.375  7489  7489 E aapt2   : No package ID 7f found for resource ID 0x7f040601.
07-25 21:23:40.375  7489  7489 E aapt2   : No package ID 7f found for resource ID 0x7f040602.
07-25 21:23:40.375  7489  7489 E aapt2   : No package ID 7f found for resource ID 0x7f0402cc.
07-25 21:23:40.375  7489  7489 E aapt2   : No package ID 7f found for resource ID 0x7f0402d0.
07-25 21:23:40.375  7489  7489 E aapt2   : No package ID 7f found for resource ID 0x7f0402d3.
07-25 21:23:40.375  7489  7489 E aapt2   : No package ID 7f found for resource ID 0x7f0402d2.
07-25 21:23:40.375  7489  7489 E aapt2   : No package ID 7f found for resource ID 0x7f0402d6.
07-25 21:23:40.375  7489  7489 E aapt2   : No package ID 7f found for resource ID 0x7f0402d7.
07-25 21:23:40.375  7489  7489 E aapt2   : No package ID 7f found for resource ID 0x7f0402d9.
07-25 21:23:40.375  7489  7489 E aapt2   : No package ID 7f found for resource ID 0x7f0402d8.
07-25 21:23:40.375  7489  7489 E aapt2   : No package ID 7f found for resource ID 0x7f04051e.
07-25 21:23:40.376  7489  7489 E aapt2   : No package ID 7f found for resource ID 0x7f04051f.
07-25 21:23:40.376  7489  7489 E aapt2   : No package ID 7f found for resource ID 0x7f040520.
07-25 21:23:40.376  7489  7489 E aapt2   : No package ID 7f found for resource ID 0x7f040521.
07-25 21:23:40.376  7489  7489 E aapt2   : No package ID 7f found for resource ID 0x7f0400e8.
07-25 21:23:40.376  7489  7489 E aapt2   : No package ID 7f found for resource ID 0x7f0402b5.
07-25 21:23:40.376  7489  7489 E aapt2   : No package ID 7f found for resource ID 0x7f0402b6.
07-25 21:23:40.376  7489  7489 E aapt2   : No package ID 7f found for resource ID 0x7f0402b7.
07-25 21:23:40.376  7489  7489 E aapt2   : No package ID 7f found for resource ID 0x7f0402b8.
07-25 21:23:40.376  7489  7489 E aapt2   : No package ID 7f found for resource ID 0x7f04061c.
07-25 21:23:40.376  7489  7489 E aapt2   : No package ID 7f found for resource ID 0x7f04041f.
07-25 21:23:40.376  7489  7489 E aapt2   : No package ID 7f found for resource ID 0x7f040356.
07-25 21:23:40.376  7489  7489 E aapt2   : No package ID 7f found for resource ID 0x7f0403b5.
07-25 21:23:40.376  7489  7489 E aapt2   : No package ID 7f found for resource ID 0x7f040614.
07-25 21:23:40.376  7489  7489 E aapt2   : No package ID 7f found for resource ID 0x7f0403ed.
07-25 21:23:40.376  7489  7489 E aapt2   : No package ID 7f found for resource ID 0x7f040460.
07-25 21:23:40.376  7489  7489 E aapt2   : No package ID 7f found for resource ID 0x7f040467.
07-25 21:23:40.376  7489  7489 E aapt2   : No package ID 7f found for resource ID 0x7f04032e.
07-25 21:23:40.376  7489  7489 E aapt2   : No package ID 7f found for resource ID 0x7f040508.
07-25 21:23:40.376  7489  7489 E aapt2   : No package ID 7f found for resource ID 0x7f0404c2.
07-25 21:23:40.376  7489  7489 E aapt2   : No package ID 7f found for resource ID 0x7f04051c.
07-25 21:23:40.376  7489  7489 E aapt2   : No package ID 7f found for resource ID 0x7f040249.
07-25 21:23:40.376  7489  7489 E aapt2   : No package ID 7f found for resource ID 0x7f04024c.
07-25 21:23:40.376  7489  7489 E aapt2   : No package ID 7f found for resource ID 0x7f04024d.
07-25 21:23:40.376  7489  7489 E aapt2   : No package ID 7f found for resource ID 0x7f04024a.
07-25 21:23:40.376  7489  7489 E aapt2   : No package ID 7f found for resource ID 0x7f04024b.
07-25 21:23:40.376  7489  7489 E aapt2   : No package ID 7f found for resource ID 0x7f0400e9.
07-25 21:23:40.376  7489  7489 E aapt2   : No package ID 7f found for resource ID 0x7f0401e4.
07-25 21:23:40.376  7489  7489 E aapt2   : No package ID 7f found for resource ID 0x7f0403cb.
07-25 21:23:40.376  7489  7489 E aapt2   : No package ID 7f found for resource ID 0x7f0403ca.
07-25 21:23:40.376  7489  7489 E aapt2   : No package ID 7f found for resource ID 0x7f0402f0.
07-25 21:23:40.376  7489  7489 E aapt2   : No package ID 7f found for resource ID 0x7f0400ae.
07-25 21:23:40.376  7489  7489 E aapt2   : No package ID 7f found for resource ID 0x7f040090.
07-25 21:23:40.376  7489  7489 E aapt2   : No package ID 7f found for resource ID 0x7f04020c.
07-25 21:23:40.376  7489  7489 E aapt2   : No package ID 7f found for resource ID 0x7f0401d0.
07-25 21:23:40.376  7489  7489 E aapt2   : No package ID 7f found for resource ID 0x7f0401d2.
07-25 21:23:40.376  7489  7489 E aapt2   : No package ID 7f found for resource ID 0x7f0402ac.
07-25 21:23:40.376  7489  7489 E aapt2   : No package ID 7f found for resource ID 0x7f040294.
07-25 21:23:40.376  7489  7489 E aapt2   : No package ID 7f found for resource ID 0x7f0405d3.
07-25 21:23:40.376  7489  7489 E aapt2   : No package ID 7f found for resource ID 0x7f04042a.
07-25 21:23:40.376  7489  7489 E aapt2   : No package ID 7f found for resource ID 0x7f040537.
07-25 21:23:40.376  7489  7489 E aapt2   : No package ID 7f found for resource ID 0x7f040538.
07-25 21:23:40.376  7489  7489 E aapt2   : No package ID 7f found for resource ID 0x7f0401c0.
07-25 21:23:40.376  7489  7489 E aapt2   : No package ID 7f found for resource ID 0x7f040397.
07-25 21:23:40.376  7489  7489 E aapt2   : No package ID 7f found for resource ID 0x7f0402dc.
07-25 21:23:40.376  7489  7489 E aapt2   : No package ID 7f found for resource ID 0x7f0404b0.
07-25 21:23:40.376  7489  7489 E aapt2   : No package ID 7f found for resource ID 0x7f0401d1.
07-25 21:23:40.376  7489  7489 E aapt2   : No package ID 7f found for resource ID 0x7f040135.
07-25 21:23:40.376  7489  7489 E aapt2   : No package ID 7f found for resource ID 0x7f04029a.
07-25 21:23:40.376  7489  7489 E aapt2   : No package ID 7f found for resource ID 0x7f0404cf.
07-25 21:23:40.376  7489  7489 E aapt2   : No package ID 7f found for resource ID 0x7f0404ce.
07-25 21:23:40.376  7489  7489 E aapt2   : No package ID 7f found for resource ID 0x7f04061d.
07-25 21:23:40.376  7489  7489 E aapt2   : No package ID 7f found for resource ID 0x7f040186.
07-25 21:23:40.376  7489  7489 E aapt2   : No package ID 7f found for resource ID 0x7f040547.
07-25 21:23:40.376  7489  7489 E aapt2   : No package ID 7f found for resource ID 0x7f0404af.
07-25 21:23:40.376  7489  7489 E aapt2   : No package ID 7f found for resource ID 0x7f04053e.
07-25 21:23:40.376  7489  7489 E aapt2   : No package ID 7f found for resource ID 0x7f0404d0.
07-25 21:23:40.376  7489  7489 E aapt2   : No package ID 7f found for resource ID 0x7f040610.
07-25 21:23:40.376  7489  7489 E aapt2   : No package ID 7f found for resource ID 0x7f04006c.
07-25 21:23:40.376  7489  7489 E aapt2   : No package ID 7f found for resource ID 0x7f04006b.
07-25 21:23:40.376  7489  7489 E aapt2   : No package ID 7f found for resource ID 0x7f04007e.
07-25 21:23:40.376  7489  7489 E aapt2   : No package ID 7f found for resource ID 0x7f0402a4.
07-25 21:23:40.376  7489  7489 E aapt2   : No package ID 7f found for resource ID 0x7f040086.
07-25 21:23:40.376  7489  7489 E aapt2   : No package ID 7f found for resource ID 0x7f0403de.
07-25 21:23:40.376  7489  7489 E aapt2   : No package ID 7f found for resource ID 0x7f0404d7.
07-25 21:23:40.377  7489  7489 E aapt2   : No package ID 7f found for resource ID 0x7f04002e.
07-25 21:23:40.377  7489  7489 E aapt2   : No package ID 7f found for resource ID 0x7f0404f5.
07-25 21:23:40.377  7489  7489 E aapt2   : No package ID 7f found for resource ID 0x7f04060d.
07-25 21:23:40.377  7489  7489 E aapt2   : No package ID 7f found for resource ID 0x7f0401c6.
07-25 21:23:40.377  7489  7489 E aapt2   : No package ID 7f found for resource ID 0x7f040069.
07-25 21:23:40.377  7489  7489 E aapt2   : No package ID 7f found for resource ID 0x7f040068.
07-25 21:23:40.377  7489  7489 E aapt2   : No package ID 7f found for resource ID 0x7f04031d.
07-25 21:23:40.377  7489  7489 E aapt2   : No package ID 7f found for resource ID 0x7f04031c.
07-25 21:23:40.377  7489  7489 E aapt2   : No package ID 7f found for resource ID 0x7f04031e.
07-25 21:23:40.377  7489  7489 E aapt2   : No package ID 7f found for resource ID 0x7f04031f.
07-25 21:23:40.377  7489  7489 E aapt2   : No package ID 7f found for resource ID 0x7f0401ab.
07-25 21:23:40.377  7489  7489 E aapt2   : No package ID 7f found for resource ID 0x7f0401ae.
07-25 21:23:40.377  7489  7489 E aapt2   : No package ID 7f found for resource ID 0x7f0401af.
07-25 21:23:40.377  7489  7489 E aapt2   : No package ID 7f found for resource ID 0x7f0401ad.
07-25 21:23:40.377  7489  7489 E aapt2   : No package ID 7f found for resource ID 0x7f0401ac.
07-25 21:23:40.377  7489  7489 E aapt2   : No package ID 7f found for resource ID 0x7f0401a5.
07-25 21:23:40.377  7489  7489 E aapt2   : No package ID 7f found for resource ID 0x7f0401a8.
07-25 21:23:40.377  7489  7489 E aapt2   : No package ID 7f found for resource ID 0x7f0401a9.
07-25 21:23:40.377  7489  7489 E aapt2   : No package ID 7f found for resource ID 0x7f0401a7.
07-25 21:23:40.377  7489  7489 E aapt2   : No package ID 7f found for resource ID 0x7f0401a6.
07-25 21:23:40.377  7489  7489 E aapt2   : No package ID 7f found for resource ID 0x7f0404e0.
07-25 21:23:40.377  7489  7489 E aapt2   : No package ID 7f found for resource ID 0x7f0404e8.
07-25 21:23:40.377  7489  7489 E aapt2   : No package ID 7f found for resource ID 0x7f040199.
07-25 21:23:40.377  7489  7489 E aapt2   : No package ID 7f found for resource ID 0x7f04019a.
07-25 21:23:40.377  7489  7489 E aapt2   : No package ID 7f found for resource ID 0x7f04019b.
07-25 21:23:40.377  7489  7489 E aapt2   : No package ID 7f found for resource ID 0x7f04019c.
07-25 21:23:40.377  7489  7489 E aapt2   : No package ID 7f found for resource ID 0x7f04019d.
07-25 21:23:40.377  7489  7489 E aapt2   : No package ID 7f found for resource ID 0x7f04019e.
07-25 21:23:40.377  7489  7489 E aapt2   : No package ID 7f found for resource ID 0x7f04019f.
07-25 21:23:40.377  7489  7489 E aapt2   : No package ID 7f found for resource ID 0x7f0400a9.
07-25 21:23:40.377  7489  7489 E aapt2   : No package ID 7f found for resource ID 0x7f0401a4.
07-25 21:23:40.377  7489  7489 E aapt2   : No package ID 7f found for resource ID 0x7f040252.
07-25 21:23:40.377  7489  7489 E aapt2   : No package ID 7f found for resource ID 0x7f040448.
07-25 21:23:40.377  7489  7489 E aapt2   : No package ID 7f found for resource ID 0x7f040449.
07-25 21:23:40.377  7489  7489 E aapt2   : No package ID 7f found for resource ID 0x7f040398.
07-25 21:23:40.377  7489  7489 E aapt2   : No package ID 7f found for resource ID 0x7f0403d5.
07-25 21:23:40.377  7489  7489 E aapt2   : No package ID 7f found for resource ID 0x7f0402a2.
07-25 21:23:40.377  7489  7489 E aapt2   : No package ID 7f found for resource ID 0x7f0402a3.
07-25 21:23:40.377  7489  7489 E aapt2   : No package ID 7f found for resource ID 0x7f040323.
07-25 21:23:40.377  7489  7489 E aapt2   : No package ID 7f found for resource ID 0x7f040324.
07-25 21:23:40.377  7489  7489 E aapt2   : No package ID 7f found for resource ID 0x7f0405b9.
07-25 21:23:40.377  7489  7489 E aapt2   : No package ID 7f found for resource ID 0x7f0405ba.
07-25 21:23:40.377  7489  7489 E aapt2   : No package ID 7f found for resource ID 0x7f0405c7.
07-25 21:23:40.377  7489  7489 E aapt2   : No package ID 7f found for resource ID 0x7f0405bb.
07-25 21:23:40.377  7489  7489 E aapt2   : No package ID 7f found for resource ID 0x7f0405c0.
07-25 21:23:40.377  7489  7489 E aapt2   : No package ID 7f found for resource ID 0x7f0405c1.
07-25 21:23:40.377  7489  7489 E aapt2   : No package ID 7f found for resource ID 0x7f0405c2.
07-25 21:23:40.377  7489  7489 E aapt2   : No package ID 7f found for resource ID 0x7f0405c6.
07-25 21:23:40.377  7489  7489 E aapt2   : No package ID 7f found for resource ID 0x7f0403ee.
07-25 21:23:40.377  7489  7489 E aapt2   : No package ID 7f found for resource ID 0x7f0405c8.
07-25 21:23:40.377  7489  7489 E aapt2   : No package ID 7f found for resource ID 0x7f0405c9.
07-25 21:23:40.377  7489  7489 E aapt2   : No package ID 7f found for resource ID 0x7f0405ca.
07-25 21:23:40.377  7489  7489 E aapt2   : No package ID 7f found for resource ID 0x7f0405ce.
07-25 21:23:40.377  7489  7489 E aapt2   : No package ID 7f found for resource ID 0x7f0405cf.
07-25 21:23:40.377  7489  7489 E aapt2   : No package ID 7f found for resource ID 0x7f0405d0.
07-25 21:23:40.377  7489  7489 E aapt2   : No package ID 7f found for resource ID 0x7f0405f1.
07-25 21:23:40.377  7489  7489 E aapt2   : No package ID 7f found for resource ID 0x7f0405f2.
07-25 21:23:40.377  7489  7489 E aapt2   : No package ID 7f found for resource ID 0x7f0405f3.
07-25 21:23:40.377  7489  7489 E aapt2   : No package ID 7f found for resource ID 0x7f0405f8.
07-25 21:23:40.377  7489  7489 E aapt2   : No package ID 7f found for resource ID 0x7f0405f9.
07-25 21:23:40.377  7489  7489 E aapt2   : No package ID 7f found for resource ID 0x7f0405fa.
07-25 21:23:40.377  7489  7489 E aapt2   : No package ID 7f found for resource ID 0x7f040506.
07-25 21:23:40.377  7489  7489 E aapt2   : No package ID 7f found for resource ID 0x7f040505.
07-25 21:23:40.377  7489  7489 E aapt2   : No package ID 7f found for resource ID 0x7f040507.
07-25 21:23:40.377  7489  7489 E aapt2   : No package ID 7f found for resource ID 0x7f04020c.
07-25 21:23:40.377  7489  7489 E aapt2   : No package ID 7f found for resource ID 0x7f0403c9.
07-25 21:23:40.377  7489  7489 E aapt2   : No package ID 7f found for resource ID 0x7f04006f.
07-25 21:23:40.377  7489  7489 E aapt2   : No package ID 7f found for resource ID 0x7f04008d.
07-25 21:23:40.377  7489  7489 E aapt2   : No package ID 7f found for resource ID 0x7f040091.
07-25 21:23:40.377  7489  7489 E aapt2   : No package ID 7f found for resource ID 0x7f040026.
07-25 21:23:40.377  7489  7489 E aapt2   : No package ID 7f found for resource ID 0x7f040492.
07-25 21:23:40.377  7489  7489 E aapt2   : No package ID 7f found for resource ID 0x7f0404a6.
07-25 21:23:40.377  7489  7489 E aapt2   : No package ID 7f found for resource ID 0x7f0404d4.
07-25 21:23:40.377  7489  7489 E aapt2   : No package ID 7f found for resource ID 0x7f0404d3.
07-25 21:23:40.377  7489  7489 E aapt2   : No package ID 7f found for resource ID 0x7f04012e.
07-25 21:23:40.377  7489  7489 E aapt2   : No package ID 7f found for resource ID 0x7f04024f.
07-25 21:23:40.377  7489  7489 E aapt2   : No package ID 7f found for resource ID 0x7f040250.
07-25 21:23:40.377  7489  7489 E aapt2   : No package ID 7f found for resource ID 0x7f040514.
07-25 21:23:40.377  7489  7489 E aapt2   : No package ID 7f found for resource ID 0x7f040513.
07-25 21:23:40.377  7489  7489 E aapt2   : No package ID 7f found for resource ID 0x7f040511.
07-25 21:23:40.377  7489  7489 E aapt2   : No package ID 7f found for resource ID 0x7f040512.
07-25 21:23:40.377  7489  7489 E aapt2   : No package ID 7f found for resource ID 0x7f040510.
07-25 21:23:40.377  7489  7489 E aapt2   : No package ID 7f found for resource ID 0x7f04050f.
07-25 21:23:40.377  7489  7489 E aapt2   : No package ID 7f found for resource ID 0x7f04050e.
07-25 21:23:40.377  7489  7489 E aapt2   : No package ID 7f found for resource ID 0x7f040570.
07-25 21:23:40.377  7489  7489 E aapt2   : No package ID 7f found for resource ID 0x7f04006e.
07-25 21:23:40.377  7489  7489 E aapt2   : No package ID 7f found for resource ID 0x7f04047d.
07-25 21:23:40.377  7489  7489 E aapt2   : No package ID 7f found for resource ID 0x7f040536.
07-25 21:23:40.378  7489  7489 E aapt2   : No package ID 7f found for resource ID 0x7f04024e.
07-25 21:23:40.378  7489  7489 E aapt2   : No package ID 7f found for resource ID 0x7f04018e.
07-25 21:23:40.378  7489  7489 E aapt2   : No package ID 7f found for resource ID 0x7f0401d3.
07-25 21:23:40.378  7489  7489 E aapt2   : No package ID 7f found for resource ID 0x7f040374.
07-25 21:23:40.378  7489  7489 E aapt2   : No package ID 7f found for resource ID 0x7f0405c4.
07-25 21:23:40.378  7489  7489 E aapt2   : No package ID 7f found for resource ID 0x7f0405c5.
07-25 21:23:40.378  7489  7489 E aapt2   : No package ID 7f found for resource ID 0x7f0405f0.
07-25 21:23:40.378  7489  7489 E aapt2   : No package ID 7f found for resource ID 0x7f0405fc.
07-25 21:23:40.378  7489  7489 E aapt2   : No package ID 7f found for resource ID 0x7f0405fd.
07-25 21:23:40.378  7489  7489 E aapt2   : No package ID 7f found for resource ID 0x7f0405c3.
07-25 21:23:40.378  7489  7489 E aapt2   : No package ID 7f found for resource ID 0x7f040550.
07-25 21:23:40.378  7489  7489 E aapt2   : No package ID 7f found for resource ID 0x7f04054b.
07-25 21:23:40.378  7489  7489 E aapt2   : No package ID 7f found for resource ID 0x7f04054c.
07-25 21:23:40.378  7489  7489 E aapt2   : No package ID 7f found for resource ID 0x7f040515.
07-25 21:23:40.378  7489  7489 E aapt2   : No package ID 7f found for resource ID 0x7f0404f6.
07-25 21:23:40.378  7489  7489 E aapt2   : No package ID 7f found for resource ID 0x7f040611.
07-25 21:23:40.378  7489  7489 E aapt2   : No package ID 7f found for resource ID 0x7f04054a.
07-25 21:23:40.378  7489  7489 E aapt2   : No package ID 7f found for resource ID 0x7f040549.
07-25 21:23:40.378  7489  7489 E aapt2   : No package ID 7f found for resource ID 0x7f040552.
07-25 21:23:40.378  7489  7489 E aapt2   : No package ID 7f found for resource ID 0x7f040551.
07-25 21:23:40.378  7489  7489 E aapt2   : No package ID 7f found for resource ID 0x7f0401e5.
07-25 21:23:40.378  7489  7489 E aapt2   : No package ID 7f found for resource ID 0x7f04055b.
07-25 21:23:40.378  7489  7489 E aapt2   : No package ID 7f found for resource ID 0x7f04055e.
07-25 21:23:40.378  7489  7489 E aapt2   : No package ID 7f found for resource ID 0x7f040554.
07-25 21:23:40.378  7489  7489 E aapt2   : No package ID 7f found for resource ID 0x7f040553.
07-25 21:23:40.378  7489  7489 E aapt2   : No package ID 7f found for resource ID 0x7f040558.
07-25 21:23:40.378  7489  7489 E aapt2   : No package ID 7f found for resource ID 0x7f04055d.
07-25 21:23:40.378  7489  7489 E aapt2   : No package ID 7f found for resource ID 0x7f040559.
07-25 21:23:40.378  7489  7489 E aapt2   : No package ID 7f found for resource ID 0x7f04055c.
07-25 21:23:40.378  7489  7489 E aapt2   : No package ID 7f found for resource ID 0x7f04055a.
07-25 21:23:40.378  7489  7489 E aapt2   : No package ID 7f found for resource ID 0x7f040562.
07-25 21:23:40.378  7489  7489 E aapt2   : No package ID 7f found for resource ID 0x7f040555.
07-25 21:23:40.378  7489  7489 E aapt2   : No package ID 7f found for resource ID 0x7f04055f.
07-25 21:23:40.378  7489  7489 E aapt2   : No package ID 7f found for resource ID 0x7f040561.
07-25 21:23:40.378  7489  7489 E aapt2   : No package ID 7f found for resource ID 0x7f040560.
07-25 21:23:40.378  7489  7489 E aapt2   : No package ID 7f found for resource ID 0x7f04056d.
07-25 21:23:40.378  7489  7489 E aapt2   : No package ID 7f found for resource ID 0x7f04056e.
07-25 21:23:40.378  7489  7489 E aapt2   : No package ID 7f found for resource ID 0x7f04056b.
07-25 21:23:40.378  7489  7489 E aapt2   : No package ID 7f found for resource ID 0x7f04056a.
07-25 21:23:40.378  7489  7489 E aapt2   : No package ID 7f found for resource ID 0x7f040566.
07-25 21:23:40.378  7489  7489 E aapt2   : No package ID 7f found for resource ID 0x7f040567.
07-25 21:23:40.378  7489  7489 E aapt2   : No package ID 7f found for resource ID 0x7f040565.
07-25 21:23:40.378  7489  7489 E aapt2   : No package ID 7f found for resource ID 0x7f040564.
07-25 21:23:40.378  7489  7489 E aapt2   : No package ID 7f found for resource ID 0x7f040563.
07-25 21:23:40.378  7489  7489 E aapt2   : No package ID 7f found for resource ID 0x7f040556.
07-25 21:23:40.378  7489  7489 E aapt2   : No package ID 7f found for resource ID 0x7f040557.
07-25 21:23:40.378  7489  7489 E aapt2   : No package ID 7f found for resource ID 0x7f040568.
07-25 21:23:40.378  7489  7489 E aapt2   : No package ID 7f found for resource ID 0x7f04056f.
07-25 21:23:40.378  7489  7489 E aapt2   : No package ID 7f found for resource ID 0x7f040288.
07-25 21:23:40.378  7489  7489 E aapt2   : No package ID 7f found for resource ID 0x7f040576.
07-25 21:23:40.378  7489  7489 E aapt2   : No package ID 7f found for resource ID 0x7f0405ad.
07-25 21:23:40.378  7489  7489 E aapt2   : No package ID 7f found for resource ID 0x7f040291.
07-25 21:23:40.378  7489  7489 E aapt2   : No package ID 7f found for resource ID 0x7f0405a4.
07-25 21:23:40.378  7489  7489 E aapt2   : No package ID 7f found for resource ID 0x7f0405af.
07-25 21:23:40.378  7489  7489 E aapt2   : No package ID 7f found for resource ID 0x7f0405ae.
07-25 21:23:40.378  7489  7489 E aapt2   : No package ID 7f found for resource ID 0x7f0400b4.
07-25 21:23:40.378  7489  7489 E aapt2   : No package ID 7f found for resource ID 0x7f0400b5.
07-25 21:23:40.378  7489  7489 E aapt2   : No package ID 7f found for resource ID 0x7f0405a8.
07-25 21:23:40.378  7489  7489 E aapt2   : No package ID 7f found for resource ID 0x7f0402b0.
07-25 21:23:40.378  7489  7489 E aapt2   : No package ID 7f found for resource ID 0x7f0402af.
07-25 21:23:40.378  7489  7489 E aapt2   : No package ID 7f found for resource ID 0x7f0402b1.
07-25 21:23:40.378  7489  7489 E aapt2   : No package ID 7f found for resource ID 0x7f0402b2.
07-25 21:23:40.378  7489  7489 E aapt2   : No package ID 7f found for resource ID 0x7f04022f.
07-25 21:23:40.378  7489  7489 E aapt2   : No package ID 7f found for resource ID 0x7f0402a6.
07-25 21:23:40.378  7489  7489 E aapt2   : No package ID 7f found for resource ID 0x7f0402a7.
07-25 21:23:40.378  7489  7489 E aapt2   : No package ID 7f found for resource ID 0x7f0402a8.
07-25 21:23:40.378  7489  7489 E aapt2   : No package ID 7f found for resource ID 0x7f0402a9.
07-25 21:23:40.378  7489  7489 E aapt2   : No package ID 7f found for resource ID 0x7f040225.
07-25 21:23:40.378  7489  7489 E aapt2   : No package ID 7f found for resource ID 0x7f04022a.
07-25 21:23:40.379  7489  7489 E aapt2   : No package ID 7f found for resource ID 0x7f04022b.
07-25 21:23:40.379  7489  7489 E aapt2   : No package ID 7f found for resource ID 0x7f040224.
07-25 21:23:40.379  7489  7489 E aapt2   : No package ID 7f found for resource ID 0x7f040223.
07-25 21:23:40.379  7489  7489 E aapt2   : No package ID 7f found for resource ID 0x7f040226.
07-25 21:23:40.379  7489  7489 E aapt2   : No package ID 7f found for resource ID 0x7f040227.
07-25 21:23:40.379  7489  7489 E aapt2   : No package ID 7f found for resource ID 0x7f040228.
07-25 21:23:40.379  7489  7489 E aapt2   : No package ID 7f found for resource ID 0x7f0401b8.
07-25 21:23:40.379  7489  7489 E aapt2   : No package ID 7f found for resource ID 0x7f0401b9.
07-25 21:23:40.379  7489  7489 E aapt2   : No package ID 7f found for resource ID 0x7f0401b0.
07-25 21:23:40.379  7489  7489 E aapt2   : No package ID 7f found for resource ID 0x7f0401b1.
07-25 21:23:40.379  7489  7489 E aapt2   : No package ID 7f found for resource ID 0x7f0401b4.
07-25 21:23:40.379  7489  7489 E aapt2   : No package ID 7f found for resource ID 0x7f0401b5.
07-25 21:23:40.379  7489  7489 E aapt2   : No package ID 7f found for resource ID 0x7f0401b2.
07-25 21:23:40.379  7489  7489 E aapt2   : No package ID 7f found for resource ID 0x7f0401b3.
07-25 21:23:40.379  7489  7489 E aapt2   : No package ID 7f found for resource ID 0x7f04047e.
07-25 21:23:40.379  7489  7489 E aapt2   : No package ID 7f found for resource ID 0x7f04047f.
07-25 21:23:40.379  7489  7489 E aapt2   : No package ID 7f found for resource ID 0x7f040480.
07-25 21:23:40.379  7489  7489 E aapt2   : No package ID 7f found for resource ID 0x7f04049f.
07-25 21:23:40.379  7489  7489 E aapt2   : No package ID 7f found for resource ID 0x7f0404a0.
07-25 21:23:40.379  7489  7489 E aapt2   : No package ID 7f found for resource ID 0x7f0404a1.
07-25 21:23:40.379  7489  7489 E aapt2   : No package ID 7f found for resource ID 0x7f040544.
07-25 21:23:40.379  7489  7489 E aapt2   : No package ID 7f found for resource ID 0x7f040545.
07-25 21:23:40.379  7489  7489 E aapt2   : No package ID 7f found for resource ID 0x7f040546.
07-25 21:23:40.379  7489  7489 E aapt2   : No package ID 7f found for resource ID 0x7f040525.
07-25 21:23:40.379  7489  7489 E aapt2   : No package ID 7f found for resource ID 0x7f040524.
07-25 21:23:40.379  7489  7489 E aapt2   : No package ID 7f found for resource ID 0x7f040523.
07-25 21:23:40.379  7489  7489 E aapt2   : No package ID 7f found for resource ID 0x7f040528.
07-25 21:23:40.379  7489  7489 E aapt2   : No package ID 7f found for resource ID 0x7f040529.
07-25 21:23:40.379  7489  7489 E aapt2   : No package ID 7f found for resource ID 0x7f040526.
07-25 21:23:40.379  7489  7489 E aapt2   : No package ID 7f found for resource ID 0x7f040527.
07-25 21:23:40.379  7489  7489 E aapt2   : No package ID 7f found for resource ID 0x7f040218.
07-25 21:23:40.379  7489  7489 E aapt2   : No package ID 7f found for resource ID 0x7f040216.
07-25 21:23:40.379  7489  7489 E aapt2   : No package ID 7f found for resource ID 0x7f040215.
07-25 21:23:40.379  7489  7489 E aapt2   : No package ID 7f found for resource ID 0x7f040214.
07-25 21:23:40.379  7489  7489 E aapt2   : No package ID 7f found for resource ID 0x7f04021a.
07-25 21:23:40.379  7489  7489 E aapt2   : No package ID 7f found for resource ID 0x7f04021b.
07-25 21:23:40.379  7489  7489 E aapt2   : No package ID 7f found for resource ID 0x7f040217.
07-25 21:23:40.379  7489  7489 E aapt2   : No package ID 7f found for resource ID 0x7f040219.
07-25 21:23:40.379  7489  7489 E aapt2   : No package ID 7f found for resource ID 0x7f0400cc.
07-25 21:23:40.379  7489  7489 E aapt2   : No package ID 7f found for resource ID 0x7f0400cd.
07-25 21:23:40.379  7489  7489 E aapt2   : No package ID 7f found for resource ID 0x7f0400d1.
07-25 21:23:40.379  7489  7489 E aapt2   : No package ID 7f found for resource ID 0x7f0400d0.
07-25 21:23:40.379  7489  7489 E aapt2   : No package ID 7f found for resource ID 0x7f0400cf.
07-25 21:23:40.379  7489  7489 E aapt2   : No package ID 7f found for resource ID 0x7f0400ce.
07-25 21:23:40.379  7489  7489 E aapt2   : No package ID 7f found for resource ID 0x7f0400d2.
07-25 21:23:40.379  7489  7489 E aapt2   : No package ID 7f found for resource ID 0x7f0400d3.
07-25 21:23:40.379  7489  7489 E aapt2   : No package ID 7f found for resource ID 0x7f0400cb.
07-25 21:23:40.379  7489  7489 E aapt2   : No package ID 7f found for resource ID 0x7f0400d4.
07-25 21:23:40.379  7489  7489 E aapt2   : No package ID 7f found for resource ID 0x7f0400d5.
07-25 21:23:40.379  7489  7489 E aapt2   : No package ID 7f found for resource ID 0x7f040471.
07-25 21:23:40.379  7489  7489 E aapt2   : No package ID 7f found for resource ID 0x7f040470.
07-25 21:23:40.379  7489  7489 E aapt2   : No package ID 7f found for resource ID 0x7f04046f.
07-25 21:23:40.379  7489  7489 E aapt2   : No package ID 7f found for resource ID 0x7f040472.
07-25 21:23:40.379  7489  7489 E aapt2   : No package ID 7f found for resource ID 0x7f040473.
07-25 21:23:40.379  7489  7489 E aapt2   : No package ID 7f found for resource ID 0x7f04021c.
07-25 21:23:40.379  7489  7489 E aapt2   : No package ID 7f found for resource ID 0x7f04021d.
07-25 21:23:40.379  7489  7489 E aapt2   : No package ID 7f found for resource ID 0x7f0405df.
07-25 21:23:40.379  7489  7489 E aapt2   : No package ID 7f found for resource ID 0x7f040541.
07-25 21:23:40.379  7489  7489 E aapt2   : No package ID 7f found for resource ID 0x7f0405d4.
07-25 21:23:40.379  7489  7489 E aapt2   : No package ID 7f found for resource ID 0x7f04053f.
07-25 21:23:40.379  7489  7489 E aapt2   : No package ID 7f found for resource ID 0x7f0405d8.
07-25 21:23:40.379  7489  7489 E aapt2   : No package ID 7f found for resource ID 0x7f0405db.
07-25 21:23:40.379  7489  7489 E aapt2   : No package ID 7f found for resource ID 0x7f0405da.
07-25 21:23:40.379  7489  7489 E aapt2   : No package ID 7f found for resource ID 0x7f0405dc.
07-25 21:23:40.379  7489  7489 E aapt2   : No package ID 7f found for resource ID 0x7f0405d9.
07-25 21:23:40.379  7489  7489 E aapt2   : No package ID 7f found for resource ID 0x7f0405dd.
07-25 21:23:40.379  7489  7489 E aapt2   : No package ID 7f found for resource ID 0x7f040197.
07-25 21:23:40.379  7489  7489 E aapt2   : No package ID 7f found for resource ID 0x7f040193.
07-25 21:23:40.379  7489  7489 E aapt2   : No package ID 7f found for resource ID 0x7f040195.
07-25 21:23:40.379  7489  7489 E aapt2   : No package ID 7f found for resource ID 0x7f040196.
07-25 21:23:40.379  7489  7489 E aapt2   : No package ID 7f found for resource ID 0x7f040198.
07-25 21:23:40.379  7489  7489 E aapt2   : No package ID 7f found for resource ID 0x7f040194.
07-25 21:23:40.379  7489  7489 E aapt2   : No package ID 7f found for resource ID 0x7f0403cc.
07-25 21:23:40.379  7489  7489 E aapt2   : No package ID 7f found for resource ID 0x7f0400dd.
07-25 21:23:40.379  7489  7489 E aapt2   : No package ID 7f found for resource ID 0x7f04013f.
07-25 21:23:40.379  7489  7489 E aapt2   : No package ID 7f found for resource ID 0x7f04013e.
07-25 21:23:40.379  7489  7489 E aapt2   : No package ID 7f found for resource ID 0x7f040492.
07-25 21:23:40.379  7489  7489 E aapt2   : No package ID 7f found for resource ID 0x7f040429.
07-25 21:23:40.379  7489  7489 E aapt2   : No package ID 7f found for resource ID 0x7f040428.
07-25 21:23:40.379  7489  7489 E aapt2   : No package ID 7f found for resource ID 0x7f04038f.
07-25 21:23:40.379  7489  7489 E aapt2   : No package ID 7f found for resource ID 0x7f040391.
07-25 21:23:40.379  7489  7489 E aapt2   : No package ID 7f found for resource ID 0x7f0405e0.
07-25 21:23:40.379  7489  7489 E aapt2   : No package ID 7f found for resource ID 0x7f040542.
07-25 21:23:40.379  7489  7489 E aapt2   : No package ID 7f found for resource ID 0x7f0403d9.
07-25 21:23:40.379  7489  7489 E aapt2   : No package ID 7f found for resource ID 0x7f040090.
07-25 21:23:40.379  7489  7489 E aapt2   : No package ID 7f found for resource ID 0x7f0404f2.
07-25 21:23:40.379  7489  7489 E aapt2   : No package ID 7f found for resource ID 0x7f0405fe.
07-25 21:23:40.380  7489  7489 E aapt2   : No package ID 7f found for resource ID 0x7f04018b.
07-25 21:23:40.380  7489  7489 E aapt2   : No package ID 7f found for resource ID 0x7f04018a.
07-25 21:23:40.380  7489  7489 E aapt2   : No package ID 7f found for resource ID 0x7f040603.
07-25 21:23:40.380  7489  7489 E aapt2   : No package ID 7f found for resource ID 0x7f04032c.
07-25 21:23:40.380  7489  7489 E aapt2   : No package ID 7f found for resource ID 0x7f040474.
07-25 21:23:40.380  7489  7489 E aapt2   : No package ID 7f found for resource ID 0x7f040084.
07-25 21:23:40.380  7489  7489 E aapt2   : No package ID 7f found for resource ID 0x7f04041c.
07-25 21:23:40.380  7489  7489 E aapt2   : No package ID 7f found for resource ID 0x7f040206.
07-25 21:23:40.380  7489  7489 E aapt2   : No package ID 7f found for resource ID 0x7f04051d.
07-25 21:23:40.380  7489  7489 E aapt2   : No package ID 7f found for resource ID 0x7f040605.
07-25 21:23:40.380  7489  7489 E aapt2   : No package ID 7f found for resource ID 0x7f0404be.
07-25 21:23:40.380  7489  7489 E aapt2   : No package ID 7f found for resource ID 0x7f0404bf.
07-25 21:23:40.380  7489  7489 E aapt2   : No package ID 7f found for resource ID 0x7f0404bc.
07-25 21:23:40.380  7489  7489 E aapt2   : No package ID 7f found for resource ID 0x7f0404bd.
07-25 21:23:40.380  7489  7489 E aapt2   : No package ID 7f found for resource ID 0x7f04018e.
07-25 21:23:40.380  7489  7489 E aapt2   : No package ID 7f found for resource ID 0x7f040465.
07-25 21:23:40.380  7489  7489 E aapt2   : No package ID 7f found for resource ID 0x7f040462.
07-25 21:23:40.380  7489  7489 E aapt2   : No package ID 7f found for resource ID 0x7f0405b7.
07-25 21:23:40.380  7489  7489 E aapt2   : No package ID 7f found for resource ID 0x7f040091.
07-25 21:23:40.380  7489  7489 E aapt2   : No package ID 7f found for resource ID 0x7f040421.
07-25 21:23:40.380  7489  7489 E aapt2   : No package ID 7f found for resource ID 0x7f040618.
07-25 21:23:40.380  7489  7489 E aapt2   : No package ID 7f found for resource ID 0x7f040450.
07-25 21:23:40.380  7489  7489 E aapt2   : No package ID 7f found for resource ID 0x7f04060c.
07-25 21:23:40.380  7489  7489 E aapt2   : No package ID 7f found for resource ID 0x7f040001.
07-25 21:23:40.380  7489  7489 E aapt2   : No package ID 7f found for resource ID 0x7f040000.
07-25 21:23:40.380  7489  7489 E aapt2   : No package ID 7f found for resource ID 0x7f0404df.
07-25 21:23:40.380  7489  7489 E aapt2   : No package ID 7f found for resource ID 0x7f04012f.
07-25 21:23:40.380  7489  7489 E aapt2   : No package ID 7f found for resource ID 0x7f0402de.
07-25 21:23:40.380  7489  7489 E aapt2   : No package ID 7f found for resource ID 0x7f0402dd.
07-25 21:23:40.380  7489  7489 E aapt2   : No package ID 7f found for resource ID 0x7f0404ab.
07-25 21:23:40.380  7489  7489 E aapt2   : No package ID 7f found for resource ID 0x7f040065.
07-25 21:23:40.380  7489  7489 E aapt2   : No package ID 7f found for resource ID 0x7f0400fd.
07-25 21:23:40.380  7489  7489 E aapt2   : No package ID 7f found for resource ID 0x7f0404d6.
07-25 21:23:40.380  7489  7489 E aapt2   : No package ID 7f found for resource ID 0x7f0404d5.
07-25 21:23:40.380  7489  7489 E aapt2   : No package ID 7f found for resource ID 0x7f040071.
07-25 21:23:40.380  7489  7489 E aapt2   : No package ID 7f found for resource ID 0x7f04013d.
07-25 21:23:40.380  7489  7489 E aapt2   : No package ID 7f found for resource ID 0x7f0401e4.
07-25 21:23:40.380  7489  7489 E aapt2   : No package ID 7f found for resource ID 0x7f0403cb.
07-25 21:23:40.380  7489  7489 E aapt2   : No package ID 7f found for resource ID 0x7f040189.

> Task :processNoQuickstepDebugResources
> Task :compileNoQuickstepDebugKotlin
e: file:///data/data/com.termux/files/home/Launcher3/iconloader/src/com/android/launcher3/BadgeProvider.kt:26:36 Unresolved reference 'R'.
e: file:///data/data/com.termux/files/home/Launcher3/iconloader/src/com/android/launcher3/icons/BaseIconFactory.kt:43:20 Unresolved reference 'users'.
e: file:///data/data/com.termux/files/home/Launcher3/iconloader/src/com/android/launcher3/icons/BaseIconFactory.kt:239:58 Unresolved reference 'UserType'.
e: file:///data/data/com.termux/files/home/Launcher3/iconloader/src/com/android/launcher3/icons/BaseIconFactory.kt:239:77 Unresolved reference 'UserType'.
e: file:///data/data/com.termux/files/home/Launcher3/iconloader/src/com/android/launcher3/icons/BitmapInfo.kt:119:61 Unresolved reference 'R'.
e: file:///data/data/com.termux/files/home/Launcher3/iconloader/src/com/android/launcher3/icons/PlaceHolderDrawableDelegate.kt:83:58 Unresolved reference 'R'.
e: file:///data/data/com.termux/files/home/Launcher3/iconloader/src/com/android/launcher3/icons/mono/ThemedIconDelegate.kt:31:36 Unresolved reference 'R'.
e: file:///data/data/com.termux/files/home/Launcher3/iconloader/src/com/android/launcher3/icons/mono/ThemedIconDelegate.kt:91:52 Unresolved reference 'R'.
e: file:///data/data/com.termux/files/home/Launcher3/iconloader/src/com/android/launcher3/icons/mono/ThemedIconDelegate.kt:92:52 Unresolved reference 'R'.
e: file:///data/data/com.termux/files/home/Launcher3/iconloader/src/com/android/launcher3/icons/mono/ThemedIconDelegate.kt:94:34 Unresolved reference 'R'.
e: file:///data/data/com.termux/files/home/Launcher3/iconloader/src/com/android/launcher3/icons/mono/ThemedIconDelegate.kt:95:53 Unresolved reference 'R'.
e: file:///data/data/com.termux/files/home/Launcher3/iconloader/src/com/android/launcher3/icons/mono/ThemedIconDelegate.kt:96:53 Unresolved reference 'R'.
e: file:///data/data/com.termux/files/home/Launcher3/iconloader/src/com/android/launcher3/util/UserIconInfo.kt:20:20 Unresolved reference 'users'.
e: file:///data/data/com.termux/files/home/Launcher3/iconloader/src/com/android/launcher3/util/UserIconInfo.kt:29:25 Unresolved reference 'UserType'.
e: file:///data/data/com.termux/files/home/Launcher3/iconloader/src/com/android/launcher3/util/UserIconInfo.kt:34:25 Unresolved reference 'UserType'.
e: file:///data/data/com.termux/files/home/Launcher3/iconloader/src/com/android/launcher3/util/UserIconInfo.kt:37:25 Unresolved reference 'UserType'.
e: file:///data/data/com.termux/files/home/Launcher3/iconloader/src/com/android/launcher3/util/UserIconInfo.kt:40:25 Unresolved reference 'UserType'.
e: file:///data/data/com.termux/files/home/Launcher3/iconloader/src/com/android/launcher3/util/UserIconInfo.kt:43:25 Unresolved reference 'UserType'.
e: file:///data/data/com.termux/files/home/Launcher3/iconloader/src/com/android/launcher3/util/UserIconInfo.kt:46:25 Unresolved reference 'UserType'.
e: file:///data/data/com.termux/files/home/Launcher3/src/com/android/launcher3/dagger/LauncherComponentProvider.kt:34:52 Cannot access 'AppFunctionConfiguration.Provider' which is a supertype of 'com.android.launcher3.LauncherApplication'. Check your module classpath for missing or conflicting dependencies.
e: file:///data/data/com.termux/files/home/Launcher3/src/com/android/launcher3/dagger/LauncherComponentProvider.kt:42:17 Unresolved reference 'DaggerLauncherAppComponent'.
e: file:///data/data/com.termux/files/home/Launcher3/src/com/android/launcher3/dagger/WorkspaceFunctionsLauncherModule.kt:20:30 Unresolved reference 'appfunctions'.
e: file:///data/data/com.termux/files/home/Launcher3/src/com/android/launcher3/dagger/WorkspaceFunctionsLauncherModule.kt:33:8 Unresolved reference 'WorkspaceAppFunctions'.
e: file:///data/data/com.termux/files/home/Launcher3/src/com/android/launcher3/dagger/WorkspaceFunctionsLauncherModule.kt:35:16 Unresolved reference 'WorkspaceAppFunctions'.
e: file:///data/data/com.termux/files/home/Launcher3/src/com/android/launcher3/deviceprofile/WorkspaceProfile.kt:416:50 Unresolved reference 'systemui'.
e: file:///data/data/com.termux/files/home/Launcher3/src/com/android/launcher3/graphics/AutomatedIconDelegate.kt:31:32 Unresolved reference 'Animator'.
e: file:///data/data/com.termux/files/home/Launcher3/src/com/android/launcher3/graphics/AutomatedIconDelegate.kt:32:32 Unresolved reference 'AnimatorListenerAdapter'.
e: file:///data/data/com.termux/files/home/Launcher3/src/com/android/launcher3/graphics/AutomatedIconDelegate.kt:33:32 Unresolved reference 'ValueAnimator'.
e: file:///data/data/com.termux/files/home/Launcher3/src/com/android/launcher3/graphics/AutomatedIconDelegate.kt:39:34 Unresolved reference 'InterpolatorsAndroidX'.
e: file:///data/data/com.termux/files/home/Launcher3/src/com/android/launcher3/graphics/AutomatedIconDelegate.kt:105:9 Unresolved reference 'ValueAnimator'.
e: file:///data/data/com.termux/files/home/Launcher3/src/com/android/launcher3/graphics/AutomatedIconDelegate.kt:105:42 Cannot infer type for this parameter. Please specify it explicitly.
e: file:///data/data/com.termux/files/home/Launcher3/src/com/android/launcher3/graphics/AutomatedIconDelegate.kt:105:48 Cannot infer type for this parameter. Please specify it explicitly.
e: file:///data/data/com.termux/files/home/Launcher3/src/com/android/launcher3/graphics/AutomatedIconDelegate.kt:106:13 Unresolved reference 'duration'.
e: file:///data/data/com.termux/files/home/Launcher3/src/com/android/launcher3/graphics/AutomatedIconDelegate.kt:107:13 Unresolved reference 'interpolator'.
e: file:///data/data/com.termux/files/home/Launcher3/src/com/android/launcher3/graphics/AutomatedIconDelegate.kt:107:28 Unresolved reference 'InterpolatorsAndroidX'.
e: file:///data/data/com.termux/files/home/Launcher3/src/com/android/launcher3/graphics/AutomatedIconDelegate.kt:108:13 Unresolved reference 'repeatCount'.
e: file:///data/data/com.termux/files/home/Launcher3/src/com/android/launcher3/graphics/AutomatedIconDelegate.kt:109:13 Unresolved reference 'addUpdateListener'.
e: file:///data/data/com.termux/files/home/Launcher3/src/com/android/launcher3/graphics/AutomatedIconDelegate.kt:109:33 Cannot infer type for this parameter. Please specify it explicitly.
e: file:///data/data/com.termux/files/home/Launcher3/src/com/android/launcher3/graphics/AutomatedIconDelegate.kt:110:52 Unresolved reference 'ValueAnimator'.
e: file:///data/data/com.termux/files/home/Launcher3/src/com/android/launcher3/graphics/AutomatedIconDelegate.kt:110:67 Unresolved reference 'animatedValue'.
e: file:///data/data/com.termux/files/home/Launcher3/src/com/android/launcher3/graphics/AutomatedIconDelegate.kt:113:13 Unresolved reference 'addListener'.
e: file:///data/data/com.termux/files/home/Launcher3/src/com/android/launcher3/graphics/AutomatedIconDelegate.kt:114:26 Unresolved reference 'AnimatorListenerAdapter'.
e: file:///data/data/com.termux/files/home/Launcher3/src/com/android/launcher3/graphics/AutomatedIconDelegate.kt:117:21 'onAnimationStart' overrides nothing.
e: file:///data/data/com.termux/files/home/Launcher3/src/com/android/launcher3/graphics/AutomatedIconDelegate.kt:117:62 Unresolved reference 'Animator'.
e: file:///data/data/com.termux/files/home/Launcher3/src/com/android/launcher3/graphics/AutomatedIconDelegate.kt:121:21 'onAnimationCancel' overrides nothing.
e: file:///data/data/com.termux/files/home/Launcher3/src/com/android/launcher3/graphics/AutomatedIconDelegate.kt:121:63 Unresolved reference 'Animator'.
e: file:///data/data/com.termux/files/home/Launcher3/src/com/android/launcher3/graphics/AutomatedIconDelegate.kt:125:21 'onAnimationEnd' overrides nothing.
e: file:///data/data/com.termux/files/home/Launcher3/src/com/android/launcher3/graphics/AutomatedIconDelegate.kt:125:60 Unresolved reference 'Animator'.
e: file:///data/data/com.termux/files/home/Launcher3/src/com/android/launcher3/graphics/AutomatedIconDelegate.kt:176:31 Unresolved reference 'start'.
e: file:///data/data/com.termux/files/home/Launcher3/src/com/android/launcher3/graphics/AutomatedIconDelegate.kt:302:48 Unresolved reference 'isRunning'.
e: file:///data/data/com.termux/files/home/Launcher3/src/com/android/launcher3/graphics/AutomatedIconDelegate.kt:316:31 Unresolved reference 'cancel'.
e: file:///data/data/com.termux/files/home/Launcher3/src/com/android/launcher3/graphics/AutomatedIconDelegate.kt:375:54 Unresolved reference 'materialColorTertiaryContainer'.
e: file:///data/data/com.termux/files/home/Launcher3/src/com/android/launcher3/graphics/LauncherCustomizationProvider.kt:23:30 Unresolved reference 'BuildConfig'.
e: file:///data/data/com.termux/files/home/Launcher3/src/com/android/launcher3/graphics/LauncherCustomizationProvider.kt:67:47 Const 'val' initializer should be a constant value.
e: file:///data/data/com.termux/files/home/Launcher3/src/com/android/launcher3/graphics/LauncherCustomizationProvider.kt:67:49 Unresolved reference 'APPLICATION_ID'.
e: file:///data/data/com.termux/files/home/Launcher3/src/com/android/launcher3/graphics/PreloadIconDelegate.kt:427:70 Unresolved reference 'materialColorInverseSurface'.
e: file:///data/data/com.termux/files/home/Launcher3/src/com/android/launcher3/graphics/PreloadIconDelegate.kt:429:78 Unresolved reference 'materialColorSecondary'.
e: file:///data/data/com.termux/files/home/Launcher3/src/com/android/launcher3/graphics/ShapeDelegate.kt:38:26 Unresolved reference 'shapes'.
e: file:///data/data/com.termux/files/home/Launcher3/src/com/android/launcher3/graphics/ShapeDelegate.kt:39:26 Unresolved reference 'shapes'.
e: file:///data/data/com.termux/files/home/Launcher3/src/com/android/launcher3/graphics/ShapeDelegate.kt:40:26 Unresolved reference 'shapes'.
e: file:///data/data/com.termux/files/home/Launcher3/src/com/android/launcher3/graphics/ShapeDelegate.kt:41:26 Unresolved reference 'shapes'.
e: file:///data/data/com.termux/files/home/Launcher3/src/com/android/launcher3/graphics/ShapeDelegate.kt:42:26 Unresolved reference 'shapes'.
e: file:///data/data/com.termux/files/home/Launcher3/src/com/android/launcher3/graphics/ShapeDelegate.kt:43:26 Unresolved reference 'shapes'.
e: file:///data/data/com.termux/files/home/Launcher3/src/com/android/launcher3/graphics/ShapeDelegate.kt:44:26 Unresolved reference 'shapes'.
e: file:///data/data/com.termux/files/home/Launcher3/src/com/android/launcher3/graphics/ShapeDelegate.kt:177:13 Unresolved reference 'RoundedPolygon'.
e: file:///data/data/com.termux/files/home/Launcher3/src/com/android/launcher3/graphics/ShapeDelegate.kt:178:28 Unresolved reference 'SvgPathParser'.
e: file:///data/data/com.termux/files/home/Launcher3/src/com/android/launcher3/graphics/ShapeDelegate.kt:185:17 Unresolved reference 'Morph'.
e: file:///data/data/com.termux/files/home/Launcher3/src/com/android/launcher3/graphics/ShapeDelegate.kt:233:17 Unresolved reference 'Morph'.
e: file:///data/data/com.termux/files/home/Launcher3/src/com/android/launcher3/graphics/ShapeDelegate.kt:409:13 Unresolved reference 'RoundedPolygon'.
e: file:///data/data/com.termux/files/home/Launcher3/src/com/android/launcher3/graphics/ShapeDelegate.kt:414:28 Unresolved reference 'CornerRounding'.
e: file:///data/data/com.termux/files/home/Launcher3/src/com/android/launcher3/homescreenfiles/HomeScreenFilesUtils.kt:23:36 Unresolved reference 'enableHomeScreenFilesTrashing'.
e: file:///data/data/com.termux/files/home/Launcher3/src/com/android/launcher3/homescreenfiles/HomeScreenFilesUtils.kt:24:36 Unresolved reference 'showFilesOnHomeScreen'.
e: file:///data/data/com.termux/files/home/Launcher3/src/com/android/launcher3/homescreenfiles/HomeScreenFilesUtils.kt:28:20 Unresolved reference 'providers'.
e: file:///data/data/com.termux/files/home/Launcher3/src/com/android/launcher3/homescreenfiles/HomeScreenFilesUtils.kt:41:13 Unresolved reference 'showFilesOnHomeScreen'.
e: file:///data/data/com.termux/files/home/Launcher3/src/com/android/launcher3/homescreenfiles/HomeScreenFilesUtils.kt:46:13 Unresolved reference 'enableHomeScreenFilesTrashing'.
e: file:///data/data/com.termux/files/home/Launcher3/src/com/android/launcher3/homescreenfiles/HomeScreenFilesUtils.kt:46:48 Unresolved reference 'enableTrashAndRestoreByFilePathApi'.
e: file:///data/data/com.termux/files/home/Launcher3/src/com/android/launcher3/icons/CacheableShortcutInfo.kt:27:30 Unresolved reference 'BuildConfig'.
e: file:///data/data/com.termux/files/home/Launcher3/src/com/android/launcher3/icons/CacheableShortcutInfo.kt:65:18 Unresolved reference 'BuildConfig'.
e: file:///data/data/com.termux/files/home/Launcher3/src/com/android/launcher3/icons/IconChangeTracker.kt:52:57 Unresolved reference 'R'.
e: file:///data/data/com.termux/files/home/Launcher3/src/com/android/launcher3/icons/IconChangeTracker.kt:53:54 Unresolved reference 'R'.
e: file:///data/data/com.termux/files/home/Launcher3/src/com/android/launcher3/logging/StatsLogManager.kt:20:17 Unresolved reference 'slice'.
e: file:///data/data/com.termux/files/home/Launcher3/src/com/android/launcher3/logging/StatsLogManager.kt:24:50 Unresolved reference 'FromState'.
e: file:///data/data/com.termux/files/home/Launcher3/src/com/android/launcher3/logging/StatsLogManager.kt:25:50 Unresolved reference 'Slice'.
e: file:///data/data/com.termux/files/home/Launcher3/src/com/android/launcher3/logging/StatsLogManager.kt:26:50 Unresolved reference 'ToState'.
e: file:///data/data/com.termux/files/home/Launcher3/src/com/android/launcher3/logging/StatsLogManager.kt:764:38 Unresolved reference 'FromState'.
e: file:///data/data/com.termux/files/home/Launcher3/src/com/android/launcher3/logging/StatsLogManager.kt:767:34 Unresolved reference 'ToState'.
e: file:///data/data/com.termux/files/home/Launcher3/src/com/android/launcher3/logging/StatsLogManager.kt:781:38 Unresolved reference 'SliceItem'.
e: file:///data/data/com.termux/files/home/Launcher3/src/com/android/launcher3/logging/StatsLogManager.kt:784:30 Unresolved reference 'Slice'.
e: file:///data/data/com.termux/files/home/Launcher3/src/com/android/launcher3/model/BgDataModel.kt:26:30 Unresolved reference 'BuildConfig'.
e: file:///data/data/com.termux/files/home/Launcher3/src/com/android/launcher3/model/BgDataModel.kt:134:13 Unresolved reference 'BuildConfig'.
e: file:///data/data/com.termux/files/home/Launcher3/src/com/android/launcher3/model/BgDataModel.kt:251:14 Unresolved reference 'BuildConfig'.
e: file:///data/data/com.termux/files/home/Launcher3/src/com/android/launcher3/model/ModelInitializer.kt:26:30 Unresolved reference 'BuildConfig'.
e: file:///data/data/com.termux/files/home/Launcher3/src/com/android/launcher3/model/ModelInitializer.kt:131:13 Unresolved reference 'BuildConfig'.
e: file:///data/data/com.termux/files/home/Launcher3/src/com/android/launcher3/model/ModelProxyProvider.kt:19:36 Unresolved reference 'ACCESS_LAUNCHER_DATA'.
e: file:///data/data/com.termux/files/home/Launcher3/src/com/android/launcher3/model/ModelProxyProvider.kt:223:50 Unresolved reference 'ACCESS_LAUNCHER_DATA'.
e: file:///data/data/com.termux/files/home/Launcher3/src/com/android/launcher3/model/WorkspaceItemProcessor.kt:794:29 Unresolved reference 'wm'.
e: file:///data/data/com.termux/files/home/Launcher3/src/com/android/launcher3/model/data/AppPairInfo.kt:125:85 Unresolved reference 'ItemInfo'.
e: file:///data/data/com.termux/files/home/Launcher3/src/com/android/launcher3/model/data/AppPairInfo.kt:126:40 Unresolved reference 'FolderIcon'.
e: file:///data/data/com.termux/files/home/Launcher3/src/com/android/launcher3/model/data/AppPairInfo.kt:128:16 Cannot access class 'LauncherAtom.ItemInfo.Builder'. Check your module classpath for missing or conflicting dependencies.
e: file:///data/data/com.termux/files/home/Launcher3/src/com/android/launcher3/model/data/AppPairInfo.kt:129:14 Unresolved reference 'setFolderIcon'.
e: file:///data/data/com.termux/files/home/Launcher3/src/com/android/launcher3/organizer/creation/screen/ui/OrganizerActivity.kt:21:34 Unresolved reference 'LocalActivity'.
e: file:///data/data/com.termux/files/home/Launcher3/src/com/android/launcher3/organizer/creation/screen/ui/OrganizerActivity.kt:43:65 Cannot access 'AppFunctionConfiguration.Provider' which is a supertype of 'com.android.launcher3.LauncherApplication'. Check your module classpath for missing or conflicting dependencies.
e: file:///data/data/com.termux/files/home/Launcher3/src/com/android/launcher3/organizer/creation/screen/ui/OrganizerActivity.kt:51:28 Unresolved reference 'LocalActivity'.
e: file:///data/data/com.termux/files/home/Launcher3/src/com/android/launcher3/organizer/creation/screen/ui/foldercreator/FolderCreator.kt:52:37 Unresolved reference 'LocalResources'.
e: file:///data/data/com.termux/files/home/Launcher3/src/com/android/launcher3/organizer/creation/screen/ui/foldercreator/FolderCreator.kt:63:21 Unresolved reference 'LocalResources'.
e: file:///data/data/com.termux/files/home/Launcher3/src/com/android/launcher3/organizer/creation/screen/ui/foldercreator/FolderCreator.kt:181:5 The API of this layout is experimental and is likely to change in the future.
e: file:///data/data/com.termux/files/home/Launcher3/src/com/android/launcher3/organizer/creation/screen/ui/foldercreator/FolderCreatorActivity.kt:32:65 Cannot access 'AppFunctionConfiguration.Provider' which is a supertype of 'com.android.launcher3.LauncherApplication'. Check your module classpath for missing or conflicting dependencies.
e: file:///data/data/com.termux/files/home/Launcher3/src/com/android/launcher3/organizer/creation/screen/ui/workspaceorganizer/WorkspaceOrganizer.kt:31:43 Unresolved reference 'plus'.
e: file:///data/data/com.termux/files/home/Launcher3/src/com/android/launcher3/organizer/creation/screen/ui/workspaceorganizer/WorkspaceOrganizer.kt:125:21 Unresolved reference 'plus'.
e: file:///data/data/com.termux/files/home/Launcher3/src/com/android/launcher3/organizer/creation/screen/ui/workspaceorganizer/WorkspaceOrganizer.kt:165:59 Unresolved reference 'materialColorTertiary'.
e: file:///data/data/com.termux/files/home/Launcher3/src/com/android/launcher3/organizer/creation/screen/ui/workspaceorganizer/WorkspaceOrganizer.kt:219:51 Unresolved reference 'materialColorTertiary'.
e: file:///data/data/com.termux/files/home/Launcher3/src/com/android/launcher3/organizer/creation/screen/ui/workspaceorganizer/WorkspaceOrganizer.kt:239:38 Unresolved reference 'materialColorOnTertiaryFixed'.
e: file:///data/data/com.termux/files/home/Launcher3/src/com/android/launcher3/organizer/creation/screen/ui/workspaceorganizer/WorkspaceOrganizer.kt:245:51 Unresolved reference 'materialColorTertiaryFixedDim'.
e: file:///data/data/com.termux/files/home/Launcher3/src/com/android/launcher3/organizer/creation/screen/ui/workspaceorganizer/WorkspaceOrganizer.kt:256:38 Unresolved reference 'materialColorOnTertiaryFixed'.
e: file:///data/data/com.termux/files/home/Launcher3/src/com/android/launcher3/organizer/creation/screen/ui/workspaceorganizer/WorkspaceOrganizer.kt:257:48 Unresolved reference 'materialColorTertiaryFixedDim'.
e: file:///data/data/com.termux/files/home/Launcher3/src/com/android/launcher3/pm/UserCache.kt:41:20 Unresolved reference 'users'.
e: file:///data/data/com.termux/files/home/Launcher3/src/com/android/launcher3/pm/UserCache.kt:127:44 Unresolved reference 'UserType'.
e: file:///data/data/com.termux/files/home/Launcher3/src/com/android/launcher3/pm/UserCache.kt:127:63 Unresolved reference 'UserType'.
e: file:///data/data/com.termux/files/home/Launcher3/src/com/android/launcher3/pm/UserCache.kt:145:41 Unresolved reference 'UserType'.
e: file:///data/data/com.termux/files/home/Launcher3/src/com/android/launcher3/pm/UserCache.kt:146:62 Unresolved reference 'UserType'.
e: file:///data/data/com.termux/files/home/Launcher3/src/com/android/launcher3/pm/UserCache.kt:147:60 Unresolved reference 'UserType'.
e: file:///data/data/com.termux/files/home/Launcher3/src/com/android/launcher3/pm/UserCache.kt:148:62 Unresolved reference 'UserType'.
e: file:///data/data/com.termux/files/home/Launcher3/src/com/android/launcher3/pm/UserCache.kt:149:41 Unresolved reference 'UserType'.
e: file:///data/data/com.termux/files/home/Launcher3/src/com/android/launcher3/pm/UserManagerState.kt:23:20 Unresolved reference 'users'.
e: file:///data/data/com.termux/files/home/Launcher3/src/com/android/launcher3/pm/UserManagerState.kt:68:47 Unresolved reference 'UserType'.
e: file:///data/data/com.termux/files/home/Launcher3/src/com/android/launcher3/popup/AppLockShortcut.kt:65:30 Unresolved reference 'getEnableAppLockIntentForPackage'.
e: file:///data/data/com.termux/files/home/Launcher3/src/com/android/launcher3/popup/PopupContainerWithArrow.kt:396:29 Unresolved reference 'wm'.
e: file:///data/data/com.termux/files/home/Launcher3/src/com/android/launcher3/popup/PopupDataSource.kt:28:36 Unresolved reference 'enableHomeScreenFilesCopyPaste'.
e: file:///data/data/com.termux/files/home/Launcher3/src/com/android/launcher3/popup/PopupDataSource.kt:29:36 Unresolved reference 'enableHomeScreenFilesRenaming'.
e: file:///data/data/com.termux/files/home/Launcher3/src/com/android/launcher3/popup/PopupDataSource.kt:192:21 Unresolved reference 'enableHomeScreenFilesCopyPaste'.
e: file:///data/data/com.termux/files/home/Launcher3/src/com/android/launcher3/popup/PopupDataSource.kt:195:21 Unresolved reference 'enableHomeScreenFilesRenaming'.
e: file:///data/data/com.termux/files/home/Launcher3/src/com/android/launcher3/popup/WorkspaceLongPressOptions.kt:24:30 Unresolved reference 'BuildConfig'.
e: file:///data/data/com.termux/files/home/Launcher3/src/com/android/launcher3/popup/WorkspaceLongPressOptions.kt:65:13 Unresolved reference 'BuildConfig'.
e: file:///data/data/com.termux/files/home/Launcher3/src/com/android/launcher3/popup/ui/ExpandPopupMenuButtons.kt:87:40 Unresolved reference 'materialColorSurfaceVariant'.
e: file:///data/data/com.termux/files/home/Launcher3/src/com/android/launcher3/popup/ui/ExpandPopupMenuButtons.kt:92:58 Unresolved reference 'materialColorSecondary'.
e: file:///data/data/com.termux/files/home/Launcher3/src/com/android/launcher3/popup/ui/ExpandPopupMenuButtons.kt:118:59 Unresolved reference 'materialColorTertiary'.
e: file:///data/data/com.termux/files/home/Launcher3/src/com/android/launcher3/popup/ui/ExpandPopupMenuButtons.kt:124:74 Unresolved reference 'materialColorOnTertiary'.
e: file:///data/data/com.termux/files/home/Launcher3/src/com/android/launcher3/popup/ui/PopupMenuItems.kt:116:43 Unresolved reference 'materialColorSurfaceVariant'.
e: file:///data/data/com.termux/files/home/Launcher3/src/com/android/launcher3/popup/ui/PopupMenuItems.kt:121:58 Unresolved reference 'materialColorSecondary'.
e: file:///data/data/com.termux/files/home/Launcher3/src/com/android/launcher3/popup/ui/PopupMenuItems.kt:133:26 This foundation API is experimental and is likely to change or be removed in the future.
e: file:///data/data/com.termux/files/home/Launcher3/src/com/android/launcher3/popup/ui/PopupMenuItems.kt:223:44 Unresolved reference 'materialColorSurfaceVariant'.
e: file:///data/data/com.termux/files/home/Launcher3/src/com/android/launcher3/popup/ui/PopupMenuItems.kt:228:62 Unresolved reference 'materialColorSecondary'.
e: file:///data/data/com.termux/files/home/Launcher3/src/com/android/launcher3/popup/ui/PopupMenuItems.kt:334:69 Unresolved reference 'materialColorSurfaceVariant'.
e: file:///data/data/com.termux/files/home/Launcher3/src/com/android/launcher3/popup/ui/PopupMenuItems.kt:338:74 Unresolved reference 'materialColorSecondary'.
e: file:///data/data/com.termux/files/home/Launcher3/src/com/android/launcher3/popup/ui/PopupMenuItems.kt:347:62 Unresolved reference 'materialColorSecondary'.
e: file:///data/data/com.termux/files/home/Launcher3/src/com/android/launcher3/preview/PreviewContext.kt:61:1 Cannot access 'AppFunctionConfiguration.Provider' which is a supertype of 'com.android.launcher3.preview.PreviewContext'. Check your module classpath for missing or conflicting dependencies.
e: file:///data/data/com.termux/files/home/Launcher3/src/com/android/launcher3/preview/PreviewContext.kt:77:9 Cannot access 'AppFunctionConfiguration.Provider' which is a supertype of 'com.android.launcher3.preview.PreviewContext'. Check your module classpath for missing or conflicting dependencies.
e: file:///data/data/com.termux/files/home/Launcher3/src/com/android/launcher3/preview/PreviewContext.kt:78:59 Cannot access 'AppFunctionConfiguration.Provider' which is a supertype of 'com.android.launcher3.preview.PreviewContext'. Check your module classpath for missing or conflicting dependencies.
e: file:///data/data/com.termux/files/home/Launcher3/src/com/android/launcher3/preview/PreviewContext.kt:79:15 Cannot access 'AppFunctionConfiguration.Provider' which is a supertype of 'com.android.launcher3.preview.PreviewContext'. Check your module classpath for missing or conflicting dependencies.
e: file:///data/data/com.termux/files/home/Launcher3/src/com/android/launcher3/preview/PreviewContext.kt:81:25 Unresolved reference 'systemui'.
e: file:///data/data/com.termux/files/home/Launcher3/src/com/android/launcher3/preview/PreviewContext.kt:92:23 Unresolved reference 'DaggerPreviewContext_PreviewAppComponent'.
e: file:///data/data/com.termux/files/home/Launcher3/src/com/android/launcher3/preview/PreviewContext.kt:108:13 Cannot access 'AppFunctionConfiguration.Provider' which is a supertype of 'com.android.launcher3.preview.PreviewContext'. Check your module classpath for missing or conflicting dependencies.
e: file:///data/data/com.termux/files/home/Launcher3/src/com/android/launcher3/preview/PreviewContext.kt:109:13 Cannot access 'AppFunctionConfiguration.Provider' which is a supertype of 'com.android.launcher3.LauncherApplication'. Check your module classpath for missing or conflicting dependencies.
e: file:///data/data/com.termux/files/home/Launcher3/src/com/android/launcher3/preview/PreviewContext.kt:111:13 Cannot access 'AppFunctionConfiguration.Provider' which is a supertype of 'com.android.launcher3.preview.PreviewContext'. Check your module classpath for missing or conflicting dependencies.
e: file:///data/data/com.termux/files/home/Launcher3/src/com/android/launcher3/preview/PreviewContext.kt:112:13 Cannot access 'AppFunctionConfiguration.Provider' which is a supertype of 'com.android.launcher3.preview.PreviewContext'. Check your module classpath for missing or conflicting dependencies.
e: file:///data/data/com.termux/files/home/Launcher3/src/com/android/launcher3/preview/PreviewContext.kt:113:13 Cannot access 'AppFunctionConfiguration.Provider' which is a supertype of 'com.android.launcher3.preview.PreviewContext'. Check your module classpath for missing or conflicting dependencies.
e: file:///data/data/com.termux/files/home/Launcher3/src/com/android/launcher3/preview/PreviewContext.kt:114:13 Cannot access 'AppFunctionConfiguration.Provider' which is a supertype of 'com.android.launcher3.LauncherApplication'. Check your module classpath for missing or conflicting dependencies.
e: file:///data/data/com.termux/files/home/Launcher3/src/com/android/launcher3/preview/PreviewContext.kt:115:69 Unresolved reference 'it'.
e: file:///data/data/com.termux/files/home/Launcher3/src/com/android/launcher3/preview/PreviewContext.kt:117:13 Cannot access 'AppFunctionConfiguration.Provider' which is a supertype of 'com.android.launcher3.LauncherApplication'. Check your module classpath for missing or conflicting dependencies.
e: file:///data/data/com.termux/files/home/Launcher3/src/com/android/launcher3/preview/PreviewContext.kt:131:13 Cannot access 'AppFunctionConfiguration.Provider' which is a supertype of 'com.android.launcher3.preview.PreviewContext'. Check your module classpath for missing or conflicting dependencies.
e: file:///data/data/com.termux/files/home/Launcher3/src/com/android/launcher3/preview/PreviewContext.kt:131:31 Cannot access 'AppFunctionConfiguration.Provider' which is a supertype of 'com.android.launcher3.preview.PreviewContext'. Check your module classpath for missing or conflicting dependencies.
e: file:///data/data/com.termux/files/home/Launcher3/src/com/android/launcher3/preview/PreviewContext.kt:132:27 Cannot access 'AppFunctionConfiguration.Provider' which is a supertype of 'com.android.launcher3.preview.PreviewContext'. Check your module classpath for missing or conflicting dependencies.
e: file:///data/data/com.termux/files/home/Launcher3/src/com/android/launcher3/preview/PreviewContext.kt:137:15 Cannot access 'AppFunctionConfiguration.Provider' which is a supertype of 'com.android.launcher3.util.SandboxContext'. Check your module classpath for missing or conflicting dependencies.
e: file:///data/data/com.termux/files/home/Launcher3/src/com/android/launcher3/preview/PreviewContext.kt:138:33 Cannot access 'AppFunctionConfiguration.Provider' which is a supertype of 'com.android.launcher3.preview.PreviewContext'. Check your module classpath for missing or conflicting dependencies.
e: file:///data/data/com.termux/files/home/Launcher3/src/com/android/launcher3/preview/PreviewContext.kt:139:13 Cannot access 'AppFunctionConfiguration.Provider' which is a supertype of 'com.android.launcher3.preview.PreviewContext'. Check your module classpath for missing or conflicting dependencies.
e: file:///data/data/com.termux/files/home/Launcher3/src/com/android/launcher3/preview/PreviewContext.kt:140:13 Cannot access 'AppFunctionConfiguration.Provider' which is a supertype of 'com.android.launcher3.preview.PreviewContext'. Check your module classpath for missing or conflicting dependencies.
e: file:///data/data/com.termux/files/home/Launcher3/src/com/android/launcher3/preview/PreviewContext.kt:141:13 Cannot access 'AppFunctionConfiguration.Provider' which is a supertype of 'com.android.launcher3.preview.PreviewContext'. Check your module classpath for missing or conflicting dependencies.
e: file:///data/data/com.termux/files/home/Launcher3/src/com/android/launcher3/preview/PreviewContext.kt:146:13 Cannot access 'AppFunctionConfiguration.Provider' which is a supertype of 'com.android.launcher3.preview.PreviewContext'. Check your module classpath for missing or conflicting dependencies.
e: file:///data/data/com.termux/files/home/Launcher3/src/com/android/launcher3/preview/PreviewContext.kt:146:34 Cannot access 'AppFunctionConfiguration.Provider' which is a supertype of 'com.android.launcher3.preview.PreviewContext'. Check your module classpath for missing or conflicting dependencies.
e: file:///data/data/com.termux/files/home/Launcher3/src/com/android/launcher3/provider/RestoreDbTask.kt:29:30 Unresolved reference 'BuildConfig'.
e: file:///data/data/com.termux/files/home/Launcher3/src/com/android/launcher3/provider/RestoreDbTask.kt:303:14 Unresolved reference 'BuildConfig'.
e: file:///data/data/com.termux/files/home/Launcher3/src/com/android/launcher3/recyclerview/AllAppsRecyclerViewPool.kt:28:30 Unresolved reference 'BuildConfig'.
e: file:///data/data/com.termux/files/home/Launcher3/src/com/android/launcher3/recyclerview/AllAppsRecyclerViewPool.kt:102:17 Unresolved reference 'BuildConfig'.
e: file:///data/data/com.termux/files/home/Launcher3/src/com/android/launcher3/util/ApplicationInfoWrapper.kt:118:26 Unresolved reference 'Flags'.
e: file:///data/data/com.termux/files/home/Launcher3/src/com/android/launcher3/util/ApplicationInfoWrapper.kt:118:58 Unresolved reference 'isAppLockSupported'.
e: file:///data/data/com.termux/files/home/Launcher3/src/com/android/launcher3/util/ApplicationInfoWrapper.kt:122:26 Unresolved reference 'Flags'.
e: file:///data/data/com.termux/files/home/Launcher3/src/com/android/launcher3/util/ApplicationInfoWrapper.kt:122:58 Unresolved reference 'isAppLockEnabled'.
e: file:///data/data/com.termux/files/home/Launcher3/src/com/android/launcher3/util/LayoutImportExportHelper.kt:52:20 Unresolved reference 'users'.
e: file:///data/data/com.termux/files/home/Launcher3/src/com/android/launcher3/util/LayoutImportExportHelper.kt:169:17 Unresolved reference 'UserType'.
e: file:///data/data/com.termux/files/home/Launcher3/src/com/android/launcher3/util/LayoutImportExportHelper.kt:170:17 Unresolved reference 'UserType'.
e: file:///data/data/com.termux/files/home/Launcher3/src/com/android/launcher3/util/SandboxContext.kt:23:1 Cannot access 'AppFunctionConfiguration.Provider' which is a supertype of 'com.android.launcher3.util.SandboxContext'. Check your module classpath for missing or conflicting dependencies.
e: file:///data/data/com.termux/files/home/Launcher3/src/com/android/launcher3/util/SandboxContext.kt:40:15 Cannot access 'AppFunctionConfiguration.Provider' which is a supertype of 'com.android.launcher3.util.SandboxContext'. Check your module classpath for missing or conflicting dependencies.
e: file:///data/data/com.termux/files/home/Launcher3/src/com/android/launcher3/util/SandboxContext.kt:44:13 Cannot access 'AppFunctionConfiguration.Provider' which is a supertype of 'com.android.launcher3.util.SandboxContext'. Check your module classpath for missing or conflicting dependencies.
e: file:///data/data/com.termux/files/home/Launcher3/src/com/android/launcher3/util/SandboxContext.kt:45:13 Cannot access 'AppFunctionConfiguration.Provider' which is a supertype of 'com.android.launcher3.util.SandboxContext'. Check your module classpath for missing or conflicting dependencies.
e: file:///data/data/com.termux/files/home/Launcher3/src/com/android/launcher3/util/SandboxContext.kt:50:9 Cannot access 'AppFunctionConfiguration.Provider' which is a supertype of 'com.android.launcher3.LauncherApplication'. Check your module classpath for missing or conflicting dependencies.
e: file:///data/data/com.termux/files/home/Launcher3/src/com/android/launcher3/util/ViewEx.kt:32:30 Unresolved reference 'BuildConfig'.
e: file:///data/data/com.termux/files/home/Launcher3/src/com/android/launcher3/util/ViewEx.kt:108:25 Unresolved reference 'BuildConfig'.
e: file:///data/data/com.termux/files/home/Launcher3/src/com/android/launcher3/util/compose/TestModifiers.kt:34:43 This API is experimental and is likely to change in the future.
e: file:///data/data/com.termux/files/home/Launcher3/src/com/android/launcher3/widget/WidgetInflater.kt:20:30 Unresolved reference 'BuildConfig'.
e: file:///data/data/com.termux/files/home/Launcher3/src/com/android/launcher3/widget/WidgetInflater.kt:51:22 Unresolved reference 'BuildConfig'.
e: file:///data/data/com.termux/files/home/Launcher3/src/com/android/launcher3/widget/WidgetVisibilityTracker.kt:73:22 Unresolved reference 'startVisibilityTracking'.
e: file:///data/data/com.termux/files/home/Launcher3/src/com/android/launcher3/widget/WidgetVisibilityTracker.kt:75:22 Unresolved reference 'stopVisibilityTracking'.
e: file:///data/data/com.termux/files/home/Launcher3/src/com/android/launcher3/widget/resize/ResizeFrame.kt:55:47 Unresolved reference 'Remove'.
e: file:///data/data/com.termux/files/home/Launcher3/src/com/android/launcher3/widget/resize/ResizeFrame.kt:85:38 Unresolved reference 'hideFromAccessibility'.
e: file:///data/data/com.termux/files/home/Launcher3/src/com/android/launcher3/widget/resize/ResizeFrame.kt:361:52 Unresolved reference 'materialColorTertiaryContainer'.
e: file:///data/data/com.termux/files/home/Launcher3/src/com/android/launcher3/widget/resize/ResizeFrame.kt:362:48 Unresolved reference 'materialColorOnTertiaryContainer'.
e: file:///data/data/com.termux/files/home/Launcher3/src/com/android/launcher3/widget/resize/ResizeFrame.kt:437:38 Unresolved reference 'Remove'.
e: file:///data/data/com.termux/files/home/Launcher3/src/com/android/launcher3/widget/resize/ResizeFrame.kt:469:52 Unresolved reference 'materialColorTertiaryContainer'.
e: file:///data/data/com.termux/files/home/Launcher3/src/com/android/launcher3/widget/resize/ResizeFrame.kt:470:49 Unresolved reference 'materialColorOnTertiaryContainer'.
e: file:///data/data/com.termux/files/home/Launcher3/src/com/android/launcher3/widget/resize/ResizeFrame.kt:533:25 Unresolved reference 'hideFromAccessibility'.
e: file:///data/data/com.termux/files/home/Launcher3/src/com/android/launcher3/widgetpicker/LauncherWidgetPickerModule.kt:19:43 Unresolved reference 'data'.
e: file:///data/data/com.termux/files/home/Launcher3/src/com/android/launcher3/widgetpicker/LauncherWidgetPickerModule.kt:20:43 Unresolved reference 'data'.
e: file:///data/data/com.termux/files/home/Launcher3/src/com/android/launcher3/widgetpicker/LauncherWidgetPickerModule.kt:21:43 Unresolved reference 'data'.
e: file:///data/data/com.termux/files/home/Launcher3/src/com/android/launcher3/widgetpicker/LauncherWidgetPickerModule.kt:33:25 Only 'const val' can be used in constant expressions.
e: file:///data/data/com.termux/files/home/Launcher3/src/com/android/launcher3/widgetpicker/LauncherWidgetPickerModule.kt:33:26 Unresolved reference 'WidgetPickerComponent'.
e: file:///data/data/com.termux/files/home/Launcher3/src/com/android/launcher3/widgetpicker/LauncherWidgetPickerModule.kt:33:26 Annotation argument must be a compile-time constant.
e: file:///data/data/com.termux/files/home/Launcher3/src/com/android/launcher3/widgetpicker/LauncherWidgetPickerModule.kt:40:76 Unresolved reference 'WidgetUsersRepository'.
e: file:///data/data/com.termux/files/home/Launcher3/src/com/android/launcher3/widgetpicker/LauncherWidgetPickerModule.kt:42:68 Unresolved reference 'WidgetsRepository'.
e: file:///data/data/com.termux/files/home/Launcher3/src/com/android/launcher3/widgetpicker/LauncherWidgetPickerModule.kt:45:75 Unresolved reference 'WidgetAppIconsRepository'.
e: file:///data/data/com.termux/files/home/Launcher3/src/com/android/launcher3/widgetpicker/WidgetPickerComposeWrapperImpl.kt:50:43 Unresolved reference 'data'.
e: file:///data/data/com.termux/files/home/Launcher3/src/com/android/launcher3/widgetpicker/WidgetPickerComposeWrapperImpl.kt:51:43 Unresolved reference 'data'.
e: file:///data/data/com.termux/files/home/Launcher3/src/com/android/launcher3/widgetpicker/WidgetPickerComposeWrapperImpl.kt:52:43 Unresolved reference 'data'.
e: file:///data/data/com.termux/files/home/Launcher3/src/com/android/launcher3/widgetpicker/WidgetPickerComposeWrapperImpl.kt:53:43 Unresolved reference 'data'.
e: file:///data/data/com.termux/files/home/Launcher3/src/com/android/launcher3/widgetpicker/WidgetPickerComposeWrapperImpl.kt:57:43 Unresolved reference 'shared'.
e: file:///data/data/com.termux/files/home/Launcher3/src/com/android/launcher3/widgetpicker/WidgetPickerComposeWrapperImpl.kt:58:43 Unresolved reference 'shared'.
e: file:///data/data/com.termux/files/home/Launcher3/src/com/android/launcher3/widgetpicker/WidgetPickerComposeWrapperImpl.kt:59:43 Unresolved reference 'shared'.
e: file:///data/data/com.termux/files/home/Launcher3/src/com/android/launcher3/widgetpicker/WidgetPickerComposeWrapperImpl.kt:60:43 Unresolved reference 'shared'.
e: file:///data/data/com.termux/files/home/Launcher3/src/com/android/launcher3/widgetpicker/WidgetPickerComposeWrapperImpl.kt:61:43 Unresolved reference 'shared'.
e: file:///data/data/com.termux/files/home/Launcher3/src/com/android/launcher3/widgetpicker/WidgetPickerComposeWrapperImpl.kt:62:43 Unresolved reference 'shared'.
e: file:///data/data/com.termux/files/home/Launcher3/src/com/android/launcher3/widgetpicker/WidgetPickerComposeWrapperImpl.kt:63:43 Unresolved reference 'shared'.
e: file:///data/data/com.termux/files/home/Launcher3/src/com/android/launcher3/widgetpicker/WidgetPickerComposeWrapperImpl.kt:64:43 Unresolved reference 'shared'.
e: file:///data/data/com.termux/files/home/Launcher3/src/com/android/launcher3/widgetpicker/WidgetPickerComposeWrapperImpl.kt:66:43 Unresolved reference 'ui'.
e: file:///data/data/com.termux/files/home/Launcher3/src/com/android/launcher3/widgetpicker/WidgetPickerComposeWrapperImpl.kt:67:43 Unresolved reference 'ui'.
e: file:///data/data/com.termux/files/home/Launcher3/src/com/android/launcher3/widgetpicker/WidgetPickerComposeWrapperImpl.kt:68:43 Unresolved reference 'ui'.
e: file:///data/data/com.termux/files/home/Launcher3/src/com/android/launcher3/widgetpicker/WidgetPickerComposeWrapperImpl.kt:69:43 Unresolved reference 'ui'.
e: file:///data/data/com.termux/files/home/Launcher3/src/com/android/launcher3/widgetpicker/WidgetPickerComposeWrapperImpl.kt:84:57 Unresolved reference 'WidgetPickerComponent'.
e: file:///data/data/com.termux/files/home/Launcher3/src/com/android/launcher3/widgetpicker/WidgetPickerComposeWrapperImpl.kt:85:36 Unresolved reference 'WidgetsRepository'.
e: file:///data/data/com.termux/files/home/Launcher3/src/com/android/launcher3/widgetpicker/WidgetPickerComposeWrapperImpl.kt:86:40 Unresolved reference 'WidgetUsersRepository'.
e: file:///data/data/com.termux/files/home/Launcher3/src/com/android/launcher3/widgetpicker/WidgetPickerComposeWrapperImpl.kt:87:43 Unresolved reference 'WidgetAppIconsRepository'.
e: file:///data/data/com.termux/files/home/Launcher3/src/com/android/launcher3/widgetpicker/WidgetPickerComposeWrapperImpl.kt:95:56 Unresolved reference 'getFullWidgetsCatalog'.
e: file:///data/data/com.termux/files/home/Launcher3/src/com/android/launcher3/widgetpicker/WidgetPickerComposeWrapperImpl.kt:98:13 Unresolved reference 'WidgetPickerEventListeners'.
e: file:///data/data/com.termux/files/home/Launcher3/src/com/android/launcher3/widgetpicker/WidgetPickerComposeWrapperImpl.kt:115:13 Unresolved reference 'WidgetAppId'.
e: file:///data/data/com.termux/files/home/Launcher3/src/com/android/launcher3/widgetpicker/WidgetPickerComposeWrapperImpl.kt:122:54 Unresolved reference 'getSingleAppWidgetsCatalog'.
e: file:///data/data/com.termux/files/home/Launcher3/src/com/android/launcher3/widgetpicker/WidgetPickerComposeWrapperImpl.kt:128:13 Unresolved reference 'WidgetPickerEventListeners'.
e: file:///data/data/com.termux/files/home/Launcher3/src/com/android/launcher3/widgetpicker/WidgetPickerComposeWrapperImpl.kt:146:57 Unresolved reference 'getPinAppWidgetCatalog'.
e: file:///data/data/com.termux/files/home/Launcher3/src/com/android/launcher3/widgetpicker/WidgetPickerComposeWrapperImpl.kt:149:13 Unresolved reference 'WidgetAppId'.
e: file:///data/data/com.termux/files/home/Launcher3/src/com/android/launcher3/widgetpicker/WidgetPickerComposeWrapperImpl.kt:160:13 Unresolved reference 'WidgetPickerEventListeners'.
e: file:///data/data/com.termux/files/home/Launcher3/src/com/android/launcher3/widgetpicker/WidgetPickerComposeWrapperImpl.kt:178:33 Unresolved reference 'WidgetId'.
e: file:///data/data/com.termux/files/home/Launcher3/src/com/android/launcher3/widgetpicker/WidgetPickerComposeWrapperImpl.kt:182:43 Unresolved reference 'WidgetPreview'.
e: file:///data/data/com.termux/files/home/Launcher3/src/com/android/launcher3/widgetpicker/WidgetPickerComposeWrapperImpl.kt:184:44 Cannot infer type for this parameter. Please specify it explicitly.
e: file:///data/data/com.termux/files/home/Launcher3/src/com/android/launcher3/widgetpicker/WidgetPickerComposeWrapperImpl.kt:184:50 Argument type mismatch: actual type is 'kotlin.Pair<A, B>', but 'kotlin.Pair<K, V>' was expected.
e: file:///data/data/com.termux/files/home/Launcher3/src/com/android/launcher3/widgetpicker/WidgetPickerComposeWrapperImpl.kt:184:59 Cannot infer type for this parameter. Please specify it explicitly.
e: file:///data/data/com.termux/files/home/Launcher3/src/com/android/launcher3/widgetpicker/WidgetPickerComposeWrapperImpl.kt:187:21 Cannot infer type for this parameter. Please specify it explicitly.
e: file:///data/data/com.termux/files/home/Launcher3/src/com/android/launcher3/widgetpicker/WidgetPickerComposeWrapperImpl.kt:196:22 Unresolved reference 'WidgetAppId'.
e: file:///data/data/com.termux/files/home/Launcher3/src/com/android/launcher3/widgetpicker/WidgetPickerComposeWrapperImpl.kt:199:31 Unresolved reference 'WidgetPickerEventListeners'.
e: file:///data/data/com.termux/files/home/Launcher3/src/com/android/launcher3/widgetpicker/WidgetPickerComposeWrapperImpl.kt:248:8 Unresolved reference 'WidgetPickerComponent'.
e: file:///data/data/com.termux/files/home/Launcher3/src/com/android/launcher3/widgetpicker/WidgetPickerComposeWrapperImpl.kt:251:14 Unresolved reference 'build'.
e: file:///data/data/com.termux/files/home/Launcher3/src/com/android/launcher3/widgetpicker/WidgetPickerComposeWrapperImpl.kt:256:21 Unresolved reference 'WidgetHostInfo'.
e: file:///data/data/com.termux/files/home/Launcher3/src/com/android/launcher3/widgetpicker/WidgetPickerComposeWrapperImpl.kt:265:73 Unresolved reference 'CloseBehavior'.
e: file:///data/data/com.termux/files/home/Launcher3/src/com/android/launcher3/widgetpicker/WidgetPickerComposeWrapperImpl.kt:266:34 Unresolved reference 'CloseBehavior'.
e: file:///data/data/com.termux/files/home/Launcher3/src/com/android/launcher3/widgetpicker/WidgetPickerComposeWrapperImpl.kt:269:33 Unresolved reference 'SheetStyle'.
e: file:///data/data/com.termux/files/home/Launcher3/src/com/android/launcher3/widgetpicker/WidgetPickerComposeWrapperImpl.kt:270:34 Unresolved reference 'SheetStyle'.
e: file:///data/data/com.termux/files/home/Launcher3/src/com/android/launcher3/widgetpicker/WidgetPickerComposeWrapperImpl.kt:277:22 Unresolved reference 'WidgetAppId'.
e: file:///data/data/com.termux/files/home/Launcher3/src/com/android/launcher3/widgetpicker/WidgetPickerComposeWrapperImpl.kt:282:27 Unresolved reference 'initialize'.
e: file:///data/data/com.termux/files/home/Launcher3/src/com/android/launcher3/widgetpicker/WidgetPickerComposeWrapperImpl.kt:285:44 Unresolved reference 'InitializationOptions'.
e: file:///data/data/com.termux/files/home/Launcher3/src/com/android/launcher3/widgetpicker/WidgetPickerComposeWrapperImpl.kt:286:47 Unresolved reference 'InitializationOptions'.
e: file:///data/data/com.termux/files/home/Launcher3/src/com/android/launcher3/widgetpicker/WidgetPickerComposeWrapperImpl.kt:287:29 Unresolved reference 'InitializationOptions'.
e: file:///data/data/com.termux/files/home/Launcher3/src/com/android/launcher3/widgetpicker/WidgetPickerComposeWrapperImpl.kt:292:35 Unresolved reference 'initialize'.
e: file:///data/data/com.termux/files/home/Launcher3/src/com/android/launcher3/widgetpicker/WidgetPickerComposeWrapperImpl.kt:293:38 Unresolved reference 'initialize'.
e: file:///data/data/com.termux/files/home/Launcher3/src/com/android/launcher3/widgetpicker/WidgetPickerComposeWrapperImpl.kt:298:27 Unresolved reference 'cleanUp'.
e: file:///data/data/com.termux/files/home/Launcher3/src/com/android/launcher3/widgetpicker/WidgetPickerComposeWrapperImpl.kt:299:31 Unresolved reference 'cleanUp'.
e: file:///data/data/com.termux/files/home/Launcher3/src/com/android/launcher3/widgetpicker/WidgetPickerComposeWrapperImpl.kt:300:34 Unresolved reference 'cleanUp'.
e: file:///data/data/com.termux/files/home/Launcher3/src/com/android/launcher3/widgetpicker/WidgetPickerComposeWrapperImpl.kt:310:22 Unresolved reference 'WidgetPickerHostStateProvider'.
e: file:///data/data/com.termux/files/home/Launcher3/src/com/android/launcher3/widgetpicker/WidgetPickerComposeWrapperImpl.kt:314:17 'observeIsTopResumed' overrides nothing.
e: file:///data/data/com.termux/files/home/Launcher3/src/com/android/launcher3/widgetpicker/WidgetPickerComposeWrapperImpl.kt:327:17 'stopObservingIsTopResumed' overrides nothing.
e: file:///data/data/com.termux/files/home/Launcher3/src/com/android/launcher3/widgetpicker/WidgetPickerComposeWrapperImpl.kt:343:22 Unresolved reference 'WidgetPickerEventListeners'.
e: file:///data/data/com.termux/files/home/Launcher3/src/com/android/launcher3/widgetpicker/WidgetPickerComposeWrapperImpl.kt:344:17 'onSheetProgress' overrides nothing.
e: file:///data/data/com.termux/files/home/Launcher3/src/com/android/launcher3/widgetpicker/WidgetPickerComposeWrapperImpl.kt:350:17 'onClose' overrides nothing.
e: file:///data/data/com.termux/files/home/Launcher3/src/com/android/launcher3/widgetpicker/WidgetPickerComposeWrapperImpl.kt:355:17 'onWidgetInteraction' overrides nothing.
e: file:///data/data/com.termux/files/home/Launcher3/src/com/android/launcher3/widgetpicker/WidgetPickerComposeWrapperImpl.kt:355:73 Unresolved reference 'WidgetInteractionInfo'.
e: file:///data/data/com.termux/files/home/Launcher3/src/com/android/launcher3/widgetpicker/WidgetPickerComposeWrapperImpl.kt:358:54 Unresolved reference 'WidgetInteractionInfo'.
e: file:///data/data/com.termux/files/home/Launcher3/src/com/android/launcher3/widgetpicker/WidgetPickerComposeWrapperImpl.kt:388:30 Unresolved reference 'WidgetInteractionInfo'.
e: file:///data/data/com.termux/files/home/Launcher3/src/com/android/launcher3/widgetpicker/WidgetPickerComposeWrapperImpl.kt:393:17 'when' expression must be exhaustive. Add an 'else' branch.
e: file:///data/data/com.termux/files/home/Launcher3/src/com/android/launcher3/widgetpicker/WidgetPickerComposeWrapperImpl.kt:394:24 Unresolved reference 'WidgetInteractionInfo'.
e: file:///data/data/com.termux/files/home/Launcher3/src/com/android/launcher3/widgetpicker/WidgetPickerComposeWrapperImpl.kt:398:66 Unresolved reference 'bounds'.
e: file:///data/data/com.termux/files/home/Launcher3/src/com/android/launcher3/widgetpicker/WidgetPickerComposeWrapperImpl.kt:399:73 Unresolved reference 'widthPx'.
e: file:///data/data/com.termux/files/home/Launcher3/src/com/android/launcher3/widgetpicker/WidgetPickerComposeWrapperImpl.kt:400:71 Unresolved reference 'widthPx'.
e: file:///data/data/com.termux/files/home/Launcher3/src/com/android/launcher3/widgetpicker/WidgetPickerComposeWrapperImpl.kt:401:63 Unresolved reference 'mimeType'.
e: file:///data/data/com.termux/files/home/Launcher3/src/com/android/launcher3/widgetpicker/WidgetPickerComposeWrapperImpl.kt:405:61 Unresolved reference 'source'.
e: file:///data/data/com.termux/files/home/Launcher3/src/com/android/launcher3/widgetpicker/WidgetPickerComposeWrapperImpl.kt:406:60 Unresolved reference 'mimeType'.
e: file:///data/data/com.termux/files/home/Launcher3/src/com/android/launcher3/widgetpicker/WidgetPickerComposeWrapperImpl.kt:407:62 Unresolved reference 'widgetInfo'.
e: file:///data/data/com.termux/files/home/Launcher3/src/com/android/launcher3/widgetpicker/WidgetPickerComposeWrapperImpl.kt:408:65 Unresolved reference 'previewInfo'.
e: file:///data/data/com.termux/files/home/Launcher3/src/com/android/launcher3/widgetpicker/WidgetPickerComposeWrapperImpl.kt:409:63 Unresolved reference 'bounds'.
e: file:///data/data/com.termux/files/home/Launcher3/src/com/android/launcher3/widgetpicker/WidgetPickerComposeWrapperImpl.kt:410:64 Unresolved reference 'widthPx'.
e: file:///data/data/com.termux/files/home/Launcher3/src/com/android/launcher3/widgetpicker/WidgetPickerComposeWrapperImpl.kt:414:24 Unresolved reference 'WidgetInteractionInfo'.
e: file:///data/data/com.termux/files/home/Launcher3/src/com/android/launcher3/widgetpicker/WidgetPickerComposeWrapperImpl.kt:416:57 Unresolved reference 'source'.
e: file:///data/data/com.termux/files/home/Launcher3/src/com/android/launcher3/widgetpicker/WidgetPickerComposeWrapperImpl.kt:417:58 Unresolved reference 'widgetInfo'.
e: file:///data/data/com.termux/files/home/Launcher3/src/com/android/launcher3/widgetpicker/WidgetPickerComposeWrapperImpl.kt:444:36 Unresolved reference 'WidgetInteractionInfo'.
e: file:///data/data/com.termux/files/home/Launcher3/src/com/android/launcher3/widgetpicker/WidgetPickerComposeWrapperImpl.kt:447:20 Unresolved reference 'WidgetInteractionInfo'.
e: file:///data/data/com.termux/files/home/Launcher3/src/com/android/launcher3/widgetpicker/WidgetPickerComposeWrapperImpl.kt:450:20 Unresolved reference 'WidgetInteractionInfo'.
e: file:///data/data/com.termux/files/home/Launcher3/src/com/android/launcher3/widgetpicker/WidgetPickerComposeWrapperImpl.kt:451:60 Unresolved reference 'widgetInfo'.
e: file:///data/data/com.termux/files/home/Launcher3/src/com/android/launcher3/widgetpicker/WidgetPickerComposeWrapperImpl.kt:473:54 Cannot infer type for this parameter. Please specify it explicitly.
e: file:///data/data/com.termux/files/home/Launcher3/src/com/android/launcher3/widgetpicker/WidgetPickerComposeWrapperImpl.kt:473:54 Not enough information to infer type argument for 'E'.
e: file:///data/data/com.termux/files/home/Launcher3/src/com/android/launcher3/widgetpicker/WidgetPickerComposeWrapperImpl.kt:475:21 Unresolved reference 'HostConstraint'.
e: file:///data/data/com.termux/files/home/Launcher3/src/com/android/launcher3/widgetpicker/WidgetPickerComposeWrapperImpl.kt:478:21 Unresolved reference 'HostConstraint'.
e: file:///data/data/com.termux/files/home/Launcher3/src/com/android/launcher3/widgetpicker/WidgetPickerComposeWrapperImpl.kt:482:21 Unresolved reference 'HostConstraint'.
e: file:///data/data/com.termux/files/home/Launcher3/src/com/android/launcher3/widgetpicker/WidgetPickerComposeWrapperImpl.kt:490:21 Unresolved reference 'WidgetInteractionSource'.
e: file:///data/data/com.termux/files/home/Launcher3/src/com/android/launcher3/widgetpicker/WidgetPickerComposeWrapperImpl.kt:491:13 'when' expression must be exhaustive. Add an 'else' branch.
e: file:///data/data/com.termux/files/home/Launcher3/src/com/android/launcher3/widgetpicker/WidgetPickerComposeWrapperImpl.kt:491:19 Unresolved reference 'WidgetInteractionSource'.
e: file:///data/data/com.termux/files/home/Launcher3/src/com/android/launcher3/widgetpicker/WidgetPickerComposeWrapperImpl.kt:492:17 Unresolved reference 'WidgetInteractionSource'.
e: file:///data/data/com.termux/files/home/Launcher3/src/com/android/launcher3/widgetpicker/WidgetPickerComposeWrapperImpl.kt:493:17 Unresolved reference 'WidgetInteractionSource'.
e: file:///data/data/com.termux/files/home/Launcher3/src/com/android/launcher3/widgetpicker/WidgetPickerComposeWrapperImpl.kt:494:17 Unresolved reference 'WidgetInteractionSource'.
e: file:///data/data/com.termux/files/home/Launcher3/src/com/android/launcher3/widgetpicker/WidgetPickerComposeWrapperImpl.kt:496:17 Unresolved reference 'WidgetInteractionSource'.
e: file:///data/data/com.termux/files/home/Launcher3/src/com/android/launcher3/widgetpicker/WidgetPickerComposeWrapperImpl.kt:499:17 Unresolved reference 'WidgetInteractionSource'.
e: file:///data/data/com.termux/files/home/Launcher3/src/com/android/launcher3/widgetpicker/datasource/ConfigResourceFeaturedWidgetsDataSource.kt:25:43 Unresolved reference 'shared'.
e: file:///data/data/com.termux/files/home/Launcher3/src/com/android/launcher3/widgetpicker/datasource/ConfigResourceFeaturedWidgetsDataSource.kt:26:43 Unresolved reference 'shared'.
e: file:///data/data/com.termux/files/home/Launcher3/src/com/android/launcher3/widgetpicker/datasource/ConfigResourceFeaturedWidgetsDataSource.kt:27:43 Unresolved reference 'shared'.
e: file:///data/data/com.termux/files/home/Launcher3/src/com/android/launcher3/widgetpicker/datasource/ConfigResourceFeaturedWidgetsDataSource.kt:39:1 Class 'ConfigResourceFeaturedWidgetsDataSource' is not abstract and does not implement abstract member 'getFeaturedWidgets'.
e: file:///data/data/com.termux/files/home/Launcher3/src/com/android/launcher3/widgetpicker/datasource/ConfigResourceFeaturedWidgetsDataSource.kt:58:5 'getFeaturedWidgets' overrides nothing.
e: file:///data/data/com.termux/files/home/Launcher3/src/com/android/launcher3/widgetpicker/datasource/ConfigResourceFeaturedWidgetsDataSource.kt:58:62 Unresolved reference 'WidgetApp'.
e: file:///data/data/com.termux/files/home/Launcher3/src/com/android/launcher3/widgetpicker/datasource/ConfigResourceFeaturedWidgetsDataSource.kt:58:80 Unresolved reference 'PickableWidget'.
e: file:///data/data/com.termux/files/home/Launcher3/src/com/android/launcher3/widgetpicker/datasource/ConfigResourceFeaturedWidgetsDataSource.kt:61:18 None of the following candidates is applicable:
fun <T> Iterable<T>.shuffled(): List<T>
fun <T> Iterable<T>.shuffled(random: Random): List<T>
fun <T> Iterable<T>.shuffled(random: Random): List<T>
e: file:///data/data/com.termux/files/home/Launcher3/src/com/android/launcher3/widgetpicker/datasource/ConfigResourceFeaturedWidgetsDataSource.kt:63:18 Overload resolution ambiguity between candidates:
fun <T, K> Array<out T>.distinctBy(selector: (T) -> K): List<T>
fun <K> BooleanArray.distinctBy(selector: (Boolean) -> K): List<Boolean>
fun <K> ByteArray.distinctBy(selector: (Byte) -> K): List<Byte>
fun <K> CharArray.distinctBy(selector: (Char) -> K): List<Char>
fun <K> DoubleArray.distinctBy(selector: (Double) -> K): List<Double>
fun <K> FloatArray.distinctBy(selector: (Float) -> K): List<Float>
fun <K> IntArray.distinctBy(selector: (Int) -> K): List<Int>
fun <K> LongArray.distinctBy(selector: (Long) -> K): List<Long>
fun <K> ShortArray.distinctBy(selector: (Short) -> K): List<Short>
fun <T, K> Iterable<T>.distinctBy(selector: (T) -> K): List<T>
fun <T, K> Sequence<T>.distinctBy(selector: (T) -> K): Sequence<T>
e: file:///data/data/com.termux/files/home/Launcher3/src/com/android/launcher3/widgetpicker/datasource/ConfigResourceFeaturedWidgetsDataSource.kt:63:31 Cannot infer type for this parameter. Please specify it explicitly.
e: file:///data/data/com.termux/files/home/Launcher3/src/com/android/launcher3/widgetpicker/datasource/ConfigResourceFeaturedWidgetsDataSource.kt:63:36 Unresolved reference 'it'.
e: file:///data/data/com.termux/files/home/Launcher3/src/com/android/launcher3/widgetpicker/datasource/ConfigResourceFeaturedWidgetsDataSource.kt:63:55 Unresolved reference 'it'.
e: file:///data/data/com.termux/files/home/Launcher3/src/com/android/launcher3/widgetpicker/datasource/ConfigResourceFeaturedWidgetsDataSource.kt:64:18 Overload resolution ambiguity between candidates:
fun <T, R> Array<out T>.flatMap(transform: (T) -> Iterable<R>): List<R>
fun <T, R> Array<out T>.flatMap(transform: (T) -> Sequence<R>): List<R>
fun <R> BooleanArray.flatMap(transform: (Boolean) -> Iterable<R>): List<R>
fun <R> ByteArray.flatMap(transform: (Byte) -> Iterable<R>): List<R>
fun <R> CharArray.flatMap(transform: (Char) -> Iterable<R>): List<R>
fun <R> DoubleArray.flatMap(transform: (Double) -> Iterable<R>): List<R>
fun <R> FloatArray.flatMap(transform: (Float) -> Iterable<R>): List<R>
fun <R> IntArray.flatMap(transform: (Int) -> Iterable<R>): List<R>
fun <R> LongArray.flatMap(transform: (Long) -> Iterable<R>): List<R>
fun <R> ShortArray.flatMap(transform: (Short) -> Iterable<R>): List<R>
fun <T, R> Iterable<T>.flatMap(transform: (T) -> Iterable<R>): List<R>
fun <T, R> Iterable<T>.flatMap(transform: (T) -> Sequence<R>): List<R>
fun <K, V, R> Map<out K, V>.flatMap(transform: (Map.Entry<K, V>) -> Iterable<R>): List<R>
fun <K, V, R> Map<out K, V>.flatMap(transform: (Map.Entry<K, V>) -> Sequence<R>): List<R>
fun <R> UByteArray.flatMap(transform: (UByte) -> Iterable<R>): List<R>
fun <R> UIntArray.flatMap(transform: (UInt) -> Iterable<R>): List<R>
fun <R> ULongArray.flatMap(transform: (ULong) -> Iterable<R>): List<R>
fun <R> UShortArray.flatMap(transform: (UShort) -> Iterable<R>): List<R>
fun <T, R> Sequence<T>.flatMap(transform: (T) -> Iterable<R>): Sequence<R>
fun <T, R> Sequence<T>.flatMap(transform: (T) -> Sequence<R>): Sequence<R>
fun <R> CharSequence.flatMap(transform: (Char) -> Iterable<R>): List<R>
e: file:///data/data/com.termux/files/home/Launcher3/src/com/android/launcher3/widgetpicker/datasource/ConfigResourceFeaturedWidgetsDataSource.kt:64:26 Unresolved reference 'widgets'.
e: file:///data/data/com.termux/files/home/Launcher3/src/com/android/launcher3/widgetpicker/datasource/ConfigResourceFeaturedWidgetsDataSource.kt:64:28 Unresolved reference 'it'.
e: file:///data/data/com.termux/files/home/Launcher3/src/com/android/launcher3/widgetpicker/datasource/ConfigResourceFeaturedWidgetsDataSource.kt:65:18 Overload resolution ambiguity between candidates:
fun <T> Array<out T>.filter(predicate: (T) -> Boolean): List<T>
fun BooleanArray.filter(predicate: (Boolean) -> Boolean): List<Boolean>
fun ByteArray.filter(predicate: (Byte) -> Boolean): List<Byte>
fun CharArray.filter(predicate: (Char) -> Boolean): List<Char>
fun DoubleArray.filter(predicate: (Double) -> Boolean): List<Double>
fun FloatArray.filter(predicate: (Float) -> Boolean): List<Float>
fun IntArray.filter(predicate: (Int) -> Boolean): List<Int>
fun LongArray.filter(predicate: (Long) -> Boolean): List<Long>
fun ShortArray.filter(predicate: (Short) -> Boolean): List<Short>
fun <T> Iterable<T>.filter(predicate: (T) -> Boolean): List<T>
fun <K, V> Map<out K, V>.filter(predicate: (Map.Entry<K, V>) -> Boolean): Map<K, V>
fun UByteArray.filter(predicate: (UByte) -> Boolean): List<UByte>
fun UIntArray.filter(predicate: (UInt) -> Boolean): List<UInt>
fun ULongArray.filter(predicate: (ULong) -> Boolean): List<ULong>
fun UShortArray.filter(predicate: (UShort) -> Boolean): List<UShort>
fun <T> Sequence<T>.filter(predicate: (T) -> Boolean): Sequence<T>
fun CharSequence.filter(predicate: (Char) -> Boolean): CharSequence
fun String.filter(predicate: (Char) -> Boolean): String
e: file:///data/data/com.termux/files/home/Launcher3/src/com/android/launcher3/widgetpicker/datasource/ConfigResourceFeaturedWidgetsDataSource.kt:67:51 Unresolved reference 'it'.
e: file:///data/data/com.termux/files/home/Launcher3/src/com/android/launcher3/widgetpicker/datasource/ConfigResourceFeaturedWidgetsDataSource.kt:69:18 Overload resolution ambiguity between candidates:
fun <T, K> Array<out T>.groupBy(keySelector: (T) -> K): Map<K, List<T>>
fun <K> BooleanArray.groupBy(keySelector: (Boolean) -> K): Map<K, List<Boolean>>
fun <K> ByteArray.groupBy(keySelector: (Byte) -> K): Map<K, List<Byte>>
fun <K> CharArray.groupBy(keySelector: (Char) -> K): Map<K, List<Char>>
fun <K> DoubleArray.groupBy(keySelector: (Double) -> K): Map<K, List<Double>>
fun <K> FloatArray.groupBy(keySelector: (Float) -> K): Map<K, List<Float>>
fun <K> IntArray.groupBy(keySelector: (Int) -> K): Map<K, List<Int>>
fun <K> LongArray.groupBy(keySelector: (Long) -> K): Map<K, List<Long>>
fun <K> ShortArray.groupBy(keySelector: (Short) -> K): Map<K, List<Short>>
fun <T, K> Iterable<T>.groupBy(keySelector: (T) -> K): Map<K, List<T>>
fun <K> UByteArray.groupBy(keySelector: (UByte) -> K): Map<K, List<UByte>>
fun <K> UIntArray.groupBy(keySelector: (UInt) -> K): Map<K, List<UInt>>
fun <K> ULongArray.groupBy(keySelector: (ULong) -> K): Map<K, List<ULong>>
fun <K> UShortArray.groupBy(keySelector: (UShort) -> K): Map<K, List<UShort>>
fun <T, K> Sequence<T>.groupBy(keySelector: (T) -> K): Map<K, List<T>>
fun <K> CharSequence.groupBy(keySelector: (Char) -> K): Map<K, List<Char>>
e: file:///data/data/com.termux/files/home/Launcher3/src/com/android/launcher3/widgetpicker/datasource/ConfigResourceFeaturedWidgetsDataSource.kt:71:25 Unresolved reference 'it'.
e: file:///data/data/com.termux/files/home/Launcher3/src/com/android/launcher3/widgetpicker/datasource/ConfigResourceFeaturedWidgetsDataSource.kt:72:25 Unresolved reference 'it'.
e: file:///data/data/com.termux/files/home/Launcher3/src/com/android/launcher3/widgetpicker/datasource/ConfigResourceFeaturedWidgetsDataSource.kt:76:35 Unresolved reference 'PickableWidget'.
e: file:///data/data/com.termux/files/home/Launcher3/src/com/android/launcher3/widgetpicker/datasource/ConfigResourceFeaturedWidgetsDataSource.kt:76:53 Cannot infer type for this parameter. Please specify it explicitly.
e: file:///data/data/com.termux/files/home/Launcher3/src/com/android/launcher3/widgetpicker/datasource/ConfigResourceFeaturedWidgetsDataSource.kt:84:13 Cannot infer type for this parameter. Please specify it explicitly.
e: file:///data/data/com.termux/files/home/Launcher3/src/com/android/launcher3/widgetpicker/datasource/ConfigResourceFeaturedWidgetsDataSource.kt:84:13 Not enough information to infer type argument for 'V'.
e: file:///data/data/com.termux/files/home/Launcher3/src/com/android/launcher3/widgetpicker/datasource/ConfigResourceFeaturedWidgetsDataSource.kt:84:49 Overload resolution ambiguity between candidates:
fun <T> Iterable<T>.shuffled(): List<T>
fun <T> Sequence<T>.shuffled(): Sequence<T>
e: file:///data/data/com.termux/files/home/Launcher3/src/com/android/launcher3/widgetpicker/datasource/ConfigResourceFeaturedWidgetsDataSource.kt:84:61 Cannot infer type for this parameter. Please specify it explicitly.
e: file:///data/data/com.termux/files/home/Launcher3/src/com/android/launcher3/widgetpicker/datasource/ConfigResourceFeaturedWidgetsDataSource.kt:84:61 Unresolved reference. None of the following candidates is applicable because of a receiver type mismatch:
fun <T, R> T.let(block: (T) -> R): R
    [R|Contract description]
     <
        CallsInPlace(block, EXACTLY_ONCE)
    >
e: file:///data/data/com.termux/files/home/Launcher3/src/com/android/launcher3/widgetpicker/datasource/ConfigResourceFeaturedWidgetsDataSource.kt:84:67 Cannot infer type for this parameter. Please specify it explicitly.
e: file:///data/data/com.termux/files/home/Launcher3/src/com/android/launcher3/widgetpicker/datasource/ConfigResourceFeaturedWidgetsDataSource.kt:85:30 Method 'iterator()' is ambiguous for this expression. Applicable candidates:
fun <T> Enumeration<T>.iterator(): Iterator<T>
fun <T> Iterator<T>.iterator(): Iterator<T>
fun <K, V> Map<out K, V>.iterator(): Iterator<Map.Entry<K, V>>
fun <K, V> MutableMap<K, V>.iterator(): MutableIterator<MutableMap.MutableEntry<K, V>>
fun CharSequence.iterator(): CharIterator
fun BufferedInputStream.iterator(): ByteIterator
e: file:///data/data/com.termux/files/home/Launcher3/src/com/android/launcher3/widgetpicker/datasource/FeaturedWidgetsDataSource.kt:19:43 Unresolved reference 'shared'.
e: file:///data/data/com.termux/files/home/Launcher3/src/com/android/launcher3/widgetpicker/datasource/FeaturedWidgetsDataSource.kt:20:43 Unresolved reference 'shared'.
e: file:///data/data/com.termux/files/home/Launcher3/src/com/android/launcher3/widgetpicker/datasource/FeaturedWidgetsDataSource.kt:28:53 Unresolved reference 'WidgetApp'.
e: file:///data/data/com.termux/files/home/Launcher3/src/com/android/launcher3/widgetpicker/datasource/FeaturedWidgetsDataSource.kt:28:71 Unresolved reference 'PickableWidget'.
e: file:///data/data/com.termux/files/home/Launcher3/src/com/android/launcher3/widgetpicker/datasource/InMemoryWidgetsSearchAlgorithm.kt:21:43 Unresolved reference 'shared'.
e: file:///data/data/com.termux/files/home/Launcher3/src/com/android/launcher3/widgetpicker/datasource/InMemoryWidgetsSearchAlgorithm.kt:36:1 Class 'InMemoryWidgetSearchAlgorithm' is not abstract and does not implement abstract member 'searchWidgets'.
e: file:///data/data/com.termux/files/home/Launcher3/src/com/android/launcher3/widgetpicker/datasource/InMemoryWidgetsSearchAlgorithm.kt:42:5 'searchWidgets' overrides nothing.
e: file:///data/data/com.termux/files/home/Launcher3/src/com/android/launcher3/widgetpicker/datasource/InMemoryWidgetsSearchAlgorithm.kt:42:68 Unresolved reference 'WidgetApp'.
e: file:///data/data/com.termux/files/home/Launcher3/src/com/android/launcher3/widgetpicker/datasource/InMemoryWidgetsSearchAlgorithm.kt:42:86 Unresolved reference 'WidgetApp'.
e: file:///data/data/com.termux/files/home/Launcher3/src/com/android/launcher3/widgetpicker/datasource/InMemoryWidgetsSearchAlgorithm.kt:49:39 Cannot infer type for this parameter. Please specify it explicitly.
e: file:///data/data/com.termux/files/home/Launcher3/src/com/android/launcher3/widgetpicker/datasource/InMemoryWidgetsSearchAlgorithm.kt:49:39 Argument type mismatch: actual type is 'kotlin.collections.List<T>', but 'kotlin.collections.List<ERROR CLASS: Symbol not found for WidgetApp>' was expected.
e: file:///data/data/com.termux/files/home/Launcher3/src/com/android/launcher3/widgetpicker/datasource/InMemoryWidgetsSearchAlgorithm.kt:53:24 Cannot infer type for this parameter. Please specify it explicitly.
e: file:///data/data/com.termux/files/home/Launcher3/src/com/android/launcher3/widgetpicker/datasource/InMemoryWidgetsSearchAlgorithm.kt:53:24 Unresolved reference. None of the following candidates is applicable because of a receiver type mismatch:
fun <T, R> Iterable<T>.map(transform: (T) -> R): List<R>
e: file:///data/data/com.termux/files/home/Launcher3/src/com/android/launcher3/widgetpicker/datasource/InMemoryWidgetsSearchAlgorithm.kt:53:30 Cannot infer type for this parameter. Please specify it explicitly.
e: file:///data/data/com.termux/files/home/Launcher3/src/com/android/launcher3/widgetpicker/datasource/InMemoryWidgetsSearchAlgorithm.kt:57:13 Argument type mismatch: actual type is 'kotlin.collections.List<R>', but 'kotlin.collections.List<ERROR CLASS: Symbol not found for WidgetApp>' was expected.
e: file:///data/data/com.termux/files/home/Launcher3/src/com/android/launcher3/widgetpicker/datasource/InMemoryWidgetsSearchAlgorithm.kt:58:18 Cannot infer type for this parameter. Please specify it explicitly.
e: file:///data/data/com.termux/files/home/Launcher3/src/com/android/launcher3/widgetpicker/datasource/InMemoryWidgetsSearchAlgorithm.kt:58:18 Not enough information to infer type argument for 'T'.
e: file:///data/data/com.termux/files/home/Launcher3/src/com/android/launcher3/widgetpicker/datasource/InMemoryWidgetsSearchAlgorithm.kt:59:18 Cannot infer type for this parameter. Please specify it explicitly.
e: file:///data/data/com.termux/files/home/Launcher3/src/com/android/launcher3/widgetpicker/datasource/InMemoryWidgetsSearchAlgorithm.kt:59:18 Not enough information to infer type argument for 'T'.
e: file:///data/data/com.termux/files/home/Launcher3/src/com/android/launcher3/widgetpicker/datasource/InMemoryWidgetsSearchAlgorithm.kt:59:25 Cannot infer type for this parameter. Please specify it explicitly.
e: file:///data/data/com.termux/files/home/Launcher3/src/com/android/launcher3/widgetpicker/datasource/InMemoryWidgetsSearchAlgorithm.kt:59:30 Function invocation 'first()' expected.
e: file:///data/data/com.termux/files/home/Launcher3/src/com/android/launcher3/widgetpicker/datasource/InMemoryWidgetsSearchAlgorithm.kt:59:36 Unresolved reference 'widgets'.
e: file:///data/data/com.termux/files/home/Launcher3/src/com/android/launcher3/widgetpicker/datasource/InMemoryWidgetsSearchAlgorithm.kt:59:63 Unresolved reference 'second'.
e: file:///data/data/com.termux/files/home/Launcher3/src/com/android/launcher3/widgetpicker/datasource/InMemoryWidgetsSearchAlgorithm.kt:60:18 Cannot infer type for this parameter. Please specify it explicitly.
e: file:///data/data/com.termux/files/home/Launcher3/src/com/android/launcher3/widgetpicker/datasource/InMemoryWidgetsSearchAlgorithm.kt:60:18 Not enough information to infer type argument for 'T'.
e: file:///data/data/com.termux/files/home/Launcher3/src/com/android/launcher3/widgetpicker/datasource/InMemoryWidgetsSearchAlgorithm.kt:60:18 Not enough information to infer type argument for 'R'.
e: file:///data/data/com.termux/files/home/Launcher3/src/com/android/launcher3/widgetpicker/datasource/InMemoryWidgetsSearchAlgorithm.kt:60:37 Cannot infer type for this parameter. Please specify it explicitly.
e: file:///data/data/com.termux/files/home/Launcher3/src/com/android/launcher3/widgetpicker/datasource/InMemoryWidgetsSearchAlgorithm.kt:60:42 Unresolved reference 'second'.
e: file:///data/data/com.termux/files/home/Launcher3/src/com/android/launcher3/widgetpicker/datasource/InMemoryWidgetsSearchAlgorithm.kt:61:18 Cannot infer type for this parameter. Please specify it explicitly.
e: file:///data/data/com.termux/files/home/Launcher3/src/com/android/launcher3/widgetpicker/datasource/InMemoryWidgetsSearchAlgorithm.kt:61:22 Cannot infer type for this parameter. Please specify it explicitly.
e: file:///data/data/com.termux/files/home/Launcher3/src/com/android/launcher3/widgetpicker/datasource/InMemoryWidgetsSearchAlgorithm.kt:61:27 Function invocation 'first()' expected.
e: file:///data/data/com.termux/files/home/Launcher3/src/com/android/launcher3/widgetpicker/datasource/InMemoryWidgetsSearchAlgorithm.kt:65:20 Unresolved reference 'WidgetApp'.
e: file:///data/data/com.termux/files/home/Launcher3/src/com/android/launcher3/widgetpicker/datasource/InMemoryWidgetsSearchAlgorithm.kt:67:13 Unresolved reference 'WidgetApp'.
e: file:///data/data/com.termux/files/home/Launcher3/src/com/android/launcher3/widgetpicker/datasource/InMemoryWidgetsSearchAlgorithm.kt:69:13 Argument type mismatch: actual type is 'R?', but 'K?' was expected.
e: file:///data/data/com.termux/files/home/Launcher3/src/com/android/launcher3/widgetpicker/datasource/InMemoryWidgetsSearchAlgorithm.kt:69:23 Unresolved reference 'title'.
e: file:///data/data/com.termux/files/home/Launcher3/src/com/android/launcher3/widgetpicker/datasource/InMemoryWidgetsSearchAlgorithm.kt:69:30 Cannot infer type for this parameter. Please specify it explicitly.
e: file:///data/data/com.termux/files/home/Launcher3/src/com/android/launcher3/widgetpicker/datasource/InMemoryWidgetsSearchAlgorithm.kt:69:34 Cannot infer type for this parameter. Please specify it explicitly.
e: file:///data/data/com.termux/files/home/Launcher3/src/com/android/launcher3/widgetpicker/datasource/InMemoryWidgetsSearchAlgorithm.kt:72:44 Unresolved reference 'title'.
e: file:///data/data/com.termux/files/home/Launcher3/src/com/android/launcher3/widgetpicker/datasource/InMemoryWidgetsSearchAlgorithm.kt:75:18 Argument type mismatch: actual type is 'kotlin.Int', but 'K' was expected.
e: file:///data/data/com.termux/files/home/Launcher3/src/com/android/launcher3/widgetpicker/datasource/InMemoryWidgetsSearchAlgorithm.kt:78:23 Unresolved reference 'widgets'.
e: file:///data/data/com.termux/files/home/Launcher3/src/com/android/launcher3/widgetpicker/datasource/InMemoryWidgetsSearchAlgorithm.kt:79:24 Cannot infer type for this parameter. Please specify it explicitly.
e: file:///data/data/com.termux/files/home/Launcher3/src/com/android/launcher3/widgetpicker/datasource/InMemoryWidgetsSearchAlgorithm.kt:83:49 Unresolved reference 'label'.
e: file:///data/data/com.termux/files/home/Launcher3/src/com/android/launcher3/widgetpicker/datasource/InMemoryWidgetsSearchAlgorithm.kt:87:25 Argument type mismatch: actual type is 'R?', but 'K?' was expected.
e: file:///data/data/com.termux/files/home/Launcher3/src/com/android/launcher3/widgetpicker/datasource/InMemoryWidgetsSearchAlgorithm.kt:87:32 Unresolved reference 'description'.
e: file:///data/data/com.termux/files/home/Launcher3/src/com/android/launcher3/widgetpicker/datasource/InMemoryWidgetsSearchAlgorithm.kt:87:45 Cannot infer type for this parameter. Please specify it explicitly.
e: file:///data/data/com.termux/files/home/Launcher3/src/com/android/launcher3/widgetpicker/datasource/InMemoryWidgetsSearchAlgorithm.kt:87:49 Cannot infer type for this parameter. Please specify it explicitly.
e: file:///data/data/com.termux/files/home/Launcher3/src/com/android/launcher3/widgetpicker/datasource/InMemoryWidgetsSearchAlgorithm.kt:93:30 Argument type mismatch: actual type is 'kotlin.Int', but 'K' was expected.
e: file:///data/data/com.termux/files/home/Launcher3/src/com/android/launcher3/widgetpicker/datasource/InMemoryWidgetsSearchAlgorithm.kt:96:28 Cannot infer type for this parameter. Please specify it explicitly.
e: file:///data/data/com.termux/files/home/Launcher3/src/com/android/launcher3/widgetpicker/datasource/InMemoryWidgetsSearchAlgorithm.kt:96:28 Unresolved reference. None of the following candidates is applicable because of a receiver type mismatch:
fun <A, B> A.to(that: B): Pair<A, B>
e: file:///data/data/com.termux/files/home/Launcher3/src/com/android/launcher3/widgetpicker/datasource/InMemoryWidgetsSearchAlgorithm.kt:98:18 Overload resolution ambiguity between candidates:
fun <T> Array<out T>.filter(predicate: (T) -> Boolean): List<T>
fun BooleanArray.filter(predicate: (Boolean) -> Boolean): List<Boolean>
fun ByteArray.filter(predicate: (Byte) -> Boolean): List<Byte>
fun CharArray.filter(predicate: (Char) -> Boolean): List<Char>
fun DoubleArray.filter(predicate: (Double) -> Boolean): List<Double>
fun FloatArray.filter(predicate: (Float) -> Boolean): List<Float>
fun IntArray.filter(predicate: (Int) -> Boolean): List<Int>
fun LongArray.filter(predicate: (Long) -> Boolean): List<Long>
fun ShortArray.filter(predicate: (Short) -> Boolean): List<Short>
fun <T> Iterable<T>.filter(predicate: (T) -> Boolean): List<T>
fun <K, V> Map<out K, V>.filter(predicate: (Map.Entry<K, V>) -> Boolean): Map<K, V>
fun UByteArray.filter(predicate: (UByte) -> Boolean): List<UByte>
fun UIntArray.filter(predicate: (UInt) -> Boolean): List<UInt>
fun ULongArray.filter(predicate: (ULong) -> Boolean): List<ULong>
fun UShortArray.filter(predicate: (UShort) -> Boolean): List<UShort>
fun <T> Sequence<T>.filter(predicate: (T) -> Boolean): Sequence<T>
fun CharSequence.filter(predicate: (Char) -> Boolean): CharSequence
fun String.filter(predicate: (Char) -> Boolean): String
e: file:///data/data/com.termux/files/home/Launcher3/src/com/android/launcher3/widgetpicker/datasource/InMemoryWidgetsSearchAlgorithm.kt:98:27 Unresolved reference 'it'.
e: file:///data/data/com.termux/files/home/Launcher3/src/com/android/launcher3/widgetpicker/datasource/InMemoryWidgetsSearchAlgorithm.kt:99:18 Overload resolution ambiguity between candidates:
fun <T, R : Comparable<R>> Array<out T>.sortedByDescending(crossinline selector: (T) -> R?): List<T>
fun <R : Comparable<R>> BooleanArray.sortedByDescending(crossinline selector: (Boolean) -> R?): List<Boolean>
fun <R : Comparable<R>> ByteArray.sortedByDescending(crossinline selector: (Byte) -> R?): List<Byte>
fun <R : Comparable<R>> CharArray.sortedByDescending(crossinline selector: (Char) -> R?): List<Char>
fun <R : Comparable<R>> DoubleArray.sortedByDescending(crossinline selector: (Double) -> R?): List<Double>
fun <R : Comparable<R>> FloatArray.sortedByDescending(crossinline selector: (Float) -> R?): List<Float>
fun <R : Comparable<R>> IntArray.sortedByDescending(crossinline selector: (Int) -> R?): List<Int>
fun <R : Comparable<R>> LongArray.sortedByDescending(crossinline selector: (Long) -> R?): List<Long>
fun <R : Comparable<R>> ShortArray.sortedByDescending(crossinline selector: (Short) -> R?): List<Short>
fun <T, R : Comparable<R>> Iterable<T>.sortedByDescending(crossinline selector: (T) -> R?): List<T>
fun <T, R : Comparable<R>> Sequence<T>.sortedByDescending(crossinline selector: (T) -> R?): Sequence<T>
e: file:///data/data/com.termux/files/home/Launcher3/src/com/android/launcher3/widgetpicker/datasource/InMemoryWidgetsSearchAlgorithm.kt:99:37 Unresolved reference 'second'.
e: file:///data/data/com.termux/files/home/Launcher3/src/com/android/launcher3/widgetpicker/datasource/InMemoryWidgetsSearchAlgorithm.kt:99:39 Unresolved reference 'it'.
e: file:///data/data/com.termux/files/home/Launcher3/src/com/android/launcher3/widgetpicker/datasource/InMemoryWidgetsSearchAlgorithm.kt:101:59 Overload resolution ambiguity between candidates:
fun <T> Array<out T>.sumOf(selector: (T) -> BigDecimal): BigDecimal
fun <T> Array<out T>.sumOf(selector: (T) -> BigInteger): BigInteger
fun BooleanArray.sumOf(selector: (Boolean) -> BigDecimal): BigDecimal
fun BooleanArray.sumOf(selector: (Boolean) -> BigInteger): BigInteger
fun ByteArray.sumOf(selector: (Byte) -> BigDecimal): BigDecimal
fun ByteArray.sumOf(selector: (Byte) -> BigInteger): BigInteger
fun CharArray.sumOf(selector: (Char) -> BigDecimal): BigDecimal
fun CharArray.sumOf(selector: (Char) -> BigInteger): BigInteger
fun DoubleArray.sumOf(selector: (Double) -> BigDecimal): BigDecimal
fun DoubleArray.sumOf(selector: (Double) -> BigInteger): BigInteger
fun FloatArray.sumOf(selector: (Float) -> BigDecimal): BigDecimal
fun FloatArray.sumOf(selector: (Float) -> BigInteger): BigInteger
fun IntArray.sumOf(selector: (Int) -> BigDecimal): BigDecimal
fun IntArray.sumOf(selector: (Int) -> BigInteger): BigInteger
fun LongArray.sumOf(selector: (Long) -> BigDecimal): BigDecimal
fun LongArray.sumOf(selector: (Long) -> BigInteger): BigInteger
fun ShortArray.sumOf(selector: (Short) -> BigDecimal): BigDecimal
fun ShortArray.sumOf(selector: (Short) -> BigInteger): BigInteger
fun <T> Array<out T>.sumOf(selector: (T) -> Double): Double
fun <T> Array<out T>.sumOf(selector: (T) -> Int): Int
fun <T> Array<out T>.sumOf(selector: (T) -> Long): Long
fun <T> Array<out T>.sumOf(selector: (T) -> UInt): UInt
fun <T> Array<out T>.sumOf(selector: (T) -> ULong): ULong
fun BooleanArray.sumOf(selector: (Boolean) -> Double): Double
fun BooleanArray.sumOf(selector: (Boolean) -> Int): Int
fun BooleanArray.sumOf(selector: (Boolean) -> Long): Long
fun BooleanArray.sumOf(selector: (Boolean) -> UInt): UInt
fun BooleanArray.sumOf(selector: (Boolean) -> ULong): ULong
fun ByteArray.sumOf(selector: (Byte) -> Double): Double
fun ByteArray.sumOf(selector: (Byte) -> Int): Int
fun ByteArray.sumOf(selector: (Byte) -> Long): Long
fun ByteArray.sumOf(selector: (Byte) -> UInt): UInt
fun ByteArray.sumOf(selector: (Byte) -> ULong): ULong
fun CharArray.sumOf(selector: (Char) -> Double): Double
fun CharArray.sumOf(selector: (Char) -> Int): Int
fun CharArray.sumOf(selector: (Char) -> Long): Long
fun CharArray.sumOf(selector: (Char) -> UInt): UInt
fun CharArray.sumOf(selector: (Char) -> ULong): ULong
fun DoubleArray.sumOf(selector: (Double) -> Double): Double
fun DoubleArray.sumOf(selector: (Double) -> Int): Int
fun DoubleArray.sumOf(selector: (Double) -> Long): Long
fun DoubleArray.sumOf(selector: (Double) -> UInt): UInt
fun DoubleArray.sumOf(selector: (Double) -> ULong): ULong
fun FloatArray.sumOf(selector: (Float) -> Double): Double
fun FloatArray.sumOf(selector: (Float) -> Int): Int
fun FloatArray.sumOf(selector: (Float) -> Long): Long
fun FloatArray.sumOf(selector: (Float) -> UInt): UInt
fun FloatArray.sumOf(selector: (Float) -> ULong): ULong
fun IntArray.sumOf(selector: (Int) -> Double): Double
fun IntArray.sumOf(selector: (Int) -> Int): Int
fun IntArray.sumOf(selector: (Int) -> Long): Long
fun IntArray.sumOf(selector: (Int) -> UInt): UInt
fun IntArray.sumOf(selector: (Int) -> ULong): ULong
fun LongArray.sumOf(selector: (Long) -> Double): Double
fun LongArray.sumOf(selector: (Long) -> Int): Int
fun LongArray.sumOf(selector: (Long) -> Long): Long
fun LongArray.sumOf(selector: (Long) -> UInt): UInt
fun LongArray.sumOf(selector: (Long) -> ULong): ULong
fun ShortArray.sumOf(selector: (Short) -> Double): Double
fun ShortArray.sumOf(selector: (Short) -> Int): Int
fun ShortArray.sumOf(selector: (Short) -> Long): Long
fun ShortArray.sumOf(selector: (Short) -> UInt): UInt
fun ShortArray.sumOf(selector: (Short) -> ULong): ULong
fun <T> Iterable<T>.sumOf(selector: (T) -> BigDecimal): BigDecimal
fun <T> Iterable<T>.sumOf(selector: (T) -> BigInteger): BigInteger
fun <T> Iterable<T>.sumOf(selector: (T) -> Double): Double
fun <T> Iterable<T>.sumOf(selector: (T) -> Int): Int
fun <T> Iterable<T>.sumOf(selector: (T) -> Long): Long
fun <T> Iterable<T>.sumOf(selector: (T) -> UInt): UInt
fun <T> Iterable<T>.sumOf(selector: (T) -> ULong): ULong
fun UByteArray.sumOf(selector: (UByte) -> BigDecimal): BigDecimal
fun UByteArray.sumOf(selector: (UByte) -> BigInteger): BigInteger
fun UIntArray.sumOf(selector: (UInt) -> BigDecimal): BigDecimal
fun UIntArray.sumOf(selector: (UInt) -> BigInteger): BigInteger
fun ULongArray.sumOf(selector: (ULong) -> BigDecimal): BigDecimal
fun ULongArray.sumOf(selector: (ULong) -> BigInteger): BigInteger
fun UShortArray.sumOf(selector: (UShort) -> BigDecimal): BigDecimal
fun UShortArray.sumOf(selector: (UShort) -> BigInteger): BigInteger
fun UByteArray.sumOf(selector: (UByte) -> Double): Double
fun UByteArray.sumOf(selector: (UByte) -> Int): Int
fun UByteArray.sumOf(selector: (UByte) -> Long): Long
fun UByteArray.sumOf(selector: (UByte) -> UInt): UInt
fun UByteArray.sumOf(selector: (UByte) -> ULong): ULong
fun UIntArray.sumOf(selector: (UInt) -> Double): Double
fun UIntArray.sumOf(selector: (UInt) -> Int): Int
fun UIntArray.sumOf(selector: (UInt) -> Long): Long
fun UIntArray.sumOf(selector: (UInt) -> UInt): UInt
fun UIntArray.sumOf(selector: (UInt) -> ULong): ULong
fun ULongArray.sumOf(selector: (ULong) -> Double): Double
fun ULongArray.sumOf(selector: (ULong) -> Int): Int
fun ULongArray.sumOf(selector: (ULong) -> Long): Long
fun ULongArray.sumOf(selector: (ULong) -> UInt): UInt
fun ULongArray.sumOf(selector: (ULong) -> ULong): ULong
fun UShortArray.sumOf(selector: (UShort) -> Double): Double
fun UShortArray.sumOf(selector: (UShort) -> Int): Int
fun UShortArray.sumOf(selector: (UShort) -> Long): Long
fun UShortArray.sumOf(selector: (UShort) -> UInt): UInt
fun UShortArray.sumOf(selector: (UShort) -> ULong): ULong
fun <T> Sequence<T>.sumOf(selector: (T) -> BigDecimal): BigDecimal
fun <T> Sequence<T>.sumOf(selector: (T) -> BigInteger): BigInteger
fun <T> Sequence<T>.sumOf(selector: (T) -> Double): Double
fun <T> Sequence<T>.sumOf(selector: (T) -> Int): Int
fun <T> Sequence<T>.sumOf(selector: (T) -> Long): Long
fun <T> Sequence<T>.sumOf(selector: (T) -> UInt): UInt
fun <T> Sequence<T>.sumOf(selector: (T) -> ULong): ULong
fun CharSequence.sumOf(selector: (Char) -> BigDecimal): BigDecimal
fun CharSequence.sumOf(selector: (Char) -> BigInteger): BigInteger
fun CharSequence.sumOf(selector: (Char) -> Double): Double
fun CharSequence.sumOf(selector: (Char) -> Int): Int
fun CharSequence.sumOf(selector: (Char) -> Long): Long
fun CharSequence.sumOf(selector: (Char) -> UInt): UInt
fun CharSequence.sumOf(selector: (Char) -> ULong): ULong
e: file:///data/data/com.termux/files/home/Launcher3/src/com/android/launcher3/widgetpicker/datasource/InMemoryWidgetsSearchAlgorithm.kt:101:65 Unresolved reference 'second'.
e: file:///data/data/com.termux/files/home/Launcher3/src/com/android/launcher3/widgetpicker/datasource/InMemoryWidgetsSearchAlgorithm.kt:101:67 Unresolved reference 'it'.
e: file:///data/data/com.termux/files/home/Launcher3/src/com/android/launcher3/widgetpicker/datasource/InMemoryWidgetsSearchAlgorithm.kt:103:34 'operator' modifier is required on 'FirNamedFunctionSymbol kotlin/compareTo' in 'compareTo'.
e: file:///data/data/com.termux/files/home/Launcher3/src/com/android/launcher3/widgetpicker/datasource/InMemoryWidgetsSearchAlgorithm.kt:104:13 Argument type mismatch: actual type is 'kotlin.Pair<A, B>', but 'K' was expected.
e: file:///data/data/com.termux/files/home/Launcher3/src/com/android/launcher3/widgetpicker/datasource/InMemoryWidgetsSearchAlgorithm.kt:104:23 Cannot infer type for this parameter. Please specify it explicitly.
e: file:///data/data/com.termux/files/home/Launcher3/src/com/android/launcher3/widgetpicker/datasource/InMemoryWidgetsSearchAlgorithm.kt:104:23 Unresolved reference. None of the following candidates is applicable because of a receiver type mismatch:
fun <A, B> A.to(that: B): Pair<A, B>
e: file:///data/data/com.termux/files/home/Launcher3/src/com/android/launcher3/widgetpicker/datasource/InMemoryWidgetsSearchAlgorithm.kt:106:13 Argument type mismatch: actual type is 'kotlin.Pair<A, B>', but 'K' was expected.
e: file:///data/data/com.termux/files/home/Launcher3/src/com/android/launcher3/widgetpicker/datasource/InMemoryWidgetsSearchAlgorithm.kt:106:23 Unresolved reference 'copy'.
e: file:///data/data/com.termux/files/home/Launcher3/src/com/android/launcher3/widgetpicker/datasource/InMemoryWidgetsSearchAlgorithm.kt:106:52 Overload resolution ambiguity between candidates:
fun <R, T> Result<T>.map(transform: (@ParameterName(...) T) -> R): Result<R>
    [R|Contract description]
     <
        CallsInPlace(transform, AT_MOST_ONCE)
    >
fun <T, R> Array<out T>.map(transform: (T) -> R): List<R>
fun <R> BooleanArray.map(transform: (Boolean) -> R): List<R>
fun <R> ByteArray.map(transform: (Byte) -> R): List<R>
fun <R> CharArray.map(transform: (Char) -> R): List<R>
fun <R> DoubleArray.map(transform: (Double) -> R): List<R>
fun <R> FloatArray.map(transform: (Float) -> R): List<R>
fun <R> IntArray.map(transform: (Int) -> R): List<R>
fun <R> LongArray.map(transform: (Long) -> R): List<R>
fun <R> ShortArray.map(transform: (Short) -> R): List<R>
fun <T, R> Iterable<T>.map(transform: (T) -> R): List<R>
fun <K, V, R> Map<out K, V>.map(transform: (Map.Entry<K, V>) -> R): List<R>
fun <R> UByteArray.map(transform: (UByte) -> R): List<R>
fun <R> UIntArray.map(transform: (UInt) -> R): List<R>
fun <R> ULongArray.map(transform: (ULong) -> R): List<R>
fun <R> UShortArray.map(transform: (UShort) -> R): List<R>
fun <T, R> Sequence<T>.map(transform: (T) -> R): Sequence<R>
fun <R> CharSequence.map(transform: (Char) -> R): List<R>
e: file:///data/data/com.termux/files/home/Launcher3/src/com/android/launcher3/widgetpicker/datasource/InMemoryWidgetsSearchAlgorithm.kt:106:56 Function invocation 'first()' expected.
e: file:///data/data/com.termux/files/home/Launcher3/src/com/android/launcher3/widgetpicker/datasource/InMemoryWidgetsSearchAlgorithm.kt:106:58 Unresolved reference 'it'.
e: file:///data/data/com.termux/files/home/Launcher3/src/com/android/launcher3/widgetpicker/datasource/InMemoryWidgetsSearchAlgorithm.kt:106:70 Cannot infer type for this parameter. Please specify it explicitly.
e: file:///data/data/com.termux/files/home/Launcher3/src/com/android/launcher3/widgetpicker/datasource/WidgetsSearchAlgorithm.kt:19:43 Unresolved reference 'shared'.
e: file:///data/data/com.termux/files/home/Launcher3/src/com/android/launcher3/widgetpicker/datasource/WidgetsSearchAlgorithm.kt:27:59 Unresolved reference 'WidgetApp'.
e: file:///data/data/com.termux/files/home/Launcher3/src/com/android/launcher3/widgetpicker/datasource/WidgetsSearchAlgorithm.kt:27:77 Unresolved reference 'WidgetApp'.
e: file:///data/data/com.termux/files/home/Launcher3/src/com/android/launcher3/widgetpicker/listeners/WidgetPickerAddItemListener.kt:29:43 Unresolved reference 'shared'.
e: file:///data/data/com.termux/files/home/Launcher3/src/com/android/launcher3/widgetpicker/listeners/WidgetPickerAddItemListener.kt:41:87 Unresolved reference 'WidgetInfo'.
e: file:///data/data/com.termux/files/home/Launcher3/src/com/android/launcher3/widgetpicker/listeners/WidgetPickerAddItemListener.kt:48:20 Unresolved reference 'WidgetInfo'.
e: file:///data/data/com.termux/files/home/Launcher3/src/com/android/launcher3/widgetpicker/listeners/WidgetPickerAddItemListener.kt:52:40 Unresolved reference 'appWidgetProviderInfo'.
e: file:///data/data/com.termux/files/home/Launcher3/src/com/android/launcher3/widgetpicker/listeners/WidgetPickerAddItemListener.kt:57:20 Unresolved reference 'WidgetInfo'.
e: file:///data/data/com.termux/files/home/Launcher3/src/com/android/launcher3/widgetpicker/listeners/WidgetPickerAddItemListener.kt:59:65 Unresolved reference 'launcherActivityInfo'.
e: file:///data/data/com.termux/files/home/Launcher3/src/com/android/launcher3/widgetpicker/listeners/WidgetPickerDragItemListener.kt:35:43 Unresolved reference 'shared'.
e: file:///data/data/com.termux/files/home/Launcher3/src/com/android/launcher3/widgetpicker/listeners/WidgetPickerDragItemListener.kt:36:43 Unresolved reference 'shared'.
e: file:///data/data/com.termux/files/home/Launcher3/src/com/android/launcher3/widgetpicker/listeners/WidgetPickerDragItemListener.kt:37:43 Unresolved reference 'shared'.
e: file:///data/data/com.termux/files/home/Launcher3/src/com/android/launcher3/widgetpicker/listeners/WidgetPickerDragItemListener.kt:58:29 Unresolved reference 'WidgetInfo'.
e: file:///data/data/com.termux/files/home/Launcher3/src/com/android/launcher3/widgetpicker/listeners/WidgetPickerDragItemListener.kt:59:32 Unresolved reference 'WidgetPreview'.
e: file:///data/data/com.termux/files/home/Launcher3/src/com/android/launcher3/widgetpicker/listeners/WidgetPickerDragItemListener.kt:85:20 Unresolved reference 'WidgetInfo'.
e: file:///data/data/com.termux/files/home/Launcher3/src/com/android/launcher3/widgetpicker/listeners/WidgetPickerDragItemListener.kt:89:40 Unresolved reference 'appWidgetProviderInfo'.
e: file:///data/data/com.termux/files/home/Launcher3/src/com/android/launcher3/widgetpicker/listeners/WidgetPickerDragItemListener.kt:93:20 Unresolved reference 'WidgetInfo'.
e: file:///data/data/com.termux/files/home/Launcher3/src/com/android/launcher3/widgetpicker/listeners/WidgetPickerDragItemListener.kt:95:65 Unresolved reference 'launcherActivityInfo'.
e: file:///data/data/com.termux/files/home/Launcher3/src/com/android/launcher3/widgetpicker/listeners/WidgetPickerDragItemListener.kt:120:28 Unresolved reference 'isAppWidget'.
e: file:///data/data/com.termux/files/home/Launcher3/src/com/android/launcher3/widgetpicker/listeners/WidgetPickerDragItemListener.kt:150:27 Unresolved reference 'WidgetPreview'.
e: file:///data/data/com.termux/files/home/Launcher3/src/com/android/launcher3/widgetpicker/listeners/WidgetPickerDragItemListener.kt:151:21 Unresolved reference 'WidgetInfo'.
e: file:///data/data/com.termux/files/home/Launcher3/src/com/android/launcher3/widgetpicker/listeners/WidgetPickerDragItemListener.kt:156:16 Unresolved reference 'WidgetPreview'.
e: file:///data/data/com.termux/files/home/Launcher3/src/com/android/launcher3/widgetpicker/listeners/WidgetPickerDragItemListener.kt:157:55 Unresolved reference 'bitmap'.
e: file:///data/data/com.termux/files/home/Launcher3/src/com/android/launcher3/widgetpicker/listeners/WidgetPickerDragItemListener.kt:158:48 Unresolved reference 'appWidgetProviderInfo'.
e: file:///data/data/com.termux/files/home/Launcher3/src/com/android/launcher3/widgetpicker/listeners/WidgetPickerDragItemListener.kt:161:16 Unresolved reference 'WidgetPreview'.
e: file:///data/data/com.termux/files/home/Launcher3/src/com/android/launcher3/widgetpicker/listeners/WidgetPickerDragItemListener.kt:162:54 Unresolved reference 'providerInfo'.
e: file:///data/data/com.termux/files/home/Launcher3/src/com/android/launcher3/widgetpicker/listeners/WidgetPickerDragItemListener.kt:165:16 Unresolved reference 'WidgetPreview'.
e: file:///data/data/com.termux/files/home/Launcher3/src/com/android/launcher3/widgetpicker/listeners/WidgetPickerDragItemListener.kt:166:53 Unresolved reference 'remoteViews'.
e: file:///data/data/com.termux/files/home/Launcher3/src/com/android/launcher3/widgetpicker/listeners/WidgetPickerDragItemListener.kt:167:48 Unresolved reference 'appWidgetProviderInfo'.
e: file:///data/data/com.termux/files/home/Launcher3/src/com/android/launcher3/widgetpicker/logging/LauncherWidgetPickerCuiReporter.kt:25:43 Unresolved reference 'ui'.
e: file:///data/data/com.termux/files/home/Launcher3/src/com/android/launcher3/widgetpicker/logging/LauncherWidgetPickerCuiReporter.kt:26:43 Unresolved reference 'ui'.
e: file:///data/data/com.termux/files/home/Launcher3/src/com/android/launcher3/widgetpicker/logging/LauncherWidgetPickerCuiReporter.kt:30:5 Unresolved reference 'WidgetPickerCuiReporter'.
e: file:///data/data/com.termux/files/home/Launcher3/src/com/android/launcher3/widgetpicker/logging/LauncherWidgetPickerCuiReporter.kt:31:5 'report' overrides nothing.
e: file:///data/data/com.termux/files/home/Launcher3/src/com/android/launcher3/widgetpicker/logging/LauncherWidgetPickerCuiReporter.kt:31:32 Unresolved reference 'WidgetPickerCui'.
e: file:///data/data/com.termux/files/home/Launcher3/src/com/android/launcher3/widgetpicker/logging/LauncherWidgetPickerCuiReporter.kt:33:13 'when' expression must be exhaustive. Add an 'else' branch.
e: file:///data/data/com.termux/files/home/Launcher3/src/com/android/launcher3/widgetpicker/logging/LauncherWidgetPickerCuiReporter.kt:34:17 Unresolved reference 'WidgetPickerCui'.
e: file:///data/data/com.termux/files/home/Launcher3/src/com/android/launcher3/widgetpicker/logging/LauncherWidgetPickerCuiReporter.kt:36:17 Unresolved reference 'WidgetPickerCui'.
e: file:///data/data/com.termux/files/home/Launcher3/src/com/android/launcher3/widgetpicker/logging/LauncherWidgetPickerCuiReporter.kt:38:17 Unresolved reference 'WidgetPickerCui'.
e: file:///data/data/com.termux/files/home/Launcher3/src/com/android/launcher3/widgetpicker/logging/LauncherWidgetPickerCuiReporter.kt:41:17 Unresolved reference 'WidgetPickerCui'.
e: file:///data/data/com.termux/files/home/Launcher3/src/com/android/launcher3/widgetpicker/repository/WidgetAppIconsRepositoryImpl.kt:24:43 Unresolved reference 'data'.
e: file:///data/data/com.termux/files/home/Launcher3/src/com/android/launcher3/widgetpicker/repository/WidgetAppIconsRepositoryImpl.kt:25:43 Unresolved reference 'shared'.
e: file:///data/data/com.termux/files/home/Launcher3/src/com/android/launcher3/widgetpicker/repository/WidgetAppIconsRepositoryImpl.kt:26:43 Unresolved reference 'shared'.
e: file:///data/data/com.termux/files/home/Launcher3/src/com/android/launcher3/widgetpicker/repository/WidgetAppIconsRepositoryImpl.kt:27:43 Unresolved reference 'shared'.
e: file:///data/data/com.termux/files/home/Launcher3/src/com/android/launcher3/widgetpicker/repository/WidgetAppIconsRepositoryImpl.kt:28:43 Unresolved reference 'shared'.
e: file:///data/data/com.termux/files/home/Launcher3/src/com/android/launcher3/widgetpicker/repository/WidgetAppIconsRepositoryImpl.kt:38:5 Unresolved reference 'WidgetAppIconsRepository'.
e: file:///data/data/com.termux/files/home/Launcher3/src/com/android/launcher3/widgetpicker/repository/WidgetAppIconsRepositoryImpl.kt:39:5 'initialize' overrides nothing.
e: file:///data/data/com.termux/files/home/Launcher3/src/com/android/launcher3/widgetpicker/repository/WidgetAppIconsRepositoryImpl.kt:41:5 'getAppIcon' overrides nothing.
e: file:///data/data/com.termux/files/home/Launcher3/src/com/android/launcher3/widgetpicker/repository/WidgetAppIconsRepositoryImpl.kt:41:42 Unresolved reference 'WidgetAppId'.
e: file:///data/data/com.termux/files/home/Launcher3/src/com/android/launcher3/widgetpicker/repository/WidgetAppIconsRepositoryImpl.kt:41:57 Cannot infer type for this parameter. Please specify it explicitly.
e: file:///data/data/com.termux/files/home/Launcher3/src/com/android/launcher3/widgetpicker/repository/WidgetAppIconsRepositoryImpl.kt:41:57 Not enough information to infer type argument for 'T'.
e: file:///data/data/com.termux/files/home/Launcher3/src/com/android/launcher3/widgetpicker/repository/WidgetAppIconsRepositoryImpl.kt:42:17 Unresolved reference 'WidgetAppIcon'.
e: file:///data/data/com.termux/files/home/Launcher3/src/com/android/launcher3/widgetpicker/repository/WidgetAppIconsRepositoryImpl.kt:42:31 Unresolved reference 'AppIcon'.
e: file:///data/data/com.termux/files/home/Launcher3/src/com/android/launcher3/widgetpicker/repository/WidgetAppIconsRepositoryImpl.kt:42:59 Unresolved reference 'AppIconBadge'.
e: file:///data/data/com.termux/files/home/Launcher3/src/com/android/launcher3/widgetpicker/repository/WidgetAppIconsRepositoryImpl.kt:47:45 Unresolved reference 'packageName'.
e: file:///data/data/com.termux/files/home/Launcher3/src/com/android/launcher3/widgetpicker/repository/WidgetAppIconsRepositoryImpl.kt:47:58 Argument type mismatch: actual type is 'kotlin.text.CharCategory', but 'kotlin.Int' was expected.
e: file:///data/data/com.termux/files/home/Launcher3/src/com/android/launcher3/widgetpicker/repository/WidgetAppIconsRepositoryImpl.kt:47:80 Unresolved reference 'userHandle'.
e: file:///data/data/com.termux/files/home/Launcher3/src/com/android/launcher3/widgetpicker/repository/WidgetAppIconsRepositoryImpl.kt:49:45 Unresolved reference 'packageName'.
e: file:///data/data/com.termux/files/home/Launcher3/src/com/android/launcher3/widgetpicker/repository/WidgetAppIconsRepositoryImpl.kt:49:70 Unresolved reference 'userHandle'.
e: file:///data/data/com.termux/files/home/Launcher3/src/com/android/launcher3/widgetpicker/repository/WidgetAppIconsRepositoryImpl.kt:58:29 Unresolved reference 'WidgetAppIcon'.
e: file:///data/data/com.termux/files/home/Launcher3/src/com/android/launcher3/widgetpicker/repository/WidgetAppIconsRepositoryImpl.kt:59:40 Unresolved reference 'AppIcon'.
e: file:///data/data/com.termux/files/home/Launcher3/src/com/android/launcher3/widgetpicker/repository/WidgetAppIconsRepositoryImpl.kt:60:41 Unresolved reference 'AppIconBadge'.
e: file:///data/data/com.termux/files/home/Launcher3/src/com/android/launcher3/widgetpicker/repository/WidgetAppIconsRepositoryImpl.kt:65:29 Unresolved reference 'WidgetAppIcon'.
e: file:///data/data/com.termux/files/home/Launcher3/src/com/android/launcher3/widgetpicker/repository/WidgetAppIconsRepositoryImpl.kt:67:37 Unresolved reference 'AppIcon'.
e: file:///data/data/com.termux/files/home/Launcher3/src/com/android/launcher3/widgetpicker/repository/WidgetAppIconsRepositoryImpl.kt:75:37 Not enough information to infer type argument for 'K'.
e: file:///data/data/com.termux/files/home/Launcher3/src/com/android/launcher3/widgetpicker/repository/WidgetAppIconsRepositoryImpl.kt:75:77 Cannot infer type for this parameter. Please specify it explicitly.
e: file:///data/data/com.termux/files/home/Launcher3/src/com/android/launcher3/widgetpicker/repository/WidgetAppIconsRepositoryImpl.kt:75:77 Not enough information to infer type argument for 'R'.
e: file:///data/data/com.termux/files/home/Launcher3/src/com/android/launcher3/widgetpicker/repository/WidgetAppIconsRepositoryImpl.kt:75:81 Cannot infer type for this parameter. Please specify it explicitly.
e: file:///data/data/com.termux/files/home/Launcher3/src/com/android/launcher3/widgetpicker/repository/WidgetAppIconsRepositoryImpl.kt:76:41 Unresolved reference 'AppIconBadge'.
e: file:///data/data/com.termux/files/home/Launcher3/src/com/android/launcher3/widgetpicker/repository/WidgetAppIconsRepositoryImpl.kt:77:42 Unresolved reference 'AppIconBadge'.
e: file:///data/data/com.termux/files/home/Launcher3/src/com/android/launcher3/widgetpicker/repository/WidgetAppIconsRepositoryImpl.kt:90:5 'cleanUp' overrides nothing.
e: file:///data/data/com.termux/files/home/Launcher3/src/com/android/launcher3/widgetpicker/repository/WidgetUsersRepositoryImpl.kt:27:43 Unresolved reference 'data'.
e: file:///data/data/com.termux/files/home/Launcher3/src/com/android/launcher3/widgetpicker/repository/WidgetUsersRepositoryImpl.kt:28:43 Unresolved reference 'shared'.
e: file:///data/data/com.termux/files/home/Launcher3/src/com/android/launcher3/widgetpicker/repository/WidgetUsersRepositoryImpl.kt:29:43 Unresolved reference 'shared'.
e: file:///data/data/com.termux/files/home/Launcher3/src/com/android/launcher3/widgetpicker/repository/WidgetUsersRepositoryImpl.kt:30:43 Unresolved reference 'shared'.
e: file:///data/data/com.termux/files/home/Launcher3/src/com/android/launcher3/widgetpicker/repository/WidgetUsersRepositoryImpl.kt:56:5 Unresolved reference 'WidgetUsersRepository'.
e: file:///data/data/com.termux/files/home/Launcher3/src/com/android/launcher3/widgetpicker/repository/WidgetUsersRepositoryImpl.kt:59:50 Unresolved reference 'WidgetUserProfiles'.
e: file:///data/data/com.termux/files/home/Launcher3/src/com/android/launcher3/widgetpicker/repository/WidgetUsersRepositoryImpl.kt:59:71 Null cannot be a value of a non-null type 'T'.
e: file:///data/data/com.termux/files/home/Launcher3/src/com/android/launcher3/widgetpicker/repository/WidgetUsersRepositoryImpl.kt:68:5 'initialize' overrides nothing.
e: file:///data/data/com.termux/files/home/Launcher3/src/com/android/launcher3/widgetpicker/repository/WidgetUsersRepositoryImpl.kt:83:5 'observeUserProfiles' overrides nothing.
e: file:///data/data/com.termux/files/home/Launcher3/src/com/android/launcher3/widgetpicker/repository/WidgetUsersRepositoryImpl.kt:83:46 Unresolved reference 'WidgetUserProfiles'.
e: file:///data/data/com.termux/files/home/Launcher3/src/com/android/launcher3/widgetpicker/repository/WidgetUsersRepositoryImpl.kt:83:83 Cannot infer type for this parameter. Please specify it explicitly.
e: file:///data/data/com.termux/files/home/Launcher3/src/com/android/launcher3/widgetpicker/repository/WidgetUsersRepositoryImpl.kt:83:83 Not enough information to infer type argument for 'T'.
e: file:///data/data/com.termux/files/home/Launcher3/src/com/android/launcher3/widgetpicker/repository/WidgetUsersRepositoryImpl.kt:85:5 'getWorkProfileUser' overrides nothing.
e: file:///data/data/com.termux/files/home/Launcher3/src/com/android/launcher3/widgetpicker/repository/WidgetUsersRepositoryImpl.kt:87:5 'cleanUp' overrides nothing.
e: file:///data/data/com.termux/files/home/Launcher3/src/com/android/launcher3/widgetpicker/repository/WidgetUsersRepositoryImpl.kt:105:27 Cannot infer type for this parameter. Please specify it explicitly.
e: file:///data/data/com.termux/files/home/Launcher3/src/com/android/launcher3/widgetpicker/repository/WidgetUsersRepositoryImpl.kt:105:27 Not enough information to infer type argument for 'T'.
e: file:///data/data/com.termux/files/home/Launcher3/src/com/android/launcher3/widgetpicker/repository/WidgetUsersRepositoryImpl.kt:105:34 Cannot infer type for this parameter. Please specify it explicitly.
e: file:///data/data/com.termux/files/home/Launcher3/src/com/android/launcher3/widgetpicker/repository/WidgetUsersRepositoryImpl.kt:106:17 Unresolved reference 'WidgetUserProfiles'.
e: file:///data/data/com.termux/files/home/Launcher3/src/com/android/launcher3/widgetpicker/repository/WidgetUsersRepositoryImpl.kt:108:25 Unresolved reference 'WidgetUserProfile'.
e: file:///data/data/com.termux/files/home/Launcher3/src/com/android/launcher3/widgetpicker/repository/WidgetUsersRepositoryImpl.kt:109:36 Unresolved reference 'WidgetUserProfileType'.
e: file:///data/data/com.termux/files/home/Launcher3/src/com/android/launcher3/widgetpicker/repository/WidgetUsersRepositoryImpl.kt:115:42 Cannot infer type for this parameter. Please specify it explicitly.
e: file:///data/data/com.termux/files/home/Launcher3/src/com/android/launcher3/widgetpicker/repository/WidgetUsersRepositoryImpl.kt:115:46 Cannot infer type for this parameter. Please specify it explicitly.
e: file:///data/data/com.termux/files/home/Launcher3/src/com/android/launcher3/widgetpicker/repository/WidgetUsersRepositoryImpl.kt:116:29 Unresolved reference 'WidgetUserProfile'.
e: file:///data/data/com.termux/files/home/Launcher3/src/com/android/launcher3/widgetpicker/repository/WidgetUsersRepositoryImpl.kt:117:40 Unresolved reference 'WidgetUserProfileType'.
e: file:///data/data/com.termux/files/home/Launcher3/src/com/android/launcher3/widgetpicker/repository/WidgetsRepositoryImpl.kt:36:43 Unresolved reference 'data'.
e: file:///data/data/com.termux/files/home/Launcher3/src/com/android/launcher3/widgetpicker/repository/WidgetsRepositoryImpl.kt:37:43 Unresolved reference 'data'.
e: file:///data/data/com.termux/files/home/Launcher3/src/com/android/launcher3/widgetpicker/repository/WidgetsRepositoryImpl.kt:38:43 Unresolved reference 'data'.
e: file:///data/data/com.termux/files/home/Launcher3/src/com/android/launcher3/widgetpicker/repository/WidgetsRepositoryImpl.kt:41:43 Unresolved reference 'shared'.
e: file:///data/data/com.termux/files/home/Launcher3/src/com/android/launcher3/widgetpicker/repository/WidgetsRepositoryImpl.kt:42:43 Unresolved reference 'shared'.
e: file:///data/data/com.termux/files/home/Launcher3/src/com/android/launcher3/widgetpicker/repository/WidgetsRepositoryImpl.kt:43:43 Unresolved reference 'shared'.
e: file:///data/data/com.termux/files/home/Launcher3/src/com/android/launcher3/widgetpicker/repository/WidgetsRepositoryImpl.kt:44:43 Unresolved reference 'shared'.
e: file:///data/data/com.termux/files/home/Launcher3/src/com/android/launcher3/widgetpicker/repository/WidgetsRepositoryImpl.kt:45:43 Unresolved reference 'shared'.
e: file:///data/data/com.termux/files/home/Launcher3/src/com/android/launcher3/widgetpicker/repository/WidgetsRepositoryImpl.kt:46:43 Unresolved reference 'shared'.
e: file:///data/data/com.termux/files/home/Launcher3/src/com/android/launcher3/widgetpicker/repository/WidgetsRepositoryImpl.kt:47:43 Unresolved reference 'shared'.
e: file:///data/data/com.termux/files/home/Launcher3/src/com/android/launcher3/widgetpicker/repository/WidgetsRepositoryImpl.kt:80:5 Unresolved reference 'WidgetsRepository'.
e: file:///data/data/com.termux/files/home/Launcher3/src/com/android/launcher3/widgetpicker/repository/WidgetsRepositoryImpl.kt:85:63 Unresolved reference 'WidgetApp'.
e: file:///data/data/com.termux/files/home/Launcher3/src/com/android/launcher3/widgetpicker/repository/WidgetsRepositoryImpl.kt:85:75 Cannot infer type for this parameter. Please specify it explicitly.
e: file:///data/data/com.termux/files/home/Launcher3/src/com/android/launcher3/widgetpicker/repository/WidgetsRepositoryImpl.kt:85:75 Argument type mismatch: actual type is 'kotlin.collections.List<T>', but 'kotlin.collections.List<ERROR CLASS: Symbol not found for WidgetApp>' was expected.
e: file:///data/data/com.termux/files/home/Launcher3/src/com/android/launcher3/widgetpicker/repository/WidgetsRepositoryImpl.kt:87:5 'initialize' overrides nothing.
e: file:///data/data/com.termux/files/home/Launcher3/src/com/android/launcher3/widgetpicker/repository/WidgetsRepositoryImpl.kt:87:38 Unresolved reference 'InitializationOptions'.
e: file:///data/data/com.termux/files/home/Launcher3/src/com/android/launcher3/widgetpicker/repository/WidgetsRepositoryImpl.kt:91:28 Unresolved reference 'InitializationOptions'.
e: file:///data/data/com.termux/files/home/Launcher3/src/com/android/launcher3/widgetpicker/repository/WidgetsRepositoryImpl.kt:92:58 Unresolved reference 'pinItemRequest'.
e: file:///data/data/com.termux/files/home/Launcher3/src/com/android/launcher3/widgetpicker/repository/WidgetsRepositoryImpl.kt:98:29 Unresolved reference 'getWidgetAppId'.
e: file:///data/data/com.termux/files/home/Launcher3/src/com/android/launcher3/widgetpicker/repository/WidgetsRepositoryImpl.kt:98:47 Cannot infer type for this parameter. Please specify it explicitly.
e: file:///data/data/com.termux/files/home/Launcher3/src/com/android/launcher3/widgetpicker/repository/WidgetsRepositoryImpl.kt:98:51 Cannot infer type for this parameter. Please specify it explicitly.
e: file:///data/data/com.termux/files/home/Launcher3/src/com/android/launcher3/widgetpicker/repository/WidgetsRepositoryImpl.kt:99:25 Cannot infer type for this parameter. Please specify it explicitly.
e: file:///data/data/com.termux/files/home/Launcher3/src/com/android/launcher3/widgetpicker/repository/WidgetsRepositoryImpl.kt:99:41 Unresolved reference 'packageName'.
e: file:///data/data/com.termux/files/home/Launcher3/src/com/android/launcher3/widgetpicker/repository/WidgetsRepositoryImpl.kt:100:43 Unresolved reference 'packageName'.
e: file:///data/data/com.termux/files/home/Launcher3/src/com/android/launcher3/widgetpicker/repository/WidgetsRepositoryImpl.kt:100:59 Unresolved reference 'userHandle'.
e: file:///data/data/com.termux/files/home/Launcher3/src/com/android/launcher3/widgetpicker/repository/WidgetsRepositoryImpl.kt:109:24 Unresolved reference 'InitializationOptions'.
e: file:///data/data/com.termux/files/home/Launcher3/src/com/android/launcher3/widgetpicker/repository/WidgetsRepositoryImpl.kt:114:5 'observeWidgets' overrides nothing.
e: file:///data/data/com.termux/files/home/Launcher3/src/com/android/launcher3/widgetpicker/repository/WidgetsRepositoryImpl.kt:114:46 Unresolved reference 'WidgetApp'.
e: file:///data/data/com.termux/files/home/Launcher3/src/com/android/launcher3/widgetpicker/repository/WidgetsRepositoryImpl.kt:116:5 'observeWidgetApp' overrides nothing.
e: file:///data/data/com.termux/files/home/Launcher3/src/com/android/launcher3/widgetpicker/repository/WidgetsRepositoryImpl.kt:116:48 Unresolved reference 'WidgetAppId'.
e: file:///data/data/com.termux/files/home/Launcher3/src/com/android/launcher3/widgetpicker/repository/WidgetsRepositoryImpl.kt:116:67 Unresolved reference 'WidgetApp'.
e: file:///data/data/com.termux/files/home/Launcher3/src/com/android/launcher3/widgetpicker/repository/WidgetsRepositoryImpl.kt:118:14 Cannot infer type for this parameter. Please specify it explicitly.
e: file:///data/data/com.termux/files/home/Launcher3/src/com/android/launcher3/widgetpicker/repository/WidgetsRepositoryImpl.kt:118:18 Cannot infer type for this parameter. Please specify it explicitly.
e: file:///data/data/com.termux/files/home/Launcher3/src/com/android/launcher3/widgetpicker/repository/WidgetsRepositoryImpl.kt:118:33 None of the following candidates is applicable:
fun <T> Iterable<T>.firstOrNull(): T?
fun <T> Iterable<T>.firstOrNull(predicate: (T) -> Boolean): T?
fun <T> List<T>.firstOrNull(): T?
e: file:///data/data/com.termux/files/home/Launcher3/src/com/android/launcher3/widgetpicker/repository/WidgetsRepositoryImpl.kt:118:47 Unresolved reference 'it'.
e: file:///data/data/com.termux/files/home/Launcher3/src/com/android/launcher3/widgetpicker/repository/WidgetsRepositoryImpl.kt:119:14 Cannot infer type for this parameter. Please specify it explicitly.
e: file:///data/data/com.termux/files/home/Launcher3/src/com/android/launcher3/widgetpicker/repository/WidgetsRepositoryImpl.kt:119:14 Not enough information to infer type argument for 'T'.
e: file:///data/data/com.termux/files/home/Launcher3/src/com/android/launcher3/widgetpicker/repository/WidgetsRepositoryImpl.kt:121:5 'getWidgetPreview' overrides nothing.
e: file:///data/data/com.termux/files/home/Launcher3/src/com/android/launcher3/widgetpicker/repository/WidgetsRepositoryImpl.kt:121:47 Unresolved reference 'WidgetId'.
e: file:///data/data/com.termux/files/home/Launcher3/src/com/android/launcher3/widgetpicker/repository/WidgetsRepositoryImpl.kt:121:58 Unresolved reference 'WidgetPreview'.
e: file:///data/data/com.termux/files/home/Launcher3/src/com/android/launcher3/widgetpicker/repository/WidgetsRepositoryImpl.kt:122:44 Unresolved reference 'componentName'.
e: file:///data/data/com.termux/files/home/Launcher3/src/com/android/launcher3/widgetpicker/repository/WidgetsRepositoryImpl.kt:122:62 Unresolved reference 'userHandle'.
e: file:///data/data/com.termux/files/home/Launcher3/src/com/android/launcher3/widgetpicker/repository/WidgetsRepositoryImpl.kt:125:27 Unresolved reference 'WidgetPreview'.
e: file:///data/data/com.termux/files/home/Launcher3/src/com/android/launcher3/widgetpicker/repository/WidgetsRepositoryImpl.kt:129:13 Cannot infer type for this parameter. Please specify it explicitly.
e: file:///data/data/com.termux/files/home/Launcher3/src/com/android/launcher3/widgetpicker/repository/WidgetsRepositoryImpl.kt:129:13 Not enough information to infer type argument for 'T'.
e: file:///data/data/com.termux/files/home/Launcher3/src/com/android/launcher3/widgetpicker/repository/WidgetsRepositoryImpl.kt:129:44 Cannot infer type for this parameter. Please specify it explicitly.
e: file:///data/data/com.termux/files/home/Launcher3/src/com/android/launcher3/widgetpicker/repository/WidgetsRepositoryImpl.kt:136:17 Not enough information to infer type argument for 'K'.
e: file:///data/data/com.termux/files/home/Launcher3/src/com/android/launcher3/widgetpicker/repository/WidgetsRepositoryImpl.kt:138:25 Unresolved reference 'WidgetPreview'.
e: file:///data/data/com.termux/files/home/Launcher3/src/com/android/launcher3/widgetpicker/repository/WidgetsRepositoryImpl.kt:141:25 Unresolved reference 'WidgetPreview'.
e: file:///data/data/com.termux/files/home/Launcher3/src/com/android/launcher3/widgetpicker/repository/WidgetsRepositoryImpl.kt:144:25 Unresolved reference 'WidgetPreview'.
e: file:///data/data/com.termux/files/home/Launcher3/src/com/android/launcher3/widgetpicker/repository/WidgetsRepositoryImpl.kt:146:29 Unresolved reference 'WidgetPreview'.
e: file:///data/data/com.termux/files/home/Launcher3/src/com/android/launcher3/widgetpicker/repository/WidgetsRepositoryImpl.kt:153:5 'searchWidgets' overrides nothing.
e: file:///data/data/com.termux/files/home/Launcher3/src/com/android/launcher3/widgetpicker/repository/WidgetsRepositoryImpl.kt:153:61 Unresolved reference 'WidgetApp'.
e: file:///data/data/com.termux/files/home/Launcher3/src/com/android/launcher3/widgetpicker/repository/WidgetsRepositoryImpl.kt:156:5 'cleanUp' overrides nothing.
e: file:///data/data/com.termux/files/home/Launcher3/src/com/android/launcher3/widgetpicker/repository/WidgetsRepositoryImpl.kt:157:40 Cannot infer type for this parameter. Please specify it explicitly.
e: file:///data/data/com.termux/files/home/Launcher3/src/com/android/launcher3/widgetpicker/repository/WidgetsRepositoryImpl.kt:165:5 'getFeaturedWidgets' overrides nothing.
e: file:///data/data/com.termux/files/home/Launcher3/src/com/android/launcher3/widgetpicker/repository/WidgetsRepositoryImpl.kt:165:50 Unresolved reference 'PickableWidget'.
e: file:///data/data/com.termux/files/home/Launcher3/src/com/android/launcher3/widgetpicker/repository/WidgetsRepositoryImpl.kt:174:13 Cannot infer type for this parameter. Please specify it explicitly.
e: file:///data/data/com.termux/files/home/Launcher3/src/com/android/launcher3/widgetpicker/repository/WidgetsRepositoryImpl.kt:174:17 Cannot infer type for this parameter. Please specify it explicitly.
e: file:///data/data/com.termux/files/home/Launcher3/src/com/android/launcher3/widgetpicker/repository/WidgetsRepositoryImpl.kt:176:17 Unresolved reference 'WidgetAppId'.
e: file:///data/data/com.termux/files/home/Launcher3/src/com/android/launcher3/widgetpicker/repository/WidgetsRepositoryImpl.kt:182:13 Unresolved reference 'WidgetApp'.
e: file:///data/data/com.termux/files/home/Launcher3/src/com/android/launcher3/widgetpicker/repository/WidgetsRepositoryImpl.kt:186:33 Cannot infer type for this parameter. Please specify it explicitly.
e: file:///data/data/com.termux/files/home/Launcher3/src/com/android/launcher3/widgetpicker/repository/WidgetsRepositoryImpl.kt:186:37 Cannot infer type for this parameter. Please specify it explicitly.
e: file:///data/data/com.termux/files/home/Launcher3/src/com/android/launcher3/widgetpicker/repository/WidgetsRepositoryImpl.kt:194:26 Unresolved reference 'WidgetAppId'.
e: file:///data/data/com.termux/files/home/Launcher3/src/com/android/launcher3/widgetpicker/repository/WidgetsRepositoryImpl.kt:195:12 Unresolved reference 'PickableWidget'.
e: file:///data/data/com.termux/files/home/Launcher3/src/com/android/launcher3/widgetpicker/repository/WidgetsRepositoryImpl.kt:201:20 Unresolved reference 'PickableWidget'.
e: file:///data/data/com.termux/files/home/Launcher3/src/com/android/launcher3/widgetpicker/repository/WidgetsRepositoryImpl.kt:202:22 Unresolved reference 'WidgetId'.
e: file:///data/data/com.termux/files/home/Launcher3/src/com/android/launcher3/widgetpicker/repository/WidgetsRepositoryImpl.kt:208:25 Unresolved reference 'WidgetInfo'.
e: file:///data/data/com.termux/files/home/Launcher3/src/com/android/launcher3/widgetpicker/repository/WidgetsRepositoryImpl.kt:210:25 Unresolved reference 'WidgetInfo'.
e: file:///data/data/com.termux/files/home/Launcher3/src/com/android/launcher3/widgetpicker/repository/WidgetsRepositoryImpl.kt:213:25 Unresolved reference 'WidgetInfo'.
e: file:///data/data/com.termux/files/home/Launcher3/src/com/android/launcher3/widgetpicker/repository/WidgetsRepositoryImpl.kt:219:21 Unresolved reference 'WidgetSizeInfo'.
e: file:///data/data/com.termux/files/home/Launcher3/src/com/android/launcher3/widgetpicker/theme/LauncherWidgetPickerColors.kt:25:43 Unresolved reference 'ui'.
e: file:///data/data/com.termux/files/home/Launcher3/src/com/android/launcher3/widgetpicker/theme/LauncherWidgetPickerColors.kt:35:4 Unresolved reference 'WidgetPickerColors'.
e: file:///data/data/com.termux/files/home/Launcher3/src/com/android/launcher3/widgetpicker/theme/LauncherWidgetPickerColors.kt:50:12 Unresolved reference 'WidgetPickerColors'.
e: file:///data/data/com.termux/files/home/Launcher3/src/com/android/launcher3/widgetpicker/theme/LauncherWidgetPickerColors.kt:142:4 Unresolved reference 'WidgetPickerColors'.
e: file:///data/data/com.termux/files/home/Launcher3/src/com/android/launcher3/widgetpicker/theme/LauncherWidgetPickerColors.kt:157:12 Unresolved reference 'WidgetPickerColors'.
e: file:///data/data/com.termux/files/home/Launcher3/src/com/android/launcher3/widgetpicker/theme/LauncherWidgetPickerTheme.kt:22:43 Unresolved reference 'ui'.
e: file:///data/data/com.termux/files/home/Launcher3/src/com/android/launcher3/widgetpicker/theme/LauncherWidgetPickerTheme.kt:45:9 Unresolved reference 'WidgetPickerTheme'.
e: file:///data/data/com.termux/files/home/Launcher3/src/com/android/launcher3/widgetpicker/theme/LauncherWidgetPickerTheme.kt:49:13 @Composable invocations can only happen from the context of a @Composable function
e: file:///data/data/com.termux/files/home/Launcher3/src/com/android/launcher3/widgetpicker/theme/LauncherWidgetPickerTypography.kt:22:43 Unresolved reference 'ui'.
e: file:///data/data/com.termux/files/home/Launcher3/src/com/android/launcher3/widgetpicker/theme/LauncherWidgetPickerTypography.kt:29:39 Unresolved reference 'WidgetPickerTextStyles'.
e: file:///data/data/com.termux/files/home/Launcher3/src/com/android/launcher3/widgetpicker/theme/LauncherWidgetPickerTypography.kt:34:12 Unresolved reference 'WidgetPickerTextStyles'.
e: file:///data/data/com.termux/files/home/Launcher3/src/com/android/launcher3/workspacefunctions/LauncherInstalledAppsProvider.kt:21:30 Unresolved reference 'appfunctions'.
e: file:///data/data/com.termux/files/home/Launcher3/src/com/android/launcher3/workspacefunctions/LauncherInstalledAppsProvider.kt:37:5 Unresolved reference 'InstalledItemsProvider'.
e: file:///data/data/com.termux/files/home/Launcher3/src/com/android/launcher3/workspacefunctions/LauncherInstalledAppsProvider.kt:41:5 'getInstalledItems' overrides nothing.
e: file:///data/data/com.termux/files/home/Launcher3/src/com/android/launcher3/workspacefunctions/LauncherInstalledWidgetsProvider.kt:18:30 Unresolved reference 'appfunctions'.
e: file:///data/data/com.termux/files/home/Launcher3/src/com/android/launcher3/workspacefunctions/LauncherInstalledWidgetsProvider.kt:37:5 Unresolved reference 'InstalledItemsProvider'.
e: file:///data/data/com.termux/files/home/Launcher3/src/com/android/launcher3/workspacefunctions/LauncherInstalledWidgetsProvider.kt:39:5 'getInstalledItems' overrides nothing.
e: file:///data/data/com.termux/files/home/Launcher3/src/com/android/launcher3/workspacefunctions/LauncherWorkspaceProvider.kt:18:30 Unresolved reference 'appfunctions'.
e: file:///data/data/com.termux/files/home/Launcher3/src/com/android/launcher3/workspacefunctions/LauncherWorkspaceProvider.kt:27:5 Unresolved reference 'WorkspaceProvider'.
e: file:///data/data/com.termux/files/home/Launcher3/src/com/android/launcher3/workspacefunctions/LauncherWorkspaceProvider.kt:29:5 'getWorkspace' overrides nothing.
e: file:///data/data/com.termux/files/home/Launcher3/src/com/android/launcher3/workspacefunctions/NoOpWorkspaceFunctionsModule.kt:18:30 Unresolved reference 'appfunctions'.
e: file:///data/data/com.termux/files/home/Launcher3/src/com/android/launcher3/workspacefunctions/NoOpWorkspaceFunctionsModule.kt:19:30 Unresolved reference 'appfunctions'.
e: file:///data/data/com.termux/files/home/Launcher3/src/com/android/launcher3/workspacefunctions/NoOpWorkspaceFunctionsModule.kt:20:30 Unresolved reference 'appfunctions'.
e: file:///data/data/com.termux/files/home/Launcher3/src/com/android/launcher3/workspacefunctions/NoOpWorkspaceFunctionsModule.kt:21:30 Unresolved reference 'appfunctions'.
e: file:///data/data/com.termux/files/home/Launcher3/src/com/android/launcher3/workspacefunctions/NoOpWorkspaceFunctionsModule.kt:22:30 Unresolved reference 'appfunctions'.
e: file:///data/data/com.termux/files/home/Launcher3/src/com/android/launcher3/workspacefunctions/NoOpWorkspaceFunctionsModule.kt:23:30 Unresolved reference 'appfunctions'.
e: file:///data/data/com.termux/files/home/Launcher3/src/com/android/launcher3/workspacefunctions/NoOpWorkspaceFunctionsModule.kt:24:30 Unresolved reference 'appfunctions'.
e: file:///data/data/com.termux/files/home/Launcher3/src/com/android/launcher3/workspacefunctions/NoOpWorkspaceFunctionsModule.kt:36:41 Unresolved reference 'WorkspaceAppFunctions'.
e: file:///data/data/com.termux/files/home/Launcher3/src/com/android/launcher3/workspacefunctions/NoOpWorkspaceFunctionsModule.kt:37:16 Unresolved reference 'WorkspaceAppFunctions'.
e: file:///data/data/com.termux/files/home/Launcher3/src/com/android/launcher3/workspacefunctions/NoOpWorkspaceFunctionsModule.kt:40:45 Unresolved reference 'WorkspaceRepository'.
e: file:///data/data/com.termux/files/home/Launcher3/src/com/android/launcher3/workspacefunctions/NoOpWorkspaceFunctionsModule.kt:41:9 'getWorkspace' overrides nothing.
e: file:///data/data/com.termux/files/home/Launcher3/src/com/android/launcher3/workspacefunctions/NoOpWorkspaceFunctionsModule.kt:41:46 Unresolved reference 'WorkspaceSpec'.
e: file:///data/data/com.termux/files/home/Launcher3/src/com/android/launcher3/workspacefunctions/NoOpWorkspaceFunctionsModule.kt:42:20 Unresolved reference 'WorkspaceSpec'.
e: file:///data/data/com.termux/files/home/Launcher3/src/com/android/launcher3/workspacefunctions/NoOpWorkspaceFunctionsModule.kt:43:27 Cannot infer type for this parameter. Please specify it explicitly.
e: file:///data/data/com.termux/files/home/Launcher3/src/com/android/launcher3/workspacefunctions/NoOpWorkspaceFunctionsModule.kt:44:27 Unresolved reference 'HotseatSpec'.
e: file:///data/data/com.termux/files/home/Launcher3/src/com/android/launcher3/workspacefunctions/NoOpWorkspaceFunctionsModule.kt:44:39 Cannot infer type for this parameter. Please specify it explicitly.
e: file:///data/data/com.termux/files/home/Launcher3/src/com/android/launcher3/workspacefunctions/NoOpWorkspaceFunctionsModule.kt:50:9 'getInstalledApps' overrides nothing.
e: file:///data/data/com.termux/files/home/Launcher3/src/com/android/launcher3/workspacefunctions/NoOpWorkspaceFunctionsModule.kt:50:81 Unresolved reference 'UnplacedAppSpec'.
e: file:///data/data/com.termux/files/home/Launcher3/src/com/android/launcher3/workspacefunctions/NoOpWorkspaceFunctionsModule.kt:51:20 Cannot infer type for this parameter. Please specify it explicitly.
e: file:///data/data/com.termux/files/home/Launcher3/src/com/android/launcher3/workspacefunctions/NoOpWorkspaceFunctionsModule.kt:51:20 Not enough information to infer type argument for 'T'.
e: file:///data/data/com.termux/files/home/Launcher3/src/com/android/launcher3/workspacefunctions/NoOpWorkspaceFunctionsModule.kt:54:9 'getInstalledWidgets' overrides nothing.
e: file:///data/data/com.termux/files/home/Launcher3/src/com/android/launcher3/workspacefunctions/NoOpWorkspaceFunctionsModule.kt:56:17 Unresolved reference 'UnplacedWidgetSpec'.
e: file:///data/data/com.termux/files/home/Launcher3/src/com/android/launcher3/workspacefunctions/NoOpWorkspaceFunctionsModule.kt:57:20 Cannot infer type for this parameter. Please specify it explicitly.
e: file:///data/data/com.termux/files/home/Launcher3/src/com/android/launcher3/workspacefunctions/NoOpWorkspaceFunctionsModule.kt:57:20 Not enough information to infer type argument for 'T'.
e: file:///data/data/com.termux/files/home/Launcher3/src/com/android/launcher3/workspacefunctions/NoOpWorkspaceFunctionsModule.kt:60:9 'newTransaction' overrides nothing.
e: file:///data/data/com.termux/files/home/Launcher3/src/com/android/launcher3/workspacefunctions/NoOpWorkspaceFunctionsModule.kt:60:40 Unresolved reference 'WorkspaceTransaction'.
e: file:///data/data/com.termux/files/home/Launcher3/src/com/android/launcher3/workspacefunctions/WorkspaceFunctionsComponent.kt:18:30 Unresolved reference 'appfunctions'.
e: file:///data/data/com.termux/files/home/Launcher3/src/com/android/launcher3/workspacefunctions/WorkspaceFunctionsComponent.kt:28:35 Unresolved reference 'WorkspaceRepository'.
e: file:///data/data/com.termux/files/home/Launcher3/src/com/android/launcher3/workspacefunctions/WorkspaceFunctionsModule.kt:20:30 Unresolved reference 'appfunctions'.
e: file:///data/data/com.termux/files/home/Launcher3/src/com/android/launcher3/workspacefunctions/WorkspaceFunctionsModule.kt:21:30 Unresolved reference 'appfunctions'.
e: file:///data/data/com.termux/files/home/Launcher3/src/com/android/launcher3/workspacefunctions/WorkspaceFunctionsModule.kt:22:30 Unresolved reference 'appfunctions'.
e: file:///data/data/com.termux/files/home/Launcher3/src/com/android/launcher3/workspacefunctions/WorkspaceFunctionsModule.kt:23:30 Unresolved reference 'appfunctions'.
e: file:///data/data/com.termux/files/home/Launcher3/src/com/android/launcher3/workspacefunctions/WorkspaceFunctionsModule.kt:24:30 Unresolved reference 'appfunctions'.
e: file:///data/data/com.termux/files/home/Launcher3/src/com/android/launcher3/workspacefunctions/WorkspaceFunctionsModule.kt:25:30 Unresolved reference 'appfunctions'.
e: file:///data/data/com.termux/files/home/Launcher3/src/com/android/launcher3/workspacefunctions/WorkspaceFunctionsModule.kt:56:8 Unresolved reference 'WorkspaceRepository'.
e: file:///data/data/com.termux/files/home/Launcher3/src/com/android/launcher3/workspacefunctions/WorkspaceFunctionsModule.kt:61:8 Unresolved reference 'InstalledItemsProvider'.
e: file:///data/data/com.termux/files/home/Launcher3/src/com/android/launcher3/workspacefunctions/WorkspaceFunctionsModule.kt:66:8 Unresolved reference 'InstalledItemsProvider'.
e: file:///data/data/com.termux/files/home/Launcher3/src/com/android/launcher3/workspacefunctions/WorkspaceFunctionsModule.kt:73:30 Unresolved reference 'WorkspaceTypeTranslator'.
e: file:///data/data/com.termux/files/home/Launcher3/src/com/android/launcher3/workspacefunctions/WorkspaceFunctionsModule.kt:80:30 Unresolved reference 'UnplacedAppTypeTranslator'.
e: file:///data/data/com.termux/files/home/Launcher3/src/com/android/launcher3/workspacefunctions/WorkspaceFunctionsModule.kt:87:30 Unresolved reference 'UnplacedWidgetTypeTranslator'.
e: file:///data/data/com.termux/files/home/Launcher3/src/com/android/launcher3/workspacefunctions/WorkspaceFunctionsModule.kt:135:25 Unresolved reference 'WorkspaceRepository'.
e: file:///data/data/com.termux/files/home/Launcher3/src/com/android/launcher3/workspacefunctions/WorkspaceFunctionsModule.kt:136:12 Unresolved reference 'WorkspaceAppFunctions'.
e: file:///data/data/com.termux/files/home/Launcher3/src/com/android/launcher3/workspacefunctions/WorkspaceFunctionsModule.kt:137:20 Unresolved reference 'WorkspaceAppFunctions'.
e: file:///data/data/com.termux/files/home/Launcher3/src/com/android/launcher3/workspacefunctions/WorkspaceRepositoryImpl.kt:19:30 Unresolved reference 'appfunctions'.
e: file:///data/data/com.termux/files/home/Launcher3/src/com/android/launcher3/workspacefunctions/WorkspaceRepositoryImpl.kt:20:30 Unresolved reference 'appfunctions'.
e: file:///data/data/com.termux/files/home/Launcher3/src/com/android/launcher3/workspacefunctions/WorkspaceRepositoryImpl.kt:21:30 Unresolved reference 'appfunctions'.
e: file:///data/data/com.termux/files/home/Launcher3/src/com/android/launcher3/workspacefunctions/WorkspaceRepositoryImpl.kt:22:30 Unresolved reference 'appfunctions'.
e: file:///data/data/com.termux/files/home/Launcher3/src/com/android/launcher3/workspacefunctions/WorkspaceRepositoryImpl.kt:23:30 Unresolved reference 'appfunctions'.
e: file:///data/data/com.termux/files/home/Launcher3/src/com/android/launcher3/workspacefunctions/WorkspaceRepositoryImpl.kt:24:30 Unresolved reference 'appfunctions'.
e: file:///data/data/com.termux/files/home/Launcher3/src/com/android/launcher3/workspacefunctions/WorkspaceRepositoryImpl.kt:40:40 Unresolved reference 'InstalledItemsProvider'.
e: file:///data/data/com.termux/files/home/Launcher3/src/com/android/launcher3/workspacefunctions/WorkspaceRepositoryImpl.kt:41:43 Unresolved reference 'InstalledItemsProvider'.
e: file:///data/data/com.termux/files/home/Launcher3/src/com/android/launcher3/workspacefunctions/WorkspaceRepositoryImpl.kt:43:5 Unresolved reference 'WorkspaceRepository'.
e: file:///data/data/com.termux/files/home/Launcher3/src/com/android/launcher3/workspacefunctions/WorkspaceRepositoryImpl.kt:45:5 'getWorkspace' overrides nothing.
e: file:///data/data/com.termux/files/home/Launcher3/src/com/android/launcher3/workspacefunctions/WorkspaceRepositoryImpl.kt:45:42 Unresolved reference 'WorkspaceSpec'.
e: file:///data/data/com.termux/files/home/Launcher3/src/com/android/launcher3/workspacefunctions/WorkspaceRepositoryImpl.kt:47:28 Cannot infer type for this parameter. Please specify it explicitly.
e: file:///data/data/com.termux/files/home/Launcher3/src/com/android/launcher3/workspacefunctions/WorkspaceRepositoryImpl.kt:47:28 Not enough information to infer type argument for 'Target'.
e: file:///data/data/com.termux/files/home/Launcher3/src/com/android/launcher3/workspacefunctions/WorkspaceRepositoryImpl.kt:50:5 'getInstalledApps' overrides nothing.
e: file:///data/data/com.termux/files/home/Launcher3/src/com/android/launcher3/workspacefunctions/WorkspaceRepositoryImpl.kt:50:77 Unresolved reference 'UnplacedAppSpec'.
e: file:///data/data/com.termux/files/home/Launcher3/src/com/android/launcher3/workspacefunctions/WorkspaceRepositoryImpl.kt:51:42 Unresolved reference 'getInstalledItems'.
e: file:///data/data/com.termux/files/home/Launcher3/src/com/android/launcher3/workspacefunctions/WorkspaceRepositoryImpl.kt:52:25 Cannot infer type for this parameter. Please specify it explicitly.
e: file:///data/data/com.termux/files/home/Launcher3/src/com/android/launcher3/workspacefunctions/WorkspaceRepositoryImpl.kt:52:39 Cannot infer type for this parameter. Please specify it explicitly.
e: file:///data/data/com.termux/files/home/Launcher3/src/com/android/launcher3/workspacefunctions/WorkspaceRepositoryImpl.kt:52:49 Unresolved reference 'it'.
e: file:///data/data/com.termux/files/home/Launcher3/src/com/android/launcher3/workspacefunctions/WorkspaceRepositoryImpl.kt:55:5 'getInstalledWidgets' overrides nothing.
e: file:///data/data/com.termux/files/home/Launcher3/src/com/android/launcher3/workspacefunctions/WorkspaceRepositoryImpl.kt:55:80 Unresolved reference 'UnplacedWidgetSpec'.
e: file:///data/data/com.termux/files/home/Launcher3/src/com/android/launcher3/workspacefunctions/WorkspaceRepositoryImpl.kt:56:48 Unresolved reference 'getInstalledItems'.
e: file:///data/data/com.termux/files/home/Launcher3/src/com/android/launcher3/workspacefunctions/WorkspaceRepositoryImpl.kt:57:28 Cannot infer type for this parameter. Please specify it explicitly.
e: file:///data/data/com.termux/files/home/Launcher3/src/com/android/launcher3/workspacefunctions/WorkspaceRepositoryImpl.kt:57:42 Cannot infer type for this parameter. Please specify it explicitly.
e: file:///data/data/com.termux/files/home/Launcher3/src/com/android/launcher3/workspacefunctions/WorkspaceRepositoryImpl.kt:57:52 Unresolved reference 'it'.
e: file:///data/data/com.termux/files/home/Launcher3/src/com/android/launcher3/workspacefunctions/WorkspaceRepositoryImpl.kt:60:5 'newTransaction' overrides nothing.
e: file:///data/data/com.termux/files/home/Launcher3/src/com/android/launcher3/workspacefunctions/WorkspaceRepositoryImpl.kt:60:36 Unresolved reference 'WorkspaceTransaction'.
e: file:///data/data/com.termux/files/home/Launcher3/src/com/android/launcher3/workspacefunctions/WorkspaceTransactionImpl.kt:19:30 Unresolved reference 'appfunctions'.
e: file:///data/data/com.termux/files/home/Launcher3/src/com/android/launcher3/workspacefunctions/WorkspaceTransactionImpl.kt:20:30 Unresolved reference 'appfunctions'.
e: file:///data/data/com.termux/files/home/Launcher3/src/com/android/launcher3/workspacefunctions/WorkspaceTransactionImpl.kt:21:30 Unresolved reference 'appfunctions'.
e: file:///data/data/com.termux/files/home/Launcher3/src/com/android/launcher3/workspacefunctions/WorkspaceTransactionImpl.kt:30:34 Unresolved reference 'WorkspaceTransaction'.
e: file:///data/data/com.termux/files/home/Launcher3/src/com/android/launcher3/workspacefunctions/WorkspaceTransactionImpl.kt:32:5 'removeItem' overrides nothing.
e: file:///data/data/com.termux/files/home/Launcher3/src/com/android/launcher3/workspacefunctions/WorkspaceTransactionImpl.kt:32:37 Unresolved reference 'RemoveItemParamsSpec'.
e: file:///data/data/com.termux/files/home/Launcher3/src/com/android/launcher3/workspacefunctions/WorkspaceTransactionImpl.kt:32:60 Unresolved reference 'WorkspaceTransaction'.
e: file:///data/data/com.termux/files/home/Launcher3/src/com/android/launcher3/workspacefunctions/WorkspaceTransactionImpl.kt:36:5 'commit' overrides nothing.
e: file:///data/data/com.termux/files/home/Launcher3/src/com/android/launcher3/workspacefunctions/WorkspaceTransactionImpl.kt:36:36 Unresolved reference 'WorkspaceSpec'.
e: file:///data/data/com.termux/files/home/Launcher3/src/com/android/launcher3/workspacefunctions/testing/FakeWorkspaceRepository.kt:19:30 Unresolved reference 'appfunctions'.
e: file:///data/data/com.termux/files/home/Launcher3/src/com/android/launcher3/workspacefunctions/testing/FakeWorkspaceRepository.kt:20:30 Unresolved reference 'appfunctions'.
e: file:///data/data/com.termux/files/home/Launcher3/src/com/android/launcher3/workspacefunctions/testing/FakeWorkspaceRepository.kt:21:30 Unresolved reference 'appfunctions'.
e: file:///data/data/com.termux/files/home/Launcher3/src/com/android/launcher3/workspacefunctions/testing/FakeWorkspaceRepository.kt:22:30 Unresolved reference 'appfunctions'.
e: file:///data/data/com.termux/files/home/Launcher3/src/com/android/launcher3/workspacefunctions/testing/FakeWorkspaceRepository.kt:23:30 Unresolved reference 'appfunctions'.
e: file:///data/data/com.termux/files/home/Launcher3/src/com/android/launcher3/workspacefunctions/testing/FakeWorkspaceRepository.kt:24:30 Unresolved reference 'appfunctions'.
e: file:///data/data/com.termux/files/home/Launcher3/src/com/android/launcher3/workspacefunctions/testing/FakeWorkspaceRepository.kt:26:33 Unresolved reference 'WorkspaceRepository'.
e: file:///data/data/com.termux/files/home/Launcher3/src/com/android/launcher3/workspacefunctions/testing/FakeWorkspaceRepository.kt:27:21 Unresolved reference 'WorkspaceSpec'.
e: file:///data/data/com.termux/files/home/Launcher3/src/com/android/launcher3/workspacefunctions/testing/FakeWorkspaceRepository.kt:27:35 Cannot infer type for this parameter. Please specify it explicitly.
e: file:///data/data/com.termux/files/home/Launcher3/src/com/android/launcher3/workspacefunctions/testing/FakeWorkspaceRepository.kt:27:48 Unresolved reference 'HotseatSpec'.
e: file:///data/data/com.termux/files/home/Launcher3/src/com/android/launcher3/workspacefunctions/testing/FakeWorkspaceRepository.kt:27:60 Cannot infer type for this parameter. Please specify it explicitly.
e: file:///data/data/com.termux/files/home/Launcher3/src/com/android/launcher3/workspacefunctions/testing/FakeWorkspaceRepository.kt:30:5 'getWorkspace' overrides nothing.
e: file:///data/data/com.termux/files/home/Launcher3/src/com/android/launcher3/workspacefunctions/testing/FakeWorkspaceRepository.kt:30:42 Unresolved reference 'WorkspaceSpec'.
e: file:///data/data/com.termux/files/home/Launcher3/src/com/android/launcher3/workspacefunctions/testing/FakeWorkspaceRepository.kt:32:5 'newTransaction' overrides nothing.
e: file:///data/data/com.termux/files/home/Launcher3/src/com/android/launcher3/workspacefunctions/testing/FakeWorkspaceRepository.kt:32:36 Unresolved reference 'WorkspaceTransaction'.
e: file:///data/data/com.termux/files/home/Launcher3/src/com/android/launcher3/workspacefunctions/testing/FakeWorkspaceRepository.kt:37:5 'getInstalledApps' overrides nothing.
e: file:///data/data/com.termux/files/home/Launcher3/src/com/android/launcher3/workspacefunctions/testing/FakeWorkspaceRepository.kt:37:77 Unresolved reference 'UnplacedAppSpec'.
e: file:///data/data/com.termux/files/home/Launcher3/src/com/android/launcher3/workspacefunctions/testing/FakeWorkspaceRepository.kt:37:96 Cannot infer type for this parameter. Please specify it explicitly.
e: file:///data/data/com.termux/files/home/Launcher3/src/com/android/launcher3/workspacefunctions/testing/FakeWorkspaceRepository.kt:37:96 Not enough information to infer type argument for 'T'.
e: file:///data/data/com.termux/files/home/Launcher3/src/com/android/launcher3/workspacefunctions/testing/FakeWorkspaceRepository.kt:39:5 'getInstalledWidgets' overrides nothing.
e: file:///data/data/com.termux/files/home/Launcher3/src/com/android/launcher3/workspacefunctions/testing/FakeWorkspaceRepository.kt:39:80 Unresolved reference 'UnplacedWidgetSpec'.
e: file:///data/data/com.termux/files/home/Launcher3/src/com/android/launcher3/workspacefunctions/testing/FakeWorkspaceRepository.kt:39:102 Cannot infer type for this parameter. Please specify it explicitly.
e: file:///data/data/com.termux/files/home/Launcher3/src/com/android/launcher3/workspacefunctions/testing/FakeWorkspaceRepository.kt:39:102 Not enough information to infer type argument for 'T'.
e: file:///data/data/com.termux/files/home/Launcher3/src/com/android/launcher3/workspacefunctions/testing/FakeWorkspaceTransaction.kt:19:30 Unresolved reference 'appfunctions'.
e: file:///data/data/com.termux/files/home/Launcher3/src/com/android/launcher3/workspacefunctions/testing/FakeWorkspaceTransaction.kt:20:30 Unresolved reference 'appfunctions'.
e: file:///data/data/com.termux/files/home/Launcher3/src/com/android/launcher3/workspacefunctions/testing/FakeWorkspaceTransaction.kt:21:30 Unresolved reference 'appfunctions'.
e: file:///data/data/com.termux/files/home/Launcher3/src/com/android/launcher3/workspacefunctions/testing/FakeWorkspaceTransaction.kt:22:30 Unresolved reference 'appfunctions'.
e: file:///data/data/com.termux/files/home/Launcher3/src/com/android/launcher3/workspacefunctions/testing/FakeWorkspaceTransaction.kt:24:34 Unresolved reference 'WorkspaceTransaction'.
e: file:///data/data/com.termux/files/home/Launcher3/src/com/android/launcher3/workspacefunctions/testing/FakeWorkspaceTransaction.kt:25:31 Unresolved reference 'RemoveItemParamsSpec'.
e: file:///data/data/com.termux/files/home/Launcher3/src/com/android/launcher3/workspacefunctions/testing/FakeWorkspaceTransaction.kt:28:5 'removeItem' overrides nothing.
e: file:///data/data/com.termux/files/home/Launcher3/src/com/android/launcher3/workspacefunctions/testing/FakeWorkspaceTransaction.kt:28:37 Unresolved reference 'RemoveItemParamsSpec'.
e: file:///data/data/com.termux/files/home/Launcher3/src/com/android/launcher3/workspacefunctions/testing/FakeWorkspaceTransaction.kt:28:60 Unresolved reference 'WorkspaceTransaction'.
e: file:///data/data/com.termux/files/home/Launcher3/src/com/android/launcher3/workspacefunctions/testing/FakeWorkspaceTransaction.kt:33:5 'commit' overrides nothing.
e: file:///data/data/com.termux/files/home/Launcher3/src/com/android/launcher3/workspacefunctions/testing/FakeWorkspaceTransaction.kt:33:36 Unresolved reference 'WorkspaceSpec'.
e: file:///data/data/com.termux/files/home/Launcher3/src/com/android/launcher3/workspacefunctions/testing/FakeWorkspaceTransaction.kt:35:16 Unresolved reference 'WorkspaceSpec'.
e: file:///data/data/com.termux/files/home/Launcher3/src/com/android/launcher3/workspacefunctions/testing/FakeWorkspaceTransaction.kt:35:30 Cannot infer type for this parameter. Please specify it explicitly.
e: file:///data/data/com.termux/files/home/Launcher3/src/com/android/launcher3/workspacefunctions/testing/FakeWorkspaceTransaction.kt:35:43 Unresolved reference 'HotseatSpec'.
e: file:///data/data/com.termux/files/home/Launcher3/src/com/android/launcher3/workspacefunctions/testing/FakeWorkspaceTransaction.kt:35:55 Cannot infer type for this parameter. Please specify it explicitly.
e: file:///data/data/com.termux/files/home/Launcher3/src/com/android/launcher3/workspacefunctions/translators/ItemInfoTranslators.kt:18:30 Unresolved reference 'appfunctions'.
e: file:///data/data/com.termux/files/home/Launcher3/src/com/android/launcher3/workspacefunctions/translators/ItemInfoTranslators.kt:19:30 Unresolved reference 'appfunctions'.
e: file:///data/data/com.termux/files/home/Launcher3/src/com/android/launcher3/workspacefunctions/translators/ItemInfoTranslators.kt:20:30 Unresolved reference 'appfunctions'.
e: file:///data/data/com.termux/files/home/Launcher3/src/com/android/launcher3/workspacefunctions/translators/ItemInfoTranslators.kt:21:30 Unresolved reference 'appfunctions'.
e: file:///data/data/com.termux/files/home/Launcher3/src/com/android/launcher3/workspacefunctions/translators/ItemInfoTranslators.kt:32:51 Unresolved reference 'Translator'.
e: file:///data/data/com.termux/files/home/Launcher3/src/com/android/launcher3/workspacefunctions/translators/ItemInfoTranslators.kt:32:78 Unresolved reference 'WorkspaceItemSpec'.
e: file:///data/data/com.termux/files/home/Launcher3/src/com/android/launcher3/workspacefunctions/translators/ItemInfoTranslators.kt:35:49 Unresolved reference 'Translator'.
e: file:///data/data/com.termux/files/home/Launcher3/src/com/android/launcher3/workspacefunctions/translators/ItemInfoTranslators.kt:35:76 Unresolved reference 'HotseatItemSpec'.
e: file:///data/data/com.termux/files/home/Launcher3/src/com/android/launcher3/workspacefunctions/translators/ItemInfoTranslators.kt:38:49 Unresolved reference 'Translator'.
e: file:///data/data/com.termux/files/home/Launcher3/src/com/android/launcher3/workspacefunctions/translators/ItemInfoTranslators.kt:38:63 Unresolved reference 'AppInFolderSpec'.
e: file:///data/data/com.termux/files/home/Launcher3/src/com/android/launcher3/workspacefunctions/translators/ItemInfoTranslators.kt:43:5 'toSpec' overrides nothing.
e: file:///data/data/com.termux/files/home/Launcher3/src/com/android/launcher3/workspacefunctions/translators/ItemInfoTranslators.kt:43:63 Unresolved reference 'WorkspaceItemSpec'.
e: file:///data/data/com.termux/files/home/Launcher3/src/com/android/launcher3/workspacefunctions/translators/ItemInfoTranslators.kt:45:16 Unresolved reference 'WorkspaceItemSpec'.
e: file:///data/data/com.termux/files/home/Launcher3/src/com/android/launcher3/workspacefunctions/translators/ItemInfoTranslators.kt:59:5 'toSpec' overrides nothing.
e: file:///data/data/com.termux/files/home/Launcher3/src/com/android/launcher3/workspacefunctions/translators/ItemInfoTranslators.kt:59:63 Unresolved reference 'HotseatItemSpec'.
e: file:///data/data/com.termux/files/home/Launcher3/src/com/android/launcher3/workspacefunctions/translators/ItemInfoTranslators.kt:61:16 Unresolved reference 'HotseatItemSpec'.
e: file:///data/data/com.termux/files/home/Launcher3/src/com/android/launcher3/workspacefunctions/translators/ItemInfoTranslators.kt:72:5 'toSpec' overrides nothing.
e: file:///data/data/com.termux/files/home/Launcher3/src/com/android/launcher3/workspacefunctions/translators/ItemInfoTranslators.kt:72:50 Unresolved reference 'AppInFolderSpec'.
e: file:///data/data/com.termux/files/home/Launcher3/src/com/android/launcher3/workspacefunctions/translators/ItemInfoTranslators.kt:73:16 Unresolved reference 'AppInFolderSpec'.
e: file:///data/data/com.termux/files/home/Launcher3/src/com/android/launcher3/workspacefunctions/translators/ItemInfoTranslators.kt:84:5 'toSpec' overrides nothing.
e: file:///data/data/com.termux/files/home/Launcher3/src/com/android/launcher3/workspacefunctions/translators/ItemInfoTranslators.kt:84:67 Unresolved reference 'WorkspaceItemSpec'.
e: file:///data/data/com.termux/files/home/Launcher3/src/com/android/launcher3/workspacefunctions/translators/ItemInfoTranslators.kt:86:16 Unresolved reference 'WorkspaceItemSpec'.
e: file:///data/data/com.termux/files/home/Launcher3/src/com/android/launcher3/workspacefunctions/translators/ItemInfoTranslators.kt:101:5 'toSpec' overrides nothing.
e: file:///data/data/com.termux/files/home/Launcher3/src/com/android/launcher3/workspacefunctions/translators/ItemInfoTranslators.kt:101:56 Unresolved reference 'WorkspaceItemSpec'.
e: file:///data/data/com.termux/files/home/Launcher3/src/com/android/launcher3/workspacefunctions/translators/ItemInfoTranslators.kt:103:16 Unresolved reference 'WorkspaceItemSpec'.
e: file:///data/data/com.termux/files/home/Launcher3/src/com/android/launcher3/workspacefunctions/translators/ItemInfoTranslators.kt:108:49 Cannot infer type for this parameter. Please specify it explicitly.
e: file:///data/data/com.termux/files/home/Launcher3/src/com/android/launcher3/workspacefunctions/translators/ItemInfoTranslators.kt:108:53 Cannot infer type for this parameter. Please specify it explicitly.
e: file:///data/data/com.termux/files/home/Launcher3/src/com/android/launcher3/workspacefunctions/translators/ItemInfoTranslators.kt:109:33 Cannot infer type for this parameter. Please specify it explicitly.
e: file:///data/data/com.termux/files/home/Launcher3/src/com/android/launcher3/workspacefunctions/translators/ItemInfoTranslators.kt:118:5 'toSpec' overrides nothing.
e: file:///data/data/com.termux/files/home/Launcher3/src/com/android/launcher3/workspacefunctions/translators/ItemInfoTranslators.kt:118:56 Unresolved reference 'HotseatItemSpec'.
e: file:///data/data/com.termux/files/home/Launcher3/src/com/android/launcher3/workspacefunctions/translators/ItemInfoTranslators.kt:120:16 Unresolved reference 'HotseatItemSpec'.
e: file:///data/data/com.termux/files/home/Launcher3/src/com/android/launcher3/workspacefunctions/translators/ItemInfoTranslators.kt:123:49 Cannot infer type for this parameter. Please specify it explicitly.
e: file:///data/data/com.termux/files/home/Launcher3/src/com/android/launcher3/workspacefunctions/translators/ItemInfoTranslators.kt:123:53 Cannot infer type for this parameter. Please specify it explicitly.
e: file:///data/data/com.termux/files/home/Launcher3/src/com/android/launcher3/workspacefunctions/translators/ItemInfoTranslators.kt:124:33 Cannot infer type for this parameter. Please specify it explicitly.
e: file:///data/data/com.termux/files/home/Launcher3/src/com/android/launcher3/workspacefunctions/translators/LauncherUnplacedAppTranslator.kt:22:30 Unresolved reference 'appfunctions'.
e: file:///data/data/com.termux/files/home/Launcher3/src/com/android/launcher3/workspacefunctions/translators/LauncherUnplacedAppTranslator.kt:23:30 Unresolved reference 'appfunctions'.
e: file:///data/data/com.termux/files/home/Launcher3/src/com/android/launcher3/workspacefunctions/translators/LauncherUnplacedAppTranslator.kt:31:5 Unresolved reference 'UnplacedAppTypeTranslator'.
e: file:///data/data/com.termux/files/home/Launcher3/src/com/android/launcher3/workspacefunctions/translators/LauncherUnplacedAppTranslator.kt:32:5 'toSpec' overrides nothing.
e: file:///data/data/com.termux/files/home/Launcher3/src/com/android/launcher3/workspacefunctions/translators/LauncherUnplacedAppTranslator.kt:32:53 Unresolved reference 'UnplacedAppSpec'.
e: file:///data/data/com.termux/files/home/Launcher3/src/com/android/launcher3/workspacefunctions/translators/LauncherUnplacedAppTranslator.kt:33:16 Unresolved reference 'UnplacedAppSpec'.
e: file:///data/data/com.termux/files/home/Launcher3/src/com/android/launcher3/workspacefunctions/translators/LauncherUnplacedWidgetTranslator.kt:20:30 Unresolved reference 'appfunctions'.
e: file:///data/data/com.termux/files/home/Launcher3/src/com/android/launcher3/workspacefunctions/translators/LauncherUnplacedWidgetTranslator.kt:21:30 Unresolved reference 'appfunctions'.
e: file:///data/data/com.termux/files/home/Launcher3/src/com/android/launcher3/workspacefunctions/translators/LauncherUnplacedWidgetTranslator.kt:30:5 Unresolved reference 'UnplacedWidgetTypeTranslator'.
e: file:///data/data/com.termux/files/home/Launcher3/src/com/android/launcher3/workspacefunctions/translators/LauncherUnplacedWidgetTranslator.kt:31:5 'toSpec' overrides nothing.
e: file:///data/data/com.termux/files/home/Launcher3/src/com/android/launcher3/workspacefunctions/translators/LauncherUnplacedWidgetTranslator.kt:31:63 Unresolved reference 'UnplacedWidgetSpec'.
e: file:///data/data/com.termux/files/home/Launcher3/src/com/android/launcher3/workspacefunctions/translators/LauncherUnplacedWidgetTranslator.kt:32:16 Unresolved reference 'UnplacedWidgetSpec'.
e: file:///data/data/com.termux/files/home/Launcher3/src/com/android/launcher3/workspacefunctions/translators/LauncherWorkspaceTypeTranslator.kt:21:30 Unresolved reference 'appfunctions'.
e: file:///data/data/com.termux/files/home/Launcher3/src/com/android/launcher3/workspacefunctions/translators/LauncherWorkspaceTypeTranslator.kt:22:30 Unresolved reference 'appfunctions'.
e: file:///data/data/com.termux/files/home/Launcher3/src/com/android/launcher3/workspacefunctions/translators/LauncherWorkspaceTypeTranslator.kt:23:30 Unresolved reference 'appfunctions'.
e: file:///data/data/com.termux/files/home/Launcher3/src/com/android/launcher3/workspacefunctions/translators/LauncherWorkspaceTypeTranslator.kt:24:30 Unresolved reference 'appfunctions'.
e: file:///data/data/com.termux/files/home/Launcher3/src/com/android/launcher3/workspacefunctions/translators/LauncherWorkspaceTypeTranslator.kt:36:5 Unresolved reference 'WorkspaceTypeTranslator'.
e: file:///data/data/com.termux/files/home/Launcher3/src/com/android/launcher3/workspacefunctions/translators/LauncherWorkspaceTypeTranslator.kt:38:5 'toSpec' overrides nothing.
e: file:///data/data/com.termux/files/home/Launcher3/src/com/android/launcher3/workspacefunctions/translators/LauncherWorkspaceTypeTranslator.kt:38:52 Unresolved reference 'WorkspaceSpec'.
e: file:///data/data/com.termux/files/home/Launcher3/src/com/android/launcher3/workspacefunctions/translators/LauncherWorkspaceTypeTranslator.kt:64:18 Cannot infer type for this parameter. Please specify it explicitly.
e: file:///data/data/com.termux/files/home/Launcher3/src/com/android/launcher3/workspacefunctions/translators/LauncherWorkspaceTypeTranslator.kt:64:22 Cannot infer type for this parameter. Please specify it explicitly.
e: file:///data/data/com.termux/files/home/Launcher3/src/com/android/launcher3/workspacefunctions/translators/LauncherWorkspaceTypeTranslator.kt:65:21 Unresolved reference 'WorkspaceScreenSpec'.
e: file:///data/data/com.termux/files/home/Launcher3/src/com/android/launcher3/workspacefunctions/translators/LauncherWorkspaceTypeTranslator.kt:66:31 Cannot infer type for this parameter. Please specify it explicitly.
e: file:///data/data/com.termux/files/home/Launcher3/src/com/android/launcher3/workspacefunctions/translators/LauncherWorkspaceTypeTranslator.kt:66:35 Cannot infer type for this parameter. Please specify it explicitly.
e: file:///data/data/com.termux/files/home/Launcher3/src/com/android/launcher3/workspacefunctions/translators/LauncherWorkspaceTypeTranslator.kt:67:41 Cannot infer type for this parameter. Please specify it explicitly.
e: file:///data/data/com.termux/files/home/Launcher3/src/com/android/launcher3/workspacefunctions/translators/LauncherWorkspaceTypeTranslator.kt:73:13 Unresolved reference 'HotseatSpec'.
e: file:///data/data/com.termux/files/home/Launcher3/src/com/android/launcher3/workspacefunctions/translators/LauncherWorkspaceTypeTranslator.kt:74:30 Cannot infer type for this parameter. Please specify it explicitly.
e: file:///data/data/com.termux/files/home/Launcher3/src/com/android/launcher3/workspacefunctions/translators/LauncherWorkspaceTypeTranslator.kt:74:34 Cannot infer type for this parameter. Please specify it explicitly.
e: file:///data/data/com.termux/files/home/Launcher3/src/com/android/launcher3/workspacefunctions/translators/LauncherWorkspaceTypeTranslator.kt:75:33 Cannot infer type for this parameter. Please specify it explicitly.
e: file:///data/data/com.termux/files/home/Launcher3/src/com/android/launcher3/workspacefunctions/translators/LauncherWorkspaceTypeTranslator.kt:79:16 Unresolved reference 'WorkspaceSpec'.
e: file:///data/data/com.termux/files/home/Launcher3/src/com/android/launcher3/workspacefunctions/translators/TranslatorRegistry.kt:18:30 Unresolved reference 'appfunctions'.
e: file:///data/data/com.termux/files/home/Launcher3/src/com/android/launcher3/workspacefunctions/translators/TranslatorRegistry.kt:19:30 Unresolved reference 'appfunctions'.
e: file:///data/data/com.termux/files/home/Launcher3/src/com/android/launcher3/workspacefunctions/translators/TranslatorRegistry.kt:20:30 Unresolved reference 'appfunctions'.
e: file:///data/data/com.termux/files/home/Launcher3/src/com/android/launcher3/workspacefunctions/translators/TranslatorRegistry.kt:21:30 Unresolved reference 'appfunctions'.
e: file:///data/data/com.termux/files/home/Launcher3/src/com/android/launcher3/workspacefunctions/translators/TranslatorRegistry.kt:22:30 Unresolved reference 'appfunctions'.
e: file:///data/data/com.termux/files/home/Launcher3/src/com/android/launcher3/workspacefunctions/translators/TranslatorRegistry.kt:23:30 Unresolved reference 'appfunctions'.
e: file:///data/data/com.termux/files/home/Launcher3/src/com/android/launcher3/workspacefunctions/translators/TranslatorRegistry.kt:24:30 Unresolved reference 'appfunctions'.
e: file:///data/data/com.termux/files/home/Launcher3/src/com/android/launcher3/workspacefunctions/translators/TranslatorRegistry.kt:25:30 Unresolved reference 'appfunctions'.
e: file:///data/data/com.termux/files/home/Launcher3/src/com/android/launcher3/workspacefunctions/translators/TranslatorRegistry.kt:26:30 Unresolved reference 'appfunctions'.
e: file:///data/data/com.termux/files/home/Launcher3/src/com/android/launcher3/workspacefunctions/translators/TranslatorRegistry.kt:27:30 Unresolved reference 'appfunctions'.
e: file:///data/data/com.termux/files/home/Launcher3/src/com/android/launcher3/workspacefunctions/translators/TranslatorRegistry.kt:47:54 Unresolved reference 'WorkspaceTypeTranslator'.
e: file:///data/data/com.termux/files/home/Launcher3/src/com/android/launcher3/workspacefunctions/translators/TranslatorRegistry.kt:49:54 Unresolved reference 'UnplacedAppTypeTranslator'.
e: file:///data/data/com.termux/files/home/Launcher3/src/com/android/launcher3/workspacefunctions/translators/TranslatorRegistry.kt:51:54 Unresolved reference 'UnplacedWidgetTypeTranslator'.
e: file:///data/data/com.termux/files/home/Launcher3/src/com/android/launcher3/workspacefunctions/translators/TranslatorRegistry.kt:58:8 Unresolved reference 'Translator'.
e: file:///data/data/com.termux/files/home/Launcher3/src/com/android/launcher3/workspacefunctions/translators/TranslatorRegistry.kt:61:17 Unresolved reference 'WorkspaceItemSpec'.
e: file:///data/data/com.termux/files/home/Launcher3/src/com/android/launcher3/workspacefunctions/translators/TranslatorRegistry.kt:62:17 Unresolved reference 'HotseatItemSpec'.
e: file:///data/data/com.termux/files/home/Launcher3/src/com/android/launcher3/workspacefunctions/translators/TranslatorRegistry.kt:63:17 Unresolved reference 'AppInFolderSpec'.
e: file:///data/data/com.termux/files/home/Launcher3/src/com/android/launcher3/workspacefunctions/translators/TranslatorRegistry.kt:64:17 Unresolved reference 'WorkspaceSpec'.
e: file:///data/data/com.termux/files/home/Launcher3/src/com/android/launcher3/workspacefunctions/translators/TranslatorRegistry.kt:65:17 Unresolved reference 'UnplacedAppSpec'.
e: file:///data/data/com.termux/files/home/Launcher3/src/com/android/launcher3/workspacefunctions/translators/TranslatorRegistry.kt:66:17 Unresolved reference 'UnplacedWidgetSpec'.
e: file:///data/data/com.termux/files/home/Launcher3/src/com/android/launcher3/workspacefunctions/translators/TranslatorRegistry.kt:74:36 Unresolved reference 'Translator'.
e: file:///data/data/com.termux/files/home/Launcher3/src/com/android/launcher3/workspacefunctions/translators/TranslatorRegistry.kt:84:67 Unresolved reference 'Translator'.
e: file:///data/data/com.termux/files/home/Launcher3/src/com/android/launcher3/workspacefunctions/translators/TranslatorRegistry.kt:85:27 Unresolved reference 'toSpec'.

> Task :compileNoQuickstepDebugKotlin FAILED

[Incubating] Problems report is available at: file:///data/data/com.termux/files/home/Launcher3/build/reports/problems/problems-report.html

FAILURE: Build failed with an exception.

* What went wrong:
Execution failed for task ':compileNoQuickstepDebugKotlin' (registered by plugin 'org.jetbrains.kotlin.android').
> A failure occurred while executing org.jetbrains.kotlin.compilerRunner.GradleCompilerRunnerWithWorkers$GradleKotlinCompilerWorkAction
   > Compilation error. See log for more details

* Try:
> Run with --info or --debug option to get more log output.
> Run with --scan to get full insights from a Build Scan (powered by Develocity).
> Get more help at https://help.gradle.org.

* Exception is:
org.gradle.api.tasks.TaskExecutionException: Execution failed for task ':compileNoQuickstepDebugKotlin' (registered by plugin 'org.jetbrains.kotlin.android').
	at org.gradle.api.internal.tasks.execution.ExecuteActionsTaskExecuter.lambda$executeIfValid$1(ExecuteActionsTaskExecuter.java:135)
	at org.gradle.internal.Try$Failure.ifSuccessfulOrElse(Try.java:288)
	at org.gradle.api.internal.tasks.execution.ExecuteActionsTaskExecuter.executeIfValid(ExecuteActionsTaskExecuter.java:133)
	at org.gradle.api.internal.tasks.execution.ExecuteActionsTaskExecuter.execute(ExecuteActionsTaskExecuter.java:121)
	at org.gradle.api.internal.tasks.execution.ProblemsTaskPathTrackingTaskExecuter.execute(ProblemsTaskPathTrackingTaskExecuter.java:41)
	at org.gradle.api.internal.tasks.execution.ResolveTaskExecutionModeExecuter.execute(ResolveTaskExecutionModeExecuter.java:51)
	at org.gradle.api.internal.tasks.execution.FinalizePropertiesTaskExecuter.execute(FinalizePropertiesTaskExecuter.java:46)
	at org.gradle.api.internal.tasks.execution.SkipTaskWithNoActionsExecuter.execute(SkipTaskWithNoActionsExecuter.java:57)
	at org.gradle.api.internal.tasks.execution.SkipOnlyIfTaskExecuter.execute(SkipOnlyIfTaskExecuter.java:74)
	at org.gradle.api.internal.tasks.execution.CatchExceptionTaskExecuter.execute(CatchExceptionTaskExecuter.java:36)
	at org.gradle.api.internal.tasks.execution.EventFiringTaskExecuter$1.executeTask(EventFiringTaskExecuter.java:77)
	at org.gradle.api.internal.tasks.execution.EventFiringTaskExecuter$1.call(EventFiringTaskExecuter.java:55)
	at org.gradle.api.internal.tasks.execution.EventFiringTaskExecuter$1.call(EventFiringTaskExecuter.java:52)
	at org.gradle.internal.operations.DefaultBuildOperationRunner$CallableBuildOperationWorker.execute(DefaultBuildOperationRunner.java:210)
	at org.gradle.internal.operations.DefaultBuildOperationRunner$CallableBuildOperationWorker.execute(DefaultBuildOperationRunner.java:205)
	at org.gradle.internal.operations.DefaultBuildOperationRunner$2.execute(DefaultBuildOperationRunner.java:67)
	at org.gradle.internal.operations.DefaultBuildOperationRunner$2.execute(DefaultBuildOperationRunner.java:60)
	at org.gradle.internal.operations.DefaultBuildOperationRunner.execute(DefaultBuildOperationRunner.java:167)
	at org.gradle.internal.operations.DefaultBuildOperationRunner.execute(DefaultBuildOperationRunner.java:60)
	at org.gradle.internal.operations.DefaultBuildOperationRunner.call(DefaultBuildOperationRunner.java:54)
	at org.gradle.api.internal.tasks.execution.EventFiringTaskExecuter.execute(EventFiringTaskExecuter.java:52)
	at org.gradle.execution.plan.DefaultNodeExecutor.executeLocalTaskNode(DefaultNodeExecutor.java:55)
	at org.gradle.execution.plan.DefaultNodeExecutor.execute(DefaultNodeExecutor.java:34)
	at org.gradle.execution.taskgraph.DefaultTaskExecutionGraph$InvokeNodeExecutorsAction.execute(DefaultTaskExecutionGraph.java:355)
	at org.gradle.execution.taskgraph.DefaultTaskExecutionGraph$InvokeNodeExecutorsAction.execute(DefaultTaskExecutionGraph.java:343)
	at org.gradle.execution.taskgraph.DefaultTaskExecutionGraph$BuildOperationAwareExecutionAction.lambda$execute$0(DefaultTaskExecutionGraph.java:339)
	at org.gradle.internal.operations.CurrentBuildOperationRef.with(CurrentBuildOperationRef.java:84)
	at org.gradle.execution.taskgraph.DefaultTaskExecutionGraph$BuildOperationAwareExecutionAction.execute(DefaultTaskExecutionGraph.java:339)
	at org.gradle.execution.taskgraph.DefaultTaskExecutionGraph$BuildOperationAwareExecutionAction.execute(DefaultTaskExecutionGraph.java:328)
	at org.gradle.execution.plan.DefaultPlanExecutor$ExecutorWorker.execute(DefaultPlanExecutor.java:459)
	at org.gradle.execution.plan.DefaultPlanExecutor$ExecutorWorker.run(DefaultPlanExecutor.java:376)
	at org.gradle.execution.plan.DefaultPlanExecutor.process(DefaultPlanExecutor.java:111)
	at org.gradle.execution.taskgraph.DefaultTaskExecutionGraph.executeWithServices(DefaultTaskExecutionGraph.java:146)
	at org.gradle.execution.taskgraph.DefaultTaskExecutionGraph.execute(DefaultTaskExecutionGraph.java:131)
	at org.gradle.execution.SelectedTaskExecutionAction.execute(SelectedTaskExecutionAction.java:35)
	at org.gradle.execution.BuildOperationFiringBuildWorkerExecutor$ExecuteTasks.call(BuildOperationFiringBuildWorkerExecutor.java:54)
	at org.gradle.execution.BuildOperationFiringBuildWorkerExecutor$ExecuteTasks.call(BuildOperationFiringBuildWorkerExecutor.java:43)
	at org.gradle.internal.operations.DefaultBuildOperationRunner$CallableBuildOperationWorker.execute(DefaultBuildOperationRunner.java:210)
	at org.gradle.internal.operations.DefaultBuildOperationRunner$CallableBuildOperationWorker.execute(DefaultBuildOperationRunner.java:205)
	at org.gradle.internal.operations.DefaultBuildOperationRunner$2.execute(DefaultBuildOperationRunner.java:67)
	at org.gradle.internal.operations.DefaultBuildOperationRunner$2.execute(DefaultBuildOperationRunner.java:60)
	at org.gradle.internal.operations.DefaultBuildOperationRunner.execute(DefaultBuildOperationRunner.java:167)
	at org.gradle.internal.operations.DefaultBuildOperationRunner.execute(DefaultBuildOperationRunner.java:60)
	at org.gradle.internal.operations.DefaultBuildOperationRunner.call(DefaultBuildOperationRunner.java:54)
	at org.gradle.execution.BuildOperationFiringBuildWorkerExecutor.execute(BuildOperationFiringBuildWorkerExecutor.java:40)
	at org.gradle.internal.build.DefaultBuildLifecycleController.lambda$executeTasks$11(DefaultBuildLifecycleController.java:323)
	at org.gradle.internal.model.StateTransitionController.doTransition(StateTransitionController.java:304)
	at org.gradle.internal.model.StateTransitionController.lambda$tryTransition$9(StateTransitionController.java:215)
	at org.gradle.internal.work.DefaultSynchronizer.withLock(DefaultSynchronizer.java:45)
	at org.gradle.internal.model.StateTransitionController.tryTransition(StateTransitionController.java:215)
	at org.gradle.internal.build.DefaultBuildLifecycleController.executeTasks(DefaultBuildLifecycleController.java:314)
	at org.gradle.internal.build.DefaultBuildWorkGraphController$DefaultBuildWorkGraph.runWork(DefaultBuildWorkGraphController.java:220)
	at org.gradle.internal.work.DefaultWorkerLeaseService.lambda$runAndReleaseLocks$0(DefaultWorkerLeaseService.java:300)
	at org.gradle.internal.work.ResourceLockStatistics$1.measure(ResourceLockStatistics.java:43)
	at org.gradle.internal.work.DefaultWorkerLeaseService.runAndReleaseLocks(DefaultWorkerLeaseService.java:298)
	at org.gradle.internal.work.DefaultWorkerLeaseService.withLocksAcquired(DefaultWorkerLeaseService.java:294)
	at org.gradle.internal.work.DefaultWorkerLeaseService.withLocks(DefaultWorkerLeaseService.java:286)
	at org.gradle.internal.work.DefaultWorkerLeaseService.runAsWorkerThread(DefaultWorkerLeaseService.java:130)
	at org.gradle.composite.internal.DefaultBuildController.doRun(DefaultBuildController.java:182)
	at org.gradle.composite.internal.DefaultBuildController$BuildOpRunnable.lambda$run$0(DefaultBuildController.java:199)
	at org.gradle.internal.operations.CurrentBuildOperationRef.with(CurrentBuildOperationRef.java:84)
	at org.gradle.composite.internal.DefaultBuildController$BuildOpRunnable.run(DefaultBuildController.java:199)
	at org.gradle.internal.concurrent.ExecutorPolicy$CatchAndRecordFailures.onExecute(ExecutorPolicy.java:64)
	at org.gradle.internal.concurrent.AbstractManagedExecutor$1.run(AbstractManagedExecutor.java:47)
Caused by: org.gradle.workers.internal.DefaultWorkerExecutor$WorkExecutionException: A failure occurred while executing org.jetbrains.kotlin.compilerRunner.GradleCompilerRunnerWithWorkers$GradleKotlinCompilerWorkAction
	at org.gradle.workers.internal.DefaultWorkerExecutor$WorkItemExecution.waitForCompletion(DefaultWorkerExecutor.java:278)
	at org.gradle.internal.work.DefaultAsyncWorkTracker.lambda$waitForItemsAndGatherFailures$2(DefaultAsyncWorkTracker.java:132)
	at org.gradle.internal.Factories$1.create(Factories.java:30)
	at org.gradle.internal.work.DefaultWorkerLeaseService.lambda$withoutLocksBlocking$3(DefaultWorkerLeaseService.java:410)
	at org.gradle.internal.work.ResourceLockStatistics$1.measure(ResourceLockStatistics.java:43)
	at org.gradle.internal.work.DefaultWorkerLeaseService.withoutLocksBlocking(DefaultWorkerLeaseService.java:405)
	at org.gradle.internal.work.DefaultWorkerLeaseService.blocking(DefaultWorkerLeaseService.java:255)
	at org.gradle.internal.work.DefaultWorkerLeaseService.blocking(DefaultWorkerLeaseService.java:237)
	at org.gradle.internal.work.DefaultAsyncWorkTracker.lambda$waitForItemsAndGatherFailures$3(DefaultAsyncWorkTracker.java:128)
	at org.gradle.internal.Factories$1.create(Factories.java:30)
	at org.gradle.internal.resources.AbstractResourceLockRegistry.whileDisallowingLockChanges(AbstractResourceLockRegistry.java:50)
	at org.gradle.internal.work.DefaultWorkerLeaseService.whileDisallowingProjectLockChanges(DefaultWorkerLeaseService.java:260)
	at org.gradle.internal.work.DefaultAsyncWorkTracker.waitForItemsAndGatherFailures(DefaultAsyncWorkTracker.java:127)
	at org.gradle.internal.work.DefaultAsyncWorkTracker.waitForItemsAndGatherFailures(DefaultAsyncWorkTracker.java:93)
	at org.gradle.internal.work.DefaultAsyncWorkTracker.waitForAll(DefaultAsyncWorkTracker.java:79)
	at org.gradle.internal.work.DefaultAsyncWorkTracker.waitForCompletion(DefaultAsyncWorkTracker.java:67)
	at org.gradle.api.internal.tasks.execution.TaskExecution$3.run(TaskExecution.java:267)
	at org.gradle.internal.operations.DefaultBuildOperationRunner$1.execute(DefaultBuildOperationRunner.java:30)
	at org.gradle.internal.operations.DefaultBuildOperationRunner$1.execute(DefaultBuildOperationRunner.java:27)
	at org.gradle.internal.operations.DefaultBuildOperationRunner$2.execute(DefaultBuildOperationRunner.java:67)
	at org.gradle.internal.operations.DefaultBuildOperationRunner$2.execute(DefaultBuildOperationRunner.java:60)
	at org.gradle.internal.operations.DefaultBuildOperationRunner.execute(DefaultBuildOperationRunner.java:167)
	at org.gradle.internal.operations.DefaultBuildOperationRunner.execute(DefaultBuildOperationRunner.java:60)
	at org.gradle.internal.operations.DefaultBuildOperationRunner.run(DefaultBuildOperationRunner.java:48)
	at org.gradle.api.internal.tasks.execution.TaskExecution.executeAction(TaskExecution.java:244)
	at org.gradle.api.internal.tasks.execution.TaskExecution.executeActions(TaskExecution.java:227)
	at org.gradle.api.internal.tasks.execution.TaskExecution.executeWithPreviousOutputFiles(TaskExecution.java:210)
	at org.gradle.api.internal.tasks.execution.TaskExecution.execute(TaskExecution.java:176)
	at org.gradle.internal.execution.steps.ExecuteStep.executeInternal(ExecuteStep.java:167)
	at org.gradle.internal.execution.steps.ExecuteStep.access$000(ExecuteStep.java:47)
	at org.gradle.internal.execution.steps.ExecuteStep$1.call(ExecuteStep.java:137)
	at org.gradle.internal.execution.steps.ExecuteStep$1.call(ExecuteStep.java:134)
	at org.gradle.internal.operations.DefaultBuildOperationRunner$CallableBuildOperationWorker.execute(DefaultBuildOperationRunner.java:210)
	at org.gradle.internal.operations.DefaultBuildOperationRunner$CallableBuildOperationWorker.execute(DefaultBuildOperationRunner.java:205)
	at org.gradle.internal.operations.DefaultBuildOperationRunner$2.execute(DefaultBuildOperationRunner.java:67)
	at org.gradle.internal.operations.DefaultBuildOperationRunner$2.execute(DefaultBuildOperationRunner.java:60)
	at org.gradle.internal.operations.DefaultBuildOperationRunner.execute(DefaultBuildOperationRunner.java:167)
	at org.gradle.internal.operations.DefaultBuildOperationRunner.execute(DefaultBuildOperationRunner.java:60)
	at org.gradle.internal.operations.DefaultBuildOperationRunner.call(DefaultBuildOperationRunner.java:54)
	at org.gradle.internal.execution.steps.ExecuteStep.execute(ExecuteStep.java:134)
	at org.gradle.internal.execution.steps.ExecuteStep$Mutable.execute(ExecuteStep.java:80)
	at org.gradle.internal.execution.steps.CancelExecutionStep.execute(CancelExecutionStep.java:42)
	at org.gradle.internal.execution.steps.TimeoutStep.executeWithoutTimeout(TimeoutStep.java:75)
	at org.gradle.internal.execution.steps.TimeoutStep.execute(TimeoutStep.java:55)
	at org.gradle.internal.execution.steps.PreCreateOutputParentsStep.execute(PreCreateOutputParentsStep.java:51)
	at org.gradle.internal.execution.steps.PreCreateOutputParentsStep.execute(PreCreateOutputParentsStep.java:29)
	at org.gradle.internal.execution.steps.RemovePreviousOutputsStep.executeMutable(RemovePreviousOutputsStep.java:67)
	at org.gradle.internal.execution.steps.RemovePreviousOutputsStep.executeMutable(RemovePreviousOutputsStep.java:39)
	at org.gradle.internal.execution.steps.MutableStep.execute(MutableStep.java:26)
	at org.gradle.internal.execution.steps.BroadcastChangingOutputsStep.execute(BroadcastChangingOutputsStep.java:42)
	at org.gradle.internal.execution.steps.BroadcastChangingOutputsStep.execute(BroadcastChangingOutputsStep.java:24)
	at org.gradle.internal.execution.steps.CaptureOutputsAfterExecutionStep.execute(CaptureOutputsAfterExecutionStep.java:69)
	at org.gradle.internal.execution.steps.CaptureOutputsAfterExecutionStep.execute(CaptureOutputsAfterExecutionStep.java:46)
	at org.gradle.internal.execution.steps.ResolveInputChangesStep.executeMutable(ResolveInputChangesStep.java:39)
	at org.gradle.internal.execution.steps.ResolveInputChangesStep.executeMutable(ResolveInputChangesStep.java:28)
	at org.gradle.internal.execution.steps.MutableStep.execute(MutableStep.java:26)
	at org.gradle.internal.execution.steps.BuildCacheStep.executeWithoutCache(BuildCacheStep.java:189)
	at org.gradle.internal.execution.steps.BuildCacheStep.lambda$execute$1(BuildCacheStep.java:76)
	at org.gradle.internal.Either$Right.fold(Either.java:176)
	at org.gradle.internal.execution.caching.CachingState.fold(CachingState.java:62)
	at org.gradle.internal.execution.steps.BuildCacheStep.execute(BuildCacheStep.java:74)
	at org.gradle.internal.execution.steps.BuildCacheStep.execute(BuildCacheStep.java:49)
	at org.gradle.internal.execution.steps.StoreExecutionStateStep.executeMutable(StoreExecutionStateStep.java:46)
	at org.gradle.internal.execution.steps.StoreExecutionStateStep.executeMutable(StoreExecutionStateStep.java:35)
	at org.gradle.internal.execution.steps.MutableStep.execute(MutableStep.java:26)
	at org.gradle.internal.execution.steps.SkipUpToDateStep.executeBecause(SkipUpToDateStep.java:75)
	at org.gradle.internal.execution.steps.SkipUpToDateStep.lambda$execute$2(SkipUpToDateStep.java:53)
	at org.gradle.internal.execution.steps.SkipUpToDateStep.execute(SkipUpToDateStep.java:53)
	at org.gradle.internal.execution.steps.SkipUpToDateStep.execute(SkipUpToDateStep.java:35)
	at org.gradle.internal.execution.steps.legacy.MarkSnapshottingInputsFinishedStep.execute(MarkSnapshottingInputsFinishedStep.java:37)
	at org.gradle.internal.execution.steps.legacy.MarkSnapshottingInputsFinishedStep.execute(MarkSnapshottingInputsFinishedStep.java:27)
	at org.gradle.internal.execution.steps.ResolveMutableCachingStateStep.executeDelegate(ResolveMutableCachingStateStep.java:70)
	at org.gradle.internal.execution.steps.ResolveMutableCachingStateStep.executeDelegate(ResolveMutableCachingStateStep.java:32)
	at org.gradle.internal.execution.steps.AbstractResolveCachingStateStep.execute(AbstractResolveCachingStateStep.java:69)
	at org.gradle.internal.execution.steps.AbstractResolveCachingStateStep.execute(AbstractResolveCachingStateStep.java:37)
	at org.gradle.internal.execution.steps.ResolveChangesStep.executeMutable(ResolveChangesStep.java:63)
	at org.gradle.internal.execution.steps.ResolveChangesStep.executeMutable(ResolveChangesStep.java:34)
	at org.gradle.internal.execution.steps.MutableStep.execute(MutableStep.java:26)
	at org.gradle.internal.execution.steps.ValidateStep$Mutable.executeDelegate(ValidateStep.java:79)
	at org.gradle.internal.execution.steps.ValidateStep$Mutable.executeDelegate(ValidateStep.java:65)
	at org.gradle.internal.execution.steps.ValidateStep.execute(ValidateStep.java:105)
	at org.gradle.internal.execution.steps.ValidateStep$Mutable.execute(ValidateStep.java:65)
	at org.gradle.internal.execution.steps.CaptureMutableStateBeforeExecutionStep.executeMutable(CaptureMutableStateBeforeExecutionStep.java:86)
	at org.gradle.internal.execution.steps.CaptureMutableStateBeforeExecutionStep.execute(CaptureMutableStateBeforeExecutionStep.java:65)
	at org.gradle.internal.execution.steps.CaptureMutableStateBeforeExecutionStep.execute(CaptureMutableStateBeforeExecutionStep.java:45)
	at org.gradle.internal.execution.steps.SkipEmptyMutableWorkStep.executeWithNonEmptySources(SkipEmptyMutableWorkStep.java:210)
	at org.gradle.internal.execution.steps.SkipEmptyMutableWorkStep.executeMutable(SkipEmptyMutableWorkStep.java:90)
	at org.gradle.internal.execution.steps.SkipEmptyMutableWorkStep.executeMutable(SkipEmptyMutableWorkStep.java:53)
	at org.gradle.internal.execution.steps.MutableStep.execute(MutableStep.java:26)
	at org.gradle.internal.execution.steps.legacy.MarkSnapshottingInputsStartedStep.execute(MarkSnapshottingInputsStartedStep.java:38)
	at org.gradle.internal.execution.steps.LoadPreviousExecutionStateStep.executeMutable(LoadPreviousExecutionStateStep.java:36)
	at org.gradle.internal.execution.steps.LoadPreviousExecutionStateStep.executeMutable(LoadPreviousExecutionStateStep.java:23)
	at org.gradle.internal.execution.steps.MutableStep.execute(MutableStep.java:26)
	at org.gradle.internal.execution.steps.HandleStaleOutputsStep.executeMutable(HandleStaleOutputsStep.java:77)
	at org.gradle.internal.execution.steps.HandleStaleOutputsStep.executeMutable(HandleStaleOutputsStep.java:43)
	at org.gradle.internal.execution.steps.MutableStep.execute(MutableStep.java:26)
	at org.gradle.internal.execution.steps.AssignMutableWorkspaceStep.lambda$executeMutable$0(AssignMutableWorkspaceStep.java:34)
	at org.gradle.api.internal.tasks.execution.TaskExecution$4.withWorkspace(TaskExecution.java:305)
	at org.gradle.internal.execution.steps.AssignMutableWorkspaceStep.executeMutable(AssignMutableWorkspaceStep.java:30)
	at org.gradle.internal.execution.steps.AssignMutableWorkspaceStep.executeMutable(AssignMutableWorkspaceStep.java:21)
	at org.gradle.internal.execution.steps.MutableStep.execute(MutableStep.java:26)
	at org.gradle.internal.execution.steps.ChoosePipelineStep.execute(ChoosePipelineStep.java:40)
	at org.gradle.internal.execution.steps.ChoosePipelineStep.execute(ChoosePipelineStep.java:23)
	at org.gradle.internal.execution.steps.ExecuteWorkBuildOperationFiringStep.lambda$execute$2(ExecuteWorkBuildOperationFiringStep.java:67)
	at org.gradle.internal.execution.steps.ExecuteWorkBuildOperationFiringStep.execute(ExecuteWorkBuildOperationFiringStep.java:67)
	at org.gradle.internal.execution.steps.ExecuteWorkBuildOperationFiringStep.execute(ExecuteWorkBuildOperationFiringStep.java:39)
	at org.gradle.internal.execution.steps.IdentityCacheStep.execute(IdentityCacheStep.java:46)
	at org.gradle.internal.execution.steps.IdentityCacheStep.execute(IdentityCacheStep.java:34)
	at org.gradle.internal.execution.steps.IdentifyStep.execute(IdentifyStep.java:56)
	at org.gradle.internal.execution.steps.IdentifyStep.execute(IdentifyStep.java:38)
	at org.gradle.internal.execution.impl.DefaultExecutionEngine$1.execute(DefaultExecutionEngine.java:68)
	at org.gradle.api.internal.tasks.execution.ExecuteActionsTaskExecuter.executeIfValid(ExecuteActionsTaskExecuter.java:132)
	... 61 more
Caused by: org.jetbrains.kotlin.gradle.tasks.CompilationErrorException: Compilation error. See log for more details
	at org.jetbrains.kotlin.gradle.tasks.TasksUtilsKt.throwExceptionIfCompilationFailed(tasksUtils.kt:21)
	at org.jetbrains.kotlin.compilerRunner.GradleKotlinCompilerWork.run(GradleKotlinCompilerWork.kt:119)
	at org.jetbrains.kotlin.compilerRunner.GradleCompilerRunnerWithWorkers$GradleKotlinCompilerWorkAction.execute(GradleCompilerRunnerWithWorkers.kt:76)
	at org.gradle.workers.internal.DefaultWorkerServer.execute(DefaultWorkerServer.java:68)
	at org.gradle.workers.internal.NoIsolationWorkerFactory$1$1.create(NoIsolationWorkerFactory.java:64)
	at org.gradle.workers.internal.NoIsolationWorkerFactory$1$1.create(NoIsolationWorkerFactory.java:61)
	at org.gradle.internal.classloader.ClassLoaderUtils.executeInClassloader(ClassLoaderUtils.java:102)
	at org.gradle.workers.internal.NoIsolationWorkerFactory$1.lambda$execute$0(NoIsolationWorkerFactory.java:61)
	at org.gradle.workers.internal.AbstractWorker$1.call(AbstractWorker.java:44)
	at org.gradle.workers.internal.AbstractWorker$1.call(AbstractWorker.java:41)
	at org.gradle.internal.operations.DefaultBuildOperationRunner$CallableBuildOperationWorker.execute(DefaultBuildOperationRunner.java:210)
	at org.gradle.internal.operations.DefaultBuildOperationRunner$CallableBuildOperationWorker.execute(DefaultBuildOperationRunner.java:205)
	at org.gradle.internal.operations.DefaultBuildOperationRunner$2.execute(DefaultBuildOperationRunner.java:67)
	at org.gradle.internal.operations.DefaultBuildOperationRunner$2.execute(DefaultBuildOperationRunner.java:60)
	at org.gradle.internal.operations.DefaultBuildOperationRunner.execute(DefaultBuildOperationRunner.java:167)
	at org.gradle.internal.operations.DefaultBuildOperationRunner.execute(DefaultBuildOperationRunner.java:60)
	at org.gradle.internal.operations.DefaultBuildOperationRunner.call(DefaultBuildOperationRunner.java:54)
	at org.gradle.workers.internal.AbstractWorker.executeWrappedInBuildOperation(AbstractWorker.java:41)
	at org.gradle.workers.internal.NoIsolationWorkerFactory$1.execute(NoIsolationWorkerFactory.java:58)
	at org.gradle.workers.internal.DefaultWorkerExecutor.lambda$submitWork$0(DefaultWorkerExecutor.java:174)
	at org.gradle.internal.work.DefaultConditionalExecutionQueue$ExecutionRunner.runExecution(DefaultConditionalExecutionQueue.java:191)
	at org.gradle.internal.work.DefaultConditionalExecutionQueue$ExecutionRunner.access$500(DefaultConditionalExecutionQueue.java:112)
	at org.gradle.internal.work.DefaultConditionalExecutionQueue$ExecutionRunner$1.run(DefaultConditionalExecutionQueue.java:168)
	at org.gradle.internal.Factories$1.create(Factories.java:30)
	at org.gradle.internal.work.DefaultWorkerLeaseService.lambda$runAndReleaseLocks$0(DefaultWorkerLeaseService.java:300)
	at org.gradle.internal.work.ResourceLockStatistics$1.measure(ResourceLockStatistics.java:43)
	at org.gradle.internal.work.DefaultWorkerLeaseService.runAndReleaseLocks(DefaultWorkerLeaseService.java:298)
	at org.gradle.internal.work.DefaultWorkerLeaseService.withLocksAcquired(DefaultWorkerLeaseService.java:294)
	at org.gradle.internal.work.DefaultWorkerLeaseService.withLocks(DefaultWorkerLeaseService.java:286)
	at org.gradle.internal.work.DefaultWorkerLeaseService.runAsWorkerThread(DefaultWorkerLeaseService.java:130)
	at org.gradle.internal.work.DefaultWorkerLeaseService.runAsWorkerThread(DefaultWorkerLeaseService.java:135)
	at org.gradle.internal.work.DefaultConditionalExecutionQueue$ExecutionRunner.runBatch(DefaultConditionalExecutionQueue.java:163)
	at org.gradle.internal.work.DefaultConditionalExecutionQueue$ExecutionRunner.run(DefaultConditionalExecutionQueue.java:125)
	... 2 more


Deprecated Gradle features were used in this build, making it incompatible with Gradle 10.

You can use '--warning-mode all' to show the individual deprecation warnings and determine if they come from your own scripts or plugins.

For more on this, please refer to https://docs.gradle.org/9.6.1/userguide/command_line_interface.html#sec:command_line_warnings in the Gradle documentation.

BUILD FAILED in 2m 9s
14 actionable tasks: 7 executed, 7 up-to-date
