Starting a Gradle Daemon, 7 stopped Daemons could not be reused, use --status for details
Warning: Unable to set daemon's environment variables to match the client because: 
  There is no native integration with this operating environment.
  If the daemon was started with a significantly different environment from the client, and your build 
  relies on environment variables, you may experience unexpected behavior.

> Configure project :
WARNING: The option setting 'android.aapt2FromMavenOverride=/data/data/com.termux/files/usr/bin/aapt2' is experimental.

> Task :checkKotlinGradlePluginConfigurationErrors SKIPPED
> Task :preBuild UP-TO-DATE
> Task :preNoQuickstepDebugBuild UP-TO-DATE
> Task :checkNoQuickstepDebugAarMetadata UP-TO-DATE
> Task :generateNoQuickstepDebugResValues UP-TO-DATE
> Task :mapNoQuickstepDebugSourceSetPaths UP-TO-DATE
> Task :generateNoQuickstepDebugResources UP-TO-DATE
> Task :mergeNoQuickstepDebugResources UP-TO-DATE
> Task :packageNoQuickstepDebugResources UP-TO-DATE
> Task :parseNoQuickstepDebugLocalResources UP-TO-DATE
> Task :createNoQuickstepDebugCompatibleScreenManifests UP-TO-DATE
> Task :extractDeepLinksNoQuickstepDebug UP-TO-DATE
> Task :processNoQuickstepDebugMainManifest UP-TO-DATE
> Task :processNoQuickstepDebugManifest UP-TO-DATE
> Task :processNoQuickstepDebugManifestForPackage UP-TO-DATE
> Task :processNoQuickstepDebugResources UP-TO-DATE
> Task :compileNoQuickstepDebugKotlin
e: file:///data/data/com.termux/files/home/Launcher3/src/com/android/launcher3/AppWidgetResizeFrame.kt:319:25 Cannot access 'CachedObject' which is a supertype of 'com.android.launcher3.widget.LauncherAppWidgetProviderInfo'. Check your module classpath for missing or conflicting dependencies.
e: file:///data/data/com.termux/files/home/Launcher3/src/com/android/launcher3/AppWidgetResizeFrame.kt:320:25 Cannot access 'CachedObject' which is a supertype of 'com.android.launcher3.widget.LauncherAppWidgetProviderInfo'. Check your module classpath for missing or conflicting dependencies.
e: file:///data/data/com.termux/files/home/Launcher3/src/com/android/launcher3/AppWidgetResizeFrame.kt:321:25 Cannot access 'CachedObject' which is a supertype of 'com.android.launcher3.widget.LauncherAppWidgetProviderInfo'. Check your module classpath for missing or conflicting dependencies.
e: file:///data/data/com.termux/files/home/Launcher3/src/com/android/launcher3/AppWidgetResizeFrame.kt:322:25 Cannot access 'CachedObject' which is a supertype of 'com.android.launcher3.widget.LauncherAppWidgetProviderInfo'. Check your module classpath for missing or conflicting dependencies.
e: file:///data/data/com.termux/files/home/Launcher3/src/com/android/launcher3/AppWidgetResizeFrame.kt:336:14 Unresolved reference 'Flags'.
e: file:///data/data/com.termux/files/home/Launcher3/src/com/android/launcher3/AppWidgetResizeFrame.kt:336:57 Cannot access 'CachedObject' which is a supertype of 'com.android.launcher3.widget.LauncherAppWidgetProviderInfo'. Check your module classpath for missing or conflicting dependencies.
e: file:///data/data/com.termux/files/home/Launcher3/src/com/android/launcher3/AppWidgetResizeFrame.kt:787:13 Unresolved reference 'Flags'.
e: file:///data/data/com.termux/files/home/Launcher3/src/com/android/launcher3/AppWidgetResizeFrame.kt:1043:21 Unresolved reference 'Flags'.
e: file:///data/data/com.termux/files/home/Launcher3/src/com/android/launcher3/AsyncAnimatorPlaybackController.kt:22:25 Unresolved reference 'concurrent'.
e: file:///data/data/com.termux/files/home/Launcher3/src/com/android/launcher3/AsyncAnimatorPlaybackController.kt:28:2 Unresolved reference 'ThreadSafe'.
e: file:///data/data/com.termux/files/home/Launcher3/src/com/android/launcher3/LauncherAppState.kt:19:37 Unresolved reference 'ApplicationContext'.
e: file:///data/data/com.termux/files/home/Launcher3/src/com/android/launcher3/LauncherAppState.kt:31:6 Unresolved reference 'ApplicationContext'.
e: file:///data/data/com.termux/files/home/Launcher3/src/com/android/launcher3/LauncherModel.kt:24:37 Unresolved reference 'ApplicationContext'.
e: file:///data/data/com.termux/files/home/Launcher3/src/com/android/launcher3/LauncherModel.kt:25:37 Unresolved reference 'LauncherAppSingleton'.
e: file:///data/data/com.termux/files/home/Launcher3/src/com/android/launcher3/LauncherModel.kt:63:2 Unresolved reference 'LauncherAppSingleton'.
e: file:///data/data/com.termux/files/home/Launcher3/src/com/android/launcher3/LauncherModel.kt:67:6 Unresolved reference 'ApplicationContext'.
e: file:///data/data/com.termux/files/home/Launcher3/src/com/android/launcher3/LauncherModel.kt:227:21 Unresolved reference 'Flags'.
e: file:///data/data/com.termux/files/home/Launcher3/src/com/android/launcher3/LauncherModel.kt:278:17 Unresolved reference 'Flags'.
e: file:///data/data/com.termux/files/home/Launcher3/src/com/android/launcher3/LauncherModel.kt:375:74 Cannot access class 'BitmapInfo'. Check your module classpath for missing or conflicting dependencies.
e: file:///data/data/com.termux/files/home/Launcher3/src/com/android/launcher3/LauncherModel.kt:375:81 Unresolved reference 'icon'.
e: file:///data/data/com.termux/files/home/Launcher3/src/com/android/launcher3/LauncherModel.kt:395:13 Unresolved reference 'Flags'.
e: file:///data/data/com.termux/files/home/Launcher3/src/com/android/launcher3/LauncherModel.kt:396:17 Unresolved reference 'Flags'.
e: file:///data/data/com.termux/files/home/Launcher3/src/com/android/launcher3/LauncherModel.kt:397:17 Unresolved reference 'Flags'.
e: file:///data/data/com.termux/files/home/Launcher3/src/com/android/launcher3/LauncherPrefs.kt:27:37 Unresolved reference 'ApplicationContext'.
e: file:///data/data/com.termux/files/home/Launcher3/src/com/android/launcher3/LauncherPrefs.kt:29:37 Unresolved reference 'LauncherAppSingleton'.
e: file:///data/data/com.termux/files/home/Launcher3/src/com/android/launcher3/LauncherPrefs.kt:46:2 Unresolved reference 'LauncherAppSingleton'.
e: file:///data/data/com.termux/files/home/Launcher3/src/com/android/launcher3/LauncherPrefs.kt:49:14 Unresolved reference 'ApplicationContext'.
e: file:///data/data/com.termux/files/home/Launcher3/src/com/android/launcher3/LauncherUiState.kt:20:35 Unresolved reference 'MutableListenableRef'.
e: file:///data/data/com.termux/files/home/Launcher3/src/com/android/launcher3/LauncherUiState.kt:25:37 Unresolved reference 'MutableListenableRef'.
e: file:///data/data/com.termux/files/home/Launcher3/src/com/android/launcher3/LauncherUiState.kt:26:44 Unresolved reference 'MutableListenableRef'.
e: file:///data/data/com.termux/files/home/Launcher3/src/com/android/launcher3/LauncherUiState.kt:27:41 Unresolved reference 'MutableListenableRef'.
e: file:///data/data/com.termux/files/home/Launcher3/src/com/android/launcher3/LauncherUiState.kt:63:21 Unresolved reference 'MutableListenableRef'.
e: file:///data/data/com.termux/files/home/Launcher3/src/com/android/launcher3/LauncherUiState.kt:64:13 Unresolved reference 'value'.
e: file:///data/data/com.termux/files/home/Launcher3/src/com/android/launcher3/LauncherUiState.kt:65:13 Unresolved reference 'dispatchValue'.
e: file:///data/data/com.termux/files/home/Launcher3/src/com/android/launcher3/ModelCallbacks.kt:75:18 Cannot access class 'SafeCloseable'. Check your module classpath for missing or conflicting dependencies.
e: file:///data/data/com.termux/files/home/Launcher3/src/com/android/launcher3/ModelCallbacks.kt:75:33 Argument type mismatch: actual type is 'kotlin.Function0<kotlin.Unit>', but 'SafeCloseable!' was expected.
e: file:///data/data/com.termux/files/home/Launcher3/src/com/android/launcher3/ModelCallbacks.kt:84:18 Cannot access class 'SafeCloseable'. Check your module classpath for missing or conflicting dependencies.
e: file:///data/data/com.termux/files/home/Launcher3/src/com/android/launcher3/ModelCallbacks.kt:85:61 Cannot infer type for this parameter. Please specify it explicitly.
e: file:///data/data/com.termux/files/home/Launcher3/src/com/android/launcher3/ModelCallbacks.kt:87:24 Unresolved reference 'isSource'.
e: file:///data/data/com.termux/files/home/Launcher3/src/com/android/launcher3/ModelCallbacks.kt:87:44 Return type mismatch: expected 'ERROR CLASS: Cannot infer type variable TypeVariable(_L)', actual 'kotlin.Unit'.
e: file:///data/data/com.termux/files/home/Launcher3/src/com/android/launcher3/ModelCallbacks.kt:476:13 Unresolved reference 'Flags'.
e: file:///data/data/com.termux/files/home/Launcher3/src/com/android/launcher3/ModelCallbacks.kt:484:55 Initializer type mismatch: expected 'java.util.concurrent.Executor', actual 'com.android.launcher3.util.LooperExecutor!'.
e: file:///data/data/com.termux/files/home/Launcher3/src/com/android/launcher3/ModelCallbacks.kt:542:52 Argument type mismatch: actual type is 'com.android.launcher3.util.LooperExecutor!', but 'java.util.concurrent.Executor' was expected.
e: file:///data/data/com.termux/files/home/Launcher3/src/com/android/launcher3/ModelCallbacks.kt:607:43 Cannot access class 'SafeCloseable'. Check your module classpath for missing or conflicting dependencies.
e: file:///data/data/com.termux/files/home/Launcher3/src/com/android/launcher3/ModelCallbacks.kt:620:21 Argument type mismatch: actual type is 'com.android.launcher3.util.LooperExecutor!', but 'java.util.concurrent.Executor' was expected.
e: file:///data/data/com.termux/files/home/Launcher3/src/com/android/launcher3/ModelCallbacks.kt:627:21 Argument type mismatch: actual type is 'com.android.launcher3.util.LooperExecutor!', but 'java.util.concurrent.Executor' was expected.
e: file:///data/data/com.termux/files/home/Launcher3/src/com/android/launcher3/ModelCallbacks.kt:632:21 Argument type mismatch: actual type is 'com.android.launcher3.util.LooperExecutor!', but 'java.util.concurrent.Executor' was expected.
e: file:///data/data/com.termux/files/home/Launcher3/src/com/android/launcher3/ModelCallbacks.kt:650:21 Argument type mismatch: actual type is 'com.android.launcher3.util.LooperExecutor!', but 'java.util.concurrent.Executor' was expected.
e: file:///data/data/com.termux/files/home/Launcher3/src/com/android/launcher3/ModelCallbacks.kt:654:21 Argument type mismatch: actual type is 'com.android.launcher3.util.LooperExecutor!', but 'java.util.concurrent.Executor' was expected.
e: file:///data/data/com.termux/files/home/Launcher3/src/com/android/launcher3/ModelCallbacks.kt:659:17 Cannot access class 'SafeCloseable'. Check your module classpath for missing or conflicting dependencies.
e: file:///data/data/com.termux/files/home/Launcher3/src/com/android/launcher3/ModelCallbacks.kt:659:24 Unresolved reference 'close'.
e: file:///data/data/com.termux/files/home/Launcher3/src/com/android/launcher3/RemoveAnimationSettingsTracker.kt:28:30 Unresolved reference 'concurrent'.
e: file:///data/data/com.termux/files/home/Launcher3/src/com/android/launcher3/RemoveAnimationSettingsTracker.kt:29:30 Unresolved reference 'concurrent'.
e: file:///data/data/com.termux/files/home/Launcher3/src/com/android/launcher3/RemoveAnimationSettingsTracker.kt:30:37 Unresolved reference 'ApplicationContext'.
e: file:///data/data/com.termux/files/home/Launcher3/src/com/android/launcher3/RemoveAnimationSettingsTracker.kt:32:37 Unresolved reference 'LauncherAppSingleton'.
e: file:///data/data/com.termux/files/home/Launcher3/src/com/android/launcher3/RemoveAnimationSettingsTracker.kt:41:2 Unresolved reference 'LauncherAppSingleton'.
e: file:///data/data/com.termux/files/home/Launcher3/src/com/android/launcher3/RemoveAnimationSettingsTracker.kt:45:6 Unresolved reference 'ApplicationContext'.
e: file:///data/data/com.termux/files/home/Launcher3/src/com/android/launcher3/RemoveAnimationSettingsTracker.kt:47:6 Unresolved reference 'LightweightBackground'.
e: file:///data/data/com.termux/files/home/Launcher3/src/com/android/launcher3/RemoveAnimationSettingsTracker.kt:47:39 Unresolved reference 'UI'.
e: file:///data/data/com.termux/files/home/Launcher3/src/com/android/launcher3/UndoDeleteController.kt:18:37 Unresolved reference 'ActivityContextSingleton'.
e: file:///data/data/com.termux/files/home/Launcher3/src/com/android/launcher3/UndoDeleteController.kt:34:2 Unresolved reference 'ActivityContextSingleton'.
e: file:///data/data/com.termux/files/home/Launcher3/src/com/android/launcher3/WorkspaceSelectionManager.kt:23:37 Unresolved reference 'ActivityContextSingleton'.
e: file:///data/data/com.termux/files/home/Launcher3/src/com/android/launcher3/WorkspaceSelectionManager.kt:79:2 Unresolved reference 'ActivityContextSingleton'.
e: file:///data/data/com.termux/files/home/Launcher3/src/com/android/launcher3/WorkspaceSelectionManager.kt:90:2 Unresolved reference 'ActivityContextSingleton'.
e: file:///data/data/com.termux/files/home/Launcher3/src/com/android/launcher3/apppairs/AppPairIcon.kt:29:30 Unresolved reference 'Flags'.
e: file:///data/data/com.termux/files/home/Launcher3/src/com/android/launcher3/apppairs/AppPairIcon.kt:294:17 Unresolved reference 'Flags'.
e: file:///data/data/com.termux/files/home/Launcher3/src/com/android/launcher3/apppairs/AppPairIconGraphic.kt:28:36 Unresolved reference 'BitmapInfo'.
e: file:///data/data/com.termux/files/home/Launcher3/src/com/android/launcher3/apppairs/AppPairIconGraphic.kt:51:54 Cannot access class 'FastBitmapDrawable'. Check your module classpath for missing or conflicting dependencies.
e: file:///data/data/com.termux/files/home/Launcher3/src/com/android/launcher3/apppairs/AppPairIconGraphic.kt:51:73 Unresolved reference 'BitmapInfo'.
e: file:///data/data/com.termux/files/home/Launcher3/src/com/android/launcher3/apppairs/AppPairIconGraphic.kt:52:55 Cannot access class 'FastBitmapDrawable'. Check your module classpath for missing or conflicting dependencies.
e: file:///data/data/com.termux/files/home/Launcher3/src/com/android/launcher3/apppairs/AppPairIconGraphic.kt:52:74 Unresolved reference 'BitmapInfo'.
e: file:///data/data/com.termux/files/home/Launcher3/src/com/android/launcher3/apppairs/AppPairIconGraphic.kt:53:13 Cannot access class 'FastBitmapDrawable'. Check your module classpath for missing or conflicting dependencies.
e: file:///data/data/com.termux/files/home/Launcher3/src/com/android/launcher3/apppairs/AppPairIconGraphic.kt:53:22 Unresolved reference 'setBounds'.
e: file:///data/data/com.termux/files/home/Launcher3/src/com/android/launcher3/apppairs/AppPairIconGraphic.kt:54:13 Cannot access class 'FastBitmapDrawable'. Check your module classpath for missing or conflicting dependencies.
e: file:///data/data/com.termux/files/home/Launcher3/src/com/android/launcher3/apppairs/AppPairIconGraphic.kt:54:22 Unresolved reference 'setBounds'.
e: file:///data/data/com.termux/files/home/Launcher3/src/com/android/launcher3/apppairs/AppPairIconGraphic.kt:59:36 Cannot access class 'FastBitmapDrawable'. Check your module classpath for missing or conflicting dependencies.
e: file:///data/data/com.termux/files/home/Launcher3/src/com/android/launcher3/apppairs/AppPairIconGraphic.kt:59:45 Unresolved reference 'isDisabled'.
e: file:///data/data/com.termux/files/home/Launcher3/src/com/android/launcher3/apppairs/AppPairIconGraphic.kt:60:36 Cannot access class 'FastBitmapDrawable'. Check your module classpath for missing or conflicting dependencies.
e: file:///data/data/com.termux/files/home/Launcher3/src/com/android/launcher3/apppairs/AppPairIconGraphic.kt:60:45 Unresolved reference 'isDisabled'.
e: file:///data/data/com.termux/files/home/Launcher3/src/com/android/launcher3/apppairs/AppPairIconGraphic.kt:63:36 Cannot access class 'FastBitmapDrawable'. Check your module classpath for missing or conflicting dependencies.
e: file:///data/data/com.termux/files/home/Launcher3/src/com/android/launcher3/apppairs/AppPairIconGraphic.kt:63:59 Cannot access class 'FastBitmapDrawable'. Check your module classpath for missing or conflicting dependencies.
e: file:///data/data/com.termux/files/home/Launcher3/src/com/android/launcher3/apppairs/AppPairIconGraphic.kt:63:69 Cannot access class 'FastBitmapDrawable'. Check your module classpath for missing or conflicting dependencies.
e: file:///data/data/com.termux/files/home/Launcher3/src/com/android/launcher3/automation/AutomationNoOpRepository.kt:20:37 Unresolved reference 'LauncherAppSingleton'.
e: file:///data/data/com.termux/files/home/Launcher3/src/com/android/launcher3/automation/AutomationNoOpRepository.kt:21:35 Unresolved reference 'ListenableDiffAwareRef'.
e: file:///data/data/com.termux/files/home/Launcher3/src/com/android/launcher3/automation/AutomationNoOpRepository.kt:22:35 Unresolved reference 'MutableDiffAwareRef'.
e: file:///data/data/com.termux/files/home/Launcher3/src/com/android/launcher3/automation/AutomationNoOpRepository.kt:26:2 Unresolved reference 'LauncherAppSingleton'.
e: file:///data/data/com.termux/files/home/Launcher3/src/com/android/launcher3/automation/AutomationNoOpRepository.kt:29:37 Unresolved reference 'ListenableDiffAwareRef'.
e: file:///data/data/com.termux/files/home/Launcher3/src/com/android/launcher3/automation/AutomationNoOpRepository.kt:30:9 Unresolved reference 'MutableDiffAwareRef'.
e: file:///data/data/com.termux/files/home/Launcher3/src/com/android/launcher3/automation/AutomationNoOpRepository.kt:30:68 Cannot infer type for this parameter. Please specify it explicitly.
e: file:///data/data/com.termux/files/home/Launcher3/src/com/android/launcher3/automation/AutomationRepository.kt:22:35 Unresolved reference 'ListenableDiffAwareRef'.
e: file:///data/data/com.termux/files/home/Launcher3/src/com/android/launcher3/automation/AutomationRepository.kt:29:28 Unresolved reference 'ListenableDiffAwareRef'.
e: file:///data/data/com.termux/files/home/Launcher3/src/com/android/launcher3/celllayout/ReorderPreviewAnimation.kt:24:20 Unresolved reference 'app'.
e: file:///data/data/com.termux/files/home/Launcher3/src/com/android/launcher3/celllayout/ReorderPreviewAnimation.kt:154:33 Unresolved reference 'DECELERATE_1_5'.
e: file:///data/data/com.termux/files/home/Launcher3/src/com/android/launcher3/dagger/LauncherActivityContextModule.kt:18:30 Unresolved reference 'Flags'.
e: file:///data/data/com.termux/files/home/Launcher3/src/com/android/launcher3/dagger/LauncherActivityContextModule.kt:30:6 Unresolved reference 'ActivityContextSingleton'.
e: file:///data/data/com.termux/files/home/Launcher3/src/com/android/launcher3/dagger/LauncherActivityContextModule.kt:34:20 Unresolved reference 'Flags'.
e: file:///data/data/com.termux/files/home/Launcher3/src/com/android/launcher3/dagger/LauncherAppModule.kt:18:30 Unresolved reference 'concurrent'.
e: file:///data/data/com.termux/files/home/Launcher3/src/com/android/launcher3/dagger/LauncherAppModule.kt:31:9 Only 'const val' can be used in constant expressions.
e: file:///data/data/com.termux/files/home/Launcher3/src/com/android/launcher3/dagger/LauncherAppModule.kt:36:13 Unresolved reference 'ExecutorsModule'.
e: file:///data/data/com.termux/files/home/Launcher3/src/com/android/launcher3/dagger/LauncherAppModule.kt:36:13 Annotation argument must be a compile-time constant.
e: file:///data/data/com.termux/files/home/Launcher3/src/com/android/launcher3/dagger/LauncherComponentProvider.kt:34:52 Cannot access 'AppFunctionConfiguration.Provider' which is a supertype of 'com.android.launcher3.LauncherApplication'. Check your module classpath for missing or conflicting dependencies.
e: file:///data/data/com.termux/files/home/Launcher3/src/com/android/launcher3/dagger/LauncherComponentProvider.kt:42:17 Unresolved reference 'DaggerLauncherAppComponent'.
e: file:///data/data/com.termux/files/home/Launcher3/src/com/android/launcher3/dagger/LauncherModelModule.kt:23:37 Unresolved reference 'LauncherAppSingleton'.
e: file:///data/data/com.termux/files/home/Launcher3/src/com/android/launcher3/dagger/LauncherModelModule.kt:56:6 Unresolved reference 'LauncherAppSingleton'.
e: file:///data/data/com.termux/files/home/Launcher3/src/com/android/launcher3/dagger/LauncherModelModule.kt:69:24 Cannot access 'PluginListener' which is a supertype of 'com.android.launcher3.widget.custom.CustomWidgetManager'. Check your module classpath for missing or conflicting dependencies.
e: file:///data/data/com.termux/files/home/Launcher3/src/com/android/launcher3/dagger/LauncherModelModule.kt:88:16 Cannot access 'PluginListener' which is a supertype of 'com.android.launcher3.widget.custom.CustomWidgetManager'. Check your module classpath for missing or conflicting dependencies.
e: file:///data/data/com.termux/files/home/Launcher3/src/com/android/launcher3/dagger/WorkspaceFunctionsLauncherModule.kt:20:30 Unresolved reference 'appfunctions'.
e: file:///data/data/com.termux/files/home/Launcher3/src/com/android/launcher3/dagger/WorkspaceFunctionsLauncherModule.kt:30:6 Unresolved reference 'LauncherAppSingleton'.
e: file:///data/data/com.termux/files/home/Launcher3/src/com/android/launcher3/dagger/WorkspaceFunctionsLauncherModule.kt:33:8 Unresolved reference 'WorkspaceAppFunctions'.
e: file:///data/data/com.termux/files/home/Launcher3/src/com/android/launcher3/dagger/WorkspaceFunctionsLauncherModule.kt:35:16 Unresolved reference 'WorkspaceAppFunctions'.
e: file:///data/data/com.termux/files/home/Launcher3/src/com/android/launcher3/deviceprofile/AllAppsProfile.kt:34:38 Unresolved reference 'shared'.
e: file:///data/data/com.termux/files/home/Launcher3/src/com/android/launcher3/deviceprofile/AllAppsProfile.kt:35:38 Unresolved reference 'shared'.
e: file:///data/data/com.termux/files/home/Launcher3/src/com/android/launcher3/deviceprofile/AllAppsProfile.kt:74:17 Unresolved reference 'pxFromDp'.
e: file:///data/data/com.termux/files/home/Launcher3/src/com/android/launcher3/deviceprofile/AllAppsProfile.kt:75:17 Unresolved reference 'pxFromDp'.
e: file:///data/data/com.termux/files/home/Launcher3/src/com/android/launcher3/deviceprofile/AllAppsProfile.kt:92:18 Unresolved reference 'pxFromDp'.
e: file:///data/data/com.termux/files/home/Launcher3/src/com/android/launcher3/deviceprofile/AllAppsProfile.kt:93:37 Unresolved reference 'pxFromDp'.
e: file:///data/data/com.termux/files/home/Launcher3/src/com/android/launcher3/deviceprofile/AllAppsProfile.kt:104:17 Unresolved reference 'pxFromDp'.
e: file:///data/data/com.termux/files/home/Launcher3/src/com/android/launcher3/deviceprofile/AllAppsProfile.kt:111:62 None of the following candidates is applicable:
fun BigDecimal.times(other: BigDecimal): BigDecimal
fun BigInteger.times(other: BigInteger): BigInteger
e: file:///data/data/com.termux/files/home/Launcher3/src/com/android/launcher3/deviceprofile/AllAppsProfile.kt:119:69 Overload resolution ambiguity between candidates:
fun String?.plus(other: Any?): String
fun <T> Array<T>.plus(element: T): Array<T>
fun IntArray.plus(element: Int): IntArray
fun <T> Collection<T>.plus(element: T): List<T>
fun <T> Iterable<T>.plus(element: T): List<T>
fun <T> Set<T>.plus(element: T): Set<T>
fun <T> Sequence<T>.plus(element: T): Sequence<T>
e: file:///data/data/com.termux/files/home/Launcher3/src/com/android/launcher3/deviceprofile/AllAppsProfile.kt:120:66 None of the following candidates is applicable:
fun BigDecimal.div(other: BigDecimal): BigDecimal
fun BigInteger.div(other: BigInteger): BigInteger
e: file:///data/data/com.termux/files/home/Launcher3/src/com/android/launcher3/deviceprofile/AllAppsProfile.kt:129:74 Overload resolution ambiguity between candidates:
fun String?.plus(other: Any?): String
fun <T> Array<T>.plus(element: T): Array<T>
fun IntArray.plus(element: Int): IntArray
fun <T> Collection<T>.plus(element: T): List<T>
fun <T> Iterable<T>.plus(element: T): List<T>
fun <T> Set<T>.plus(element: T): Set<T>
fun <T> Sequence<T>.plus(element: T): Sequence<T>
e: file:///data/data/com.termux/files/home/Launcher3/src/com/android/launcher3/deviceprofile/AllAppsProfile.kt:131:37 'operator' modifier is required on 'FirNamedFunctionSymbol kotlin/compareTo' in 'compareTo'.
e: file:///data/data/com.termux/files/home/Launcher3/src/com/android/launcher3/deviceprofile/AllAppsProfile.kt:183:45 Unresolved reference 'ResourceUtils'.
e: file:///data/data/com.termux/files/home/Launcher3/src/com/android/launcher3/deviceprofile/AllAppsProfile.kt:222:44 Unresolved reference 'pxFromDp'.
e: file:///data/data/com.termux/files/home/Launcher3/src/com/android/launcher3/deviceprofile/AllAppsProfile.kt:243:22 Unresolved reference 'pxFromDp'.
e: file:///data/data/com.termux/files/home/Launcher3/src/com/android/launcher3/deviceprofile/BottomSheetProfile.kt:20:20 Unresolved reference 'app'.
e: file:///data/data/com.termux/files/home/Launcher3/src/com/android/launcher3/deviceprofile/BottomSheetProfile.kt:68:29 Unresolved reference 'LINEAR'.
e: file:///data/data/com.termux/files/home/Launcher3/src/com/android/launcher3/deviceprofile/DeviceProperties.kt:22:20 Unresolved reference 'wm'.
e: file:///data/data/com.termux/files/home/Launcher3/src/com/android/launcher3/deviceprofile/DeviceProperties.kt:74:17 Unresolved reference 'Flags'.
e: file:///data/data/com.termux/files/home/Launcher3/src/com/android/launcher3/deviceprofile/DeviceProperties.kt:75:22 Unresolved reference 'Flags'.
e: file:///data/data/com.termux/files/home/Launcher3/src/com/android/launcher3/deviceprofile/DeviceProperties.kt:75:49 Unresolved reference 'Flags'.
e: file:///data/data/com.termux/files/home/Launcher3/src/com/android/launcher3/deviceprofile/FolderProfile.kt:29:36 Unresolved reference 'IconNormalizer'.
e: file:///data/data/com.termux/files/home/Launcher3/src/com/android/launcher3/deviceprofile/FolderProfile.kt:32:38 Unresolved reference 'shared'.
e: file:///data/data/com.termux/files/home/Launcher3/src/com/android/launcher3/deviceprofile/FolderProfile.kt:33:38 Unresolved reference 'shared'.
e: file:///data/data/com.termux/files/home/Launcher3/src/com/android/launcher3/deviceprofile/FolderProfile.kt:34:38 Unresolved reference 'shared'.
e: file:///data/data/com.termux/files/home/Launcher3/src/com/android/launcher3/deviceprofile/FolderProfile.kt:97:58 Unresolved reference 'IconNormalizer'.
e: file:///data/data/com.termux/files/home/Launcher3/src/com/android/launcher3/deviceprofile/FolderProfile.kt:115:36 Argument type mismatch: actual type is 'kotlin.Long', but 'kotlin.Int' was expected.
e: file:///data/data/com.termux/files/home/Launcher3/src/com/android/launcher3/deviceprofile/FolderProfile.kt:116:39 Argument type mismatch: actual type is 'kotlin.Long', but 'kotlin.Int' was expected.
e: file:///data/data/com.termux/files/home/Launcher3/src/com/android/launcher3/deviceprofile/FolderProfile.kt:156:40 Unresolved reference 'INVALID_RESOURCE_HANDLE'.
e: file:///data/data/com.termux/files/home/Launcher3/src/com/android/launcher3/deviceprofile/FolderProfile.kt:193:48 Unresolved reference 'pxFromDp'.
e: file:///data/data/com.termux/files/home/Launcher3/src/com/android/launcher3/deviceprofile/FolderProfile.kt:200:40 Unresolved reference 'INVALID_RESOURCE_HANDLE'.
e: file:///data/data/com.termux/files/home/Launcher3/src/com/android/launcher3/deviceprofile/FolderProfile.kt:201:21 Unresolved reference 'roundPxValueFromFloat'.
e: file:///data/data/com.termux/files/home/Launcher3/src/com/android/launcher3/deviceprofile/FolderProfile.kt:202:22 Unresolved reference 'roundPxValueFromFloat'.
e: file:///data/data/com.termux/files/home/Launcher3/src/com/android/launcher3/deviceprofile/FolderProfile.kt:205:40 Unresolved reference 'INVALID_RESOURCE_HANDLE'.
e: file:///data/data/com.termux/files/home/Launcher3/src/com/android/launcher3/deviceprofile/FolderProfile.kt:206:21 Unresolved reference 'roundPxValueFromFloat'.
e: file:///data/data/com.termux/files/home/Launcher3/src/com/android/launcher3/deviceprofile/FolderProfile.kt:207:22 Unresolved reference 'roundPxValueFromFloat'.
e: file:///data/data/com.termux/files/home/Launcher3/src/com/android/launcher3/deviceprofile/FolderProfile.kt:226:21 Unresolved reference 'roundPxValueFromFloat'.
e: file:///data/data/com.termux/files/home/Launcher3/src/com/android/launcher3/deviceprofile/FolderProfile.kt:227:21 Unresolved reference 'roundPxValueFromFloat'.
e: file:///data/data/com.termux/files/home/Launcher3/src/com/android/launcher3/deviceprofile/FolderProfile.kt:236:58 Unresolved reference 'IconNormalizer'.
e: file:///data/data/com.termux/files/home/Launcher3/src/com/android/launcher3/deviceprofile/FolderProfile.kt:245:37 Unresolved reference 'roundPxValueFromFloat'.
e: file:///data/data/com.termux/files/home/Launcher3/src/com/android/launcher3/deviceprofile/FolderProfile.kt:246:34 Unresolved reference 'roundPxValueFromFloat'.
e: file:///data/data/com.termux/files/home/Launcher3/src/com/android/launcher3/deviceprofile/FolderProfile.kt:252:36 Argument type mismatch: actual type is 'kotlin.Long', but 'kotlin.Int' was expected.
e: file:///data/data/com.termux/files/home/Launcher3/src/com/android/launcher3/deviceprofile/FolderProfile.kt:253:39 Argument type mismatch: actual type is 'kotlin.Long', but 'kotlin.Int' was expected.
e: file:///data/data/com.termux/files/home/Launcher3/src/com/android/launcher3/deviceprofile/FolderProfile.kt:269:48 Unresolved reference 'pxFromDp'.
e: file:///data/data/com.termux/files/home/Launcher3/src/com/android/launcher3/deviceprofile/FolderProfile.kt:278:58 Unresolved reference 'IconNormalizer'.
e: file:///data/data/com.termux/files/home/Launcher3/src/com/android/launcher3/deviceprofile/FolderProfile.kt:295:21 Unresolved reference 'roundPxValueFromFloat'.
e: file:///data/data/com.termux/files/home/Launcher3/src/com/android/launcher3/deviceprofile/FolderProfile.kt:299:21 Unresolved reference 'roundPxValueFromFloat'.
e: file:///data/data/com.termux/files/home/Launcher3/src/com/android/launcher3/deviceprofile/FolderProfile.kt:307:36 Argument type mismatch: actual type is 'kotlin.Long', but 'kotlin.Int' was expected.
e: file:///data/data/com.termux/files/home/Launcher3/src/com/android/launcher3/deviceprofile/FolderProfile.kt:308:39 Argument type mismatch: actual type is 'kotlin.Long', but 'kotlin.Int' was expected.
e: file:///data/data/com.termux/files/home/Launcher3/src/com/android/launcher3/deviceprofile/HotseatProfileInitialValues.kt:29:38 Unresolved reference 'shared'.
e: file:///data/data/com.termux/files/home/Launcher3/src/com/android/launcher3/deviceprofile/HotseatProfileInitialValues.kt:292:35 Unresolved reference 'pxFromDp'.
e: file:///data/data/com.termux/files/home/Launcher3/src/com/android/launcher3/deviceprofile/HotseatProfileInitialValues.kt:293:41 Unresolved reference 'pxFromDp'.
e: file:///data/data/com.termux/files/home/Launcher3/src/com/android/launcher3/deviceprofile/HotseatProfileInitialValues.kt:320:35 Unresolved reference 'pxFromDp'.
e: file:///data/data/com.termux/files/home/Launcher3/src/com/android/launcher3/deviceprofile/HotseatProfileInitialValues.kt:347:45 Unresolved reference 'pxFromDp'.
e: file:///data/data/com.termux/files/home/Launcher3/src/com/android/launcher3/deviceprofile/OverviewProfile.kt:20:30 Unresolved reference 'Flags'.
e: file:///data/data/com.termux/files/home/Launcher3/src/com/android/launcher3/deviceprofile/OverviewProfile.kt:49:25 Unresolved reference 'Flags'.
e: file:///data/data/com.termux/files/home/Launcher3/src/com/android/launcher3/deviceprofile/TaskbarProfile.kt:22:36 Unresolved reference 'IconNormalizer'.
e: file:///data/data/com.termux/files/home/Launcher3/src/com/android/launcher3/deviceprofile/TaskbarProfile.kt:59:49 Unresolved reference 'ICON_VISIBLE_AREA_FACTOR'.
e: file:///data/data/com.termux/files/home/Launcher3/src/com/android/launcher3/deviceprofile/TaskbarProfile.kt:59:75 Overload resolution ambiguity between candidates:
fun String?.plus(other: Any?): String
fun <T> Array<T>.plus(element: T): Array<T>
fun IntArray.plus(element: Int): IntArray
fun <T> Collection<T>.plus(element: T): List<T>
fun <T> Iterable<T>.plus(element: T): List<T>
fun <T> Set<T>.plus(element: T): Set<T>
fun <T> Sequence<T>.plus(element: T): Sequence<T>
e: file:///data/data/com.termux/files/home/Launcher3/src/com/android/launcher3/deviceprofile/TaskbarProfile.kt:73:56 Argument type mismatch: actual type is 'kotlin.Long', but 'kotlin.Int' was expected.
e: file:///data/data/com.termux/files/home/Launcher3/src/com/android/launcher3/deviceprofile/TaskbarProfile.kt:80:34 Argument type mismatch: actual type is 'kotlin.Long', but 'kotlin.Int' was expected.
e: file:///data/data/com.termux/files/home/Launcher3/src/com/android/launcher3/deviceprofile/TaskbarProfile.kt:85:56 Argument type mismatch: actual type is 'kotlin.Long', but 'kotlin.Int' was expected.
e: file:///data/data/com.termux/files/home/Launcher3/src/com/android/launcher3/deviceprofile/TaskbarProfile.kt:98:56 Argument type mismatch: actual type is 'kotlin.Long', but 'kotlin.Int' was expected.
e: file:///data/data/com.termux/files/home/Launcher3/src/com/android/launcher3/deviceprofile/WorkspaceProfile.kt:33:38 Unresolved reference 'shared'.
e: file:///data/data/com.termux/files/home/Launcher3/src/com/android/launcher3/deviceprofile/WorkspaceProfile.kt:119:36 Unresolved reference 'ResourceUtils'.
e: file:///data/data/com.termux/files/home/Launcher3/src/com/android/launcher3/deviceprofile/WorkspaceProfile.kt:416:50 Unresolved reference 'systemui'.
e: file:///data/data/com.termux/files/home/Launcher3/src/com/android/launcher3/deviceprofile/WorkspaceProfile.kt:501:37 Unresolved reference 'ResourceUtils'.
e: file:///data/data/com.termux/files/home/Launcher3/src/com/android/launcher3/deviceprofile/WorkspaceProfileNonResponsiveFactory.kt:34:38 Unresolved reference 'shared'.
e: file:///data/data/com.termux/files/home/Launcher3/src/com/android/launcher3/deviceprofile/WorkspaceProfileNonResponsiveFactory.kt:35:38 Unresolved reference 'shared'.
e: file:///data/data/com.termux/files/home/Launcher3/src/com/android/launcher3/deviceprofile/WorkspaceProfileNonResponsiveFactory.kt:331:17 Unresolved reference 'pxFromDp'.
e: file:///data/data/com.termux/files/home/Launcher3/src/com/android/launcher3/deviceprofile/WorkspaceProfileNonResponsiveFactory.kt:332:17 Unresolved reference 'pxFromDp'.
e: file:///data/data/com.termux/files/home/Launcher3/src/com/android/launcher3/deviceprofile/WorkspaceProfileNonResponsiveFactory.kt:338:25 Unresolved reference 'pxFromDp'.
e: file:///data/data/com.termux/files/home/Launcher3/src/com/android/launcher3/deviceprofile/WorkspaceProfileNonResponsiveFactory.kt:346:27 Unresolved reference 'pxFromDp'.
e: file:///data/data/com.termux/files/home/Launcher3/src/com/android/launcher3/deviceprofile/WorkspaceProfileNonResponsiveFactory.kt:347:28 Unresolved reference 'pxFromDp'.
e: file:///data/data/com.termux/files/home/Launcher3/src/com/android/launcher3/deviceprofile/WorkspaceProfileNonResponsiveFactory.kt:353:70 None of the following candidates is applicable:
fun BigDecimal.times(other: BigDecimal): BigDecimal
fun BigInteger.times(other: BigInteger): BigInteger
e: file:///data/data/com.termux/files/home/Launcher3/src/com/android/launcher3/deviceprofile/WorkspaceProfileNonResponsiveFactory.kt:361:47 Overload resolution ambiguity between candidates:
fun String?.plus(other: Any?): String
fun <T> Array<T>.plus(element: T): Array<T>
fun IntArray.plus(element: Int): IntArray
fun <T> Collection<T>.plus(element: T): List<T>
fun <T> Iterable<T>.plus(element: T): List<T>
fun <T> Set<T>.plus(element: T): Set<T>
fun <T> Sequence<T>.plus(element: T): Sequence<T>
e: file:///data/data/com.termux/files/home/Launcher3/src/com/android/launcher3/deviceprofile/WorkspaceProfileNonResponsiveFactory.kt:361:89 None of the following candidates is applicable:
fun BigDecimal.div(other: BigDecimal): BigDecimal
fun BigInteger.div(other: BigInteger): BigInteger
e: file:///data/data/com.termux/files/home/Launcher3/src/com/android/launcher3/deviceprofile/WorkspaceProfileNonResponsiveFactory.kt:374:79 None of the following candidates is applicable:
fun BigDecimal.times(other: BigDecimal): BigDecimal
fun BigInteger.times(other: BigInteger): BigInteger
e: file:///data/data/com.termux/files/home/Launcher3/src/com/android/launcher3/deviceprofile/WorkspaceProfileNonResponsiveFactory.kt:381:49 Overload resolution ambiguity between candidates:
fun String?.plus(other: Any?): String
fun <T> Array<T>.plus(element: T): Array<T>
fun IntArray.plus(element: Int): IntArray
fun <T> Collection<T>.plus(element: T): List<T>
fun <T> Iterable<T>.plus(element: T): List<T>
fun <T> Set<T>.plus(element: T): Set<T>
fun <T> Sequence<T>.plus(element: T): Sequence<T>
e: file:///data/data/com.termux/files/home/Launcher3/src/com/android/launcher3/deviceprofile/WorkspaceProfileNonResponsiveFactory.kt:381:91 None of the following candidates is applicable:
fun BigDecimal.div(other: BigDecimal): BigDecimal
fun BigInteger.div(other: BigInteger): BigInteger
e: file:///data/data/com.termux/files/home/Launcher3/src/com/android/launcher3/deviceprofile/WorkspaceProfileNonResponsiveFactory.kt:490:47 Overload resolution ambiguity between candidates:
fun String?.plus(other: Any?): String
fun <T> Array<T>.plus(element: T): Array<T>
fun IntArray.plus(element: Int): IntArray
fun <T> Collection<T>.plus(element: T): List<T>
fun <T> Iterable<T>.plus(element: T): List<T>
fun <T> Set<T>.plus(element: T): Set<T>
fun <T> Sequence<T>.plus(element: T): Sequence<T>
e: file:///data/data/com.termux/files/home/Launcher3/src/com/android/launcher3/deviceprofile/WorkspaceProfileNonResponsiveFactory.kt:491:69 Overload resolution ambiguity between candidates:
fun String?.plus(other: Any?): String
fun <T> Array<T>.plus(element: T): Array<T>
fun IntArray.plus(element: Int): IntArray
fun <T> Collection<T>.plus(element: T): List<T>
fun <T> Iterable<T>.plus(element: T): List<T>
fun <T> Set<T>.plus(element: T): Set<T>
fun <T> Sequence<T>.plus(element: T): Sequence<T>
e: file:///data/data/com.termux/files/home/Launcher3/src/com/android/launcher3/deviceprofile/WorkspaceProfileNonResponsiveFactory.kt:492:45 Overload resolution ambiguity between candidates:
fun String?.plus(other: Any?): String
fun <T> Array<T>.plus(element: T): Array<T>
fun IntArray.plus(element: Int): IntArray
fun <T> Collection<T>.plus(element: T): List<T>
fun <T> Iterable<T>.plus(element: T): List<T>
fun <T> Set<T>.plus(element: T): Set<T>
fun <T> Sequence<T>.plus(element: T): Sequence<T>
e: file:///data/data/com.termux/files/home/Launcher3/src/com/android/launcher3/deviceprofile/WorkspaceProfileNonResponsiveFactory.kt:495:45 Overload resolution ambiguity between candidates:
fun String?.plus(other: Any?): String
fun <T> Array<T>.plus(element: T): Array<T>
fun IntArray.plus(element: Int): IntArray
fun <T> Collection<T>.plus(element: T): List<T>
fun <T> Iterable<T>.plus(element: T): List<T>
fun <T> Set<T>.plus(element: T): Set<T>
fun <T> Sequence<T>.plus(element: T): Sequence<T>
e: file:///data/data/com.termux/files/home/Launcher3/src/com/android/launcher3/deviceprofile/WorkspaceProfileNonResponsiveFactory.kt:496:68 Overload resolution ambiguity between candidates:
fun String?.plus(other: Any?): String
fun <T> Array<T>.plus(element: T): Array<T>
fun IntArray.plus(element: Int): IntArray
fun <T> Collection<T>.plus(element: T): List<T>
fun <T> Iterable<T>.plus(element: T): List<T>
fun <T> Set<T>.plus(element: T): Set<T>
fun <T> Sequence<T>.plus(element: T): Sequence<T>
e: file:///data/data/com.termux/files/home/Launcher3/src/com/android/launcher3/deviceprofile/WorkspaceProfileNonResponsiveFactory.kt:497:46 Overload resolution ambiguity between candidates:
fun String?.plus(other: Any?): String
fun <T> Array<T>.plus(element: T): Array<T>
fun IntArray.plus(element: Int): IntArray
fun <T> Collection<T>.plus(element: T): List<T>
fun <T> Iterable<T>.plus(element: T): List<T>
fun <T> Set<T>.plus(element: T): Set<T>
fun <T> Sequence<T>.plus(element: T): Sequence<T>
e: file:///data/data/com.termux/files/home/Launcher3/src/com/android/launcher3/deviceprofile/WorkspaceProfileNonResponsiveFactory.kt:530:34 Unresolved reference 'INVALID_RESOURCE_HANDLE'.
e: file:///data/data/com.termux/files/home/Launcher3/src/com/android/launcher3/deviceprofile/parser/GridOption.kt:24:30 Unresolved reference 'Flags'.
e: file:///data/data/com.termux/files/home/Launcher3/src/com/android/launcher3/deviceprofile/parser/GridOption.kt:32:38 Unresolved reference 'shared'.
e: file:///data/data/com.termux/files/home/Launcher3/src/com/android/launcher3/deviceprofile/parser/GridOption.kt:135:74 Unresolved reference 'INVALID_RESOURCE_HANDLE'.
e: file:///data/data/com.termux/files/home/Launcher3/src/com/android/launcher3/deviceprofile/parser/GridOption.kt:157:13 Unresolved reference 'INVALID_RESOURCE_HANDLE'.
e: file:///data/data/com.termux/files/home/Launcher3/src/com/android/launcher3/deviceprofile/parser/GridOption.kt:167:76 Unresolved reference 'INVALID_RESOURCE_HANDLE'.
e: file:///data/data/com.termux/files/home/Launcher3/src/com/android/launcher3/deviceprofile/parser/GridOption.kt:235:17 Unresolved reference 'Flags'.
e: file:///data/data/com.termux/files/home/Launcher3/src/com/android/launcher3/deviceprofile/parser/GridOption.kt:244:20 Unresolved reference 'Flags'.
e: file:///data/data/com.termux/files/home/Launcher3/src/com/android/launcher3/deviceprofile/parser/GridOption.kt:309:18 Unresolved reference 'Flags'.
e: file:///data/data/com.termux/files/home/Launcher3/src/com/android/launcher3/deviceprofile/parser/GridOption.kt:312:26 Unresolved reference 'INVALID_RESOURCE_HANDLE'.
e: file:///data/data/com.termux/files/home/Launcher3/src/com/android/launcher3/deviceprofile/parser/GridOption.kt:350:25 Unresolved reference 'INVALID_RESOURCE_HANDLE'.
e: file:///data/data/com.termux/files/home/Launcher3/src/com/android/launcher3/deviceprofile/parser/GridOption.kt:368:36 Unresolved reference 'INVALID_RESOURCE_HANDLE'.
e: file:///data/data/com.termux/files/home/Launcher3/src/com/android/launcher3/deviceprofile/parser/GridOption.kt:418:47 Unresolved reference 'Flags'.
e: file:///data/data/com.termux/files/home/Launcher3/src/com/android/launcher3/deviceprofile/parser/GridOption.kt:423:34 Unresolved reference 'INVALID_RESOURCE_HANDLE'.
e: file:///data/data/com.termux/files/home/Launcher3/src/com/android/launcher3/display/DisplayController.kt:23:35 Unresolved reference 'ListenableDiffAwareRef'.
e: file:///data/data/com.termux/files/home/Launcher3/src/com/android/launcher3/display/DisplayController.kt:31:21 Unresolved reference 'ListenableDiffAwareRef'.
e: file:///data/data/com.termux/files/home/Launcher3/src/com/android/launcher3/display/DisplayController.kt:39:40 Unresolved reference 'ListenableDiffAwareRef'.
e: file:///data/data/com.termux/files/home/Launcher3/src/com/android/launcher3/display/DisplayControllerImpl.kt:27:30 Unresolved reference 'Flags'.
e: file:///data/data/com.termux/files/home/Launcher3/src/com/android/launcher3/display/DisplayControllerImpl.kt:28:37 Unresolved reference 'ApplicationContext'.
e: file:///data/data/com.termux/files/home/Launcher3/src/com/android/launcher3/display/DisplayControllerImpl.kt:29:37 Unresolved reference 'LauncherAppSingleton'.
e: file:///data/data/com.termux/files/home/Launcher3/src/com/android/launcher3/display/DisplayControllerImpl.kt:38:2 Unresolved reference 'LauncherAppSingleton'.
e: file:///data/data/com.termux/files/home/Launcher3/src/com/android/launcher3/display/DisplayControllerImpl.kt:42:6 Unresolved reference 'ApplicationContext'.
e: file:///data/data/com.termux/files/home/Launcher3/src/com/android/launcher3/display/DisplayControllerImpl.kt:69:17 Unresolved reference 'Flags'.
e: file:///data/data/com.termux/files/home/Launcher3/src/com/android/launcher3/display/DisplayControllerImpl.kt:79:20 Unresolved reference 'Flags'.
e: file:///data/data/com.termux/files/home/Launcher3/src/com/android/launcher3/display/DisplayControllerImpl.kt:104:13 Unresolved reference 'Flags'.
e: file:///data/data/com.termux/files/home/Launcher3/src/com/android/launcher3/display/DisplayControllerImpl.kt:114:13 Unresolved reference 'Flags'.
e: file:///data/data/com.termux/files/home/Launcher3/src/com/android/launcher3/display/DisplayControllerImpl.kt:124:13 Unresolved reference 'Flags'.
e: file:///data/data/com.termux/files/home/Launcher3/src/com/android/launcher3/display/DisplayInfoContainer.kt:23:30 Unresolved reference 'Flags'.
e: file:///data/data/com.termux/files/home/Launcher3/src/com/android/launcher3/display/DisplayInfoContainer.kt:25:35 Unresolved reference 'MutableDiffAwareRef'.
e: file:///data/data/com.termux/files/home/Launcher3/src/com/android/launcher3/display/DisplayInfoContainer.kt:38:9 Unresolved reference 'Flags'.
e: file:///data/data/com.termux/files/home/Launcher3/src/com/android/launcher3/display/DisplayInfoContainer.kt:41:24 Unresolved reference 'MutableDiffAwareRef'.
e: file:///data/data/com.termux/files/home/Launcher3/src/com/android/launcher3/display/DisplayInfoContainer.kt:42:9 Unresolved reference 'MutableDiffAwareRef'.
e: file:///data/data/com.termux/files/home/Launcher3/src/com/android/launcher3/display/DisplayInfoContainer.kt:43:22 Unresolved reference 'asListenable'.
e: file:///data/data/com.termux/files/home/Launcher3/src/com/android/launcher3/display/DisplayInfoContainer.kt:50:47 Unresolved reference 'value'.
e: file:///data/data/com.termux/files/home/Launcher3/src/com/android/launcher3/display/DisplayInfoContainer.kt:55:38 Only safe (?.) or non-null asserted (!!.) calls are allowed on a nullable receiver of type 'android.view.Display?'.
e: file:///data/data/com.termux/files/home/Launcher3/src/com/android/launcher3/display/DisplayInfoContainer.kt:65:29 Unresolved reference 'value'.
e: file:///data/data/com.termux/files/home/Launcher3/src/com/android/launcher3/display/DisplayInfoContainer.kt:77:31 Unresolved reference 'dispatchValue'.
e: file:///data/data/com.termux/files/home/Launcher3/src/com/android/launcher3/display/LauncherDisplayInfo.kt:28:30 Unresolved reference 'Flags'.
e: file:///data/data/com.termux/files/home/Launcher3/src/com/android/launcher3/display/LauncherDisplayInfo.kt:52:9 Unresolved reference 'Flags'.
e: file:///data/data/com.termux/files/home/Launcher3/src/com/android/launcher3/display/LauncherDisplayInfo.kt:148:28 Only safe (?.) or non-null asserted (!!.) calls are allowed on a nullable receiver of type 'android.view.Display?'.
e: file:///data/data/com.termux/files/home/Launcher3/src/com/android/launcher3/display/OverlayChangeHandler.kt:21:30 Unresolved reference 'concurrent'.
e: file:///data/data/com.termux/files/home/Launcher3/src/com/android/launcher3/display/OverlayChangeHandler.kt:22:37 Unresolved reference 'ApplicationContext'.
e: file:///data/data/com.termux/files/home/Launcher3/src/com/android/launcher3/display/OverlayChangeHandler.kt:23:37 Unresolved reference 'LauncherAppSingleton'.
e: file:///data/data/com.termux/files/home/Launcher3/src/com/android/launcher3/display/OverlayChangeHandler.kt:26:35 Unresolved reference 'SafeCloseable'.
e: file:///data/data/com.termux/files/home/Launcher3/src/com/android/launcher3/display/OverlayChangeHandler.kt:32:2 Unresolved reference 'LauncherAppSingleton'.
e: file:///data/data/com.termux/files/home/Launcher3/src/com/android/launcher3/display/OverlayChangeHandler.kt:36:6 Unresolved reference 'ApplicationContext'.
e: file:///data/data/com.termux/files/home/Launcher3/src/com/android/launcher3/display/OverlayChangeHandler.kt:37:6 Unresolved reference 'Ui'.
e: file:///data/data/com.termux/files/home/Launcher3/src/com/android/launcher3/display/OverlayChangeHandler.kt:53:14 Cannot infer type for this parameter. Please specify it explicitly.
e: file:///data/data/com.termux/files/home/Launcher3/src/com/android/launcher3/display/OverlayChangeHandler.kt:53:18 Cannot infer type for this parameter. Please specify it explicitly.
e: file:///data/data/com.termux/files/home/Launcher3/src/com/android/launcher3/display/OverlayChangeHandler.kt:65:42 Unresolved reference 'SafeCloseable'.
e: file:///data/data/com.termux/files/home/Launcher3/src/com/android/launcher3/display/OverlayChangeHandler.kt:67:16 Unresolved reference 'SafeCloseable'.
e: file:///data/data/com.termux/files/home/Launcher3/src/com/android/launcher3/dragndrop/AddItemActivity.kt:160:43 Cannot access 'CachedObject' which is a supertype of 'com.android.launcher3.widget.LauncherAppWidgetProviderInfo'. Check your module classpath for missing or conflicting dependencies.
e: file:///data/data/com.termux/files/home/Launcher3/src/com/android/launcher3/dragndrop/AddItemActivity.kt:164:24 Cannot access 'CachedObject' which is a supertype of 'com.android.launcher3.widget.LauncherAppWidgetProviderInfo'. Check your module classpath for missing or conflicting dependencies.
e: file:///data/data/com.termux/files/home/Launcher3/src/com/android/launcher3/dragndrop/AddItemActivity.kt:164:64 Cannot access 'CachedObject' which is a supertype of 'com.android.launcher3.widget.LauncherAppWidgetProviderInfo'. Check your module classpath for missing or conflicting dependencies.
e: file:///data/data/com.termux/files/home/Launcher3/src/com/android/launcher3/dragndrop/AddItemActivity.kt:171:71 Cannot access 'CachedObject' which is a supertype of 'com.android.launcher3.widget.LauncherAppWidgetProviderInfo'. Check your module classpath for missing or conflicting dependencies.
e: file:///data/data/com.termux/files/home/Launcher3/src/com/android/launcher3/dragndrop/AddItemActivity.kt:172:68 Cannot access 'CachedObject' which is a supertype of 'com.android.launcher3.widget.LauncherAppWidgetProviderInfo'. Check your module classpath for missing or conflicting dependencies.
e: file:///data/data/com.termux/files/home/Launcher3/src/com/android/launcher3/dragndrop/AddItemActivity.kt:175:65 Cannot access 'CachedObject' which is a supertype of 'com.android.launcher3.widget.LauncherAppWidgetProviderInfo'. Check your module classpath for missing or conflicting dependencies.
e: file:///data/data/com.termux/files/home/Launcher3/src/com/android/launcher3/dragndrop/AddItemActivity.kt:175:87 Cannot access 'CachedObject' which is a supertype of 'com.android.launcher3.widget.LauncherAppWidgetProviderInfo'. Check your module classpath for missing or conflicting dependencies.
e: file:///data/data/com.termux/files/home/Launcher3/src/com/android/launcher3/dragndrop/SystemDragListener.kt:33:36 Unresolved reference 'BitmapInfo'.
e: file:///data/data/com.termux/files/home/Launcher3/src/com/android/launcher3/dragndrop/SystemDragListener.kt:223:34 Unresolved reference 'BitmapInfo'.
e: file:///data/data/com.termux/files/home/Launcher3/src/com/android/launcher3/folder/FolderNameSuggestionLoader.kt:22:37 Unresolved reference 'ApplicationContext'.
e: file:///data/data/com.termux/files/home/Launcher3/src/com/android/launcher3/folder/FolderNameSuggestionLoader.kt:31:6 Unresolved reference 'ApplicationContext'.
e: file:///data/data/com.termux/files/home/Launcher3/src/com/android/launcher3/graphics/AutomatedIconDelegate.kt:31:32 Unresolved reference 'Animator'.
e: file:///data/data/com.termux/files/home/Launcher3/src/com/android/launcher3/graphics/AutomatedIconDelegate.kt:32:32 Unresolved reference 'AnimatorListenerAdapter'.
e: file:///data/data/com.termux/files/home/Launcher3/src/com/android/launcher3/graphics/AutomatedIconDelegate.kt:33:32 Unresolved reference 'ValueAnimator'.
e: file:///data/data/com.termux/files/home/Launcher3/src/com/android/launcher3/graphics/AutomatedIconDelegate.kt:39:20 Unresolved reference 'app'.
e: file:///data/data/com.termux/files/home/Launcher3/src/com/android/launcher3/graphics/AutomatedIconDelegate.kt:40:30 Unresolved reference 'Flags'.
e: file:///data/data/com.termux/files/home/Launcher3/src/com/android/launcher3/graphics/AutomatedIconDelegate.kt:46:36 Unresolved reference 'BitmapInfo'.
e: file:///data/data/com.termux/files/home/Launcher3/src/com/android/launcher3/graphics/AutomatedIconDelegate.kt:47:36 Unresolved reference 'BitmapInfo'.
e: file:///data/data/com.termux/files/home/Launcher3/src/com/android/launcher3/graphics/AutomatedIconDelegate.kt:48:36 Unresolved reference 'FastBitmapDrawable'.
e: file:///data/data/com.termux/files/home/Launcher3/src/com/android/launcher3/graphics/AutomatedIconDelegate.kt:49:36 Unresolved reference 'FastBitmapDrawableDelegate'.
e: file:///data/data/com.termux/files/home/Launcher3/src/com/android/launcher3/graphics/AutomatedIconDelegate.kt:50:36 Unresolved reference 'GraphicsUtils'.
e: file:///data/data/com.termux/files/home/Launcher3/src/com/android/launcher3/graphics/AutomatedIconDelegate.kt:51:36 Unresolved reference 'GraphicsUtils'.
e: file:///data/data/com.termux/files/home/Launcher3/src/com/android/launcher3/graphics/AutomatedIconDelegate.kt:52:36 Unresolved reference 'IconShape'.
e: file:///data/data/com.termux/files/home/Launcher3/src/com/android/launcher3/graphics/AutomatedIconDelegate.kt:62:28 Unresolved reference 'IconShape'.
e: file:///data/data/com.termux/files/home/Launcher3/src/com/android/launcher3/graphics/AutomatedIconDelegate.kt:63:23 Unresolved reference 'FastBitmapDrawable'.
e: file:///data/data/com.termux/files/home/Launcher3/src/com/android/launcher3/graphics/AutomatedIconDelegate.kt:64:33 Unresolved reference 'FastBitmapDrawableDelegate'.
e: file:///data/data/com.termux/files/home/Launcher3/src/com/android/launcher3/graphics/AutomatedIconDelegate.kt:66:5 Unresolved reference 'FastBitmapDrawableDelegate'.
e: file:///data/data/com.termux/files/home/Launcher3/src/com/android/launcher3/graphics/AutomatedIconDelegate.kt:73:30 Unresolved reference 'pathSize'.
e: file:///data/data/com.termux/files/home/Launcher3/src/com/android/launcher3/graphics/AutomatedIconDelegate.kt:73:50 Unresolved reference 'pathSize'.
e: file:///data/data/com.termux/files/home/Launcher3/src/com/android/launcher3/graphics/AutomatedIconDelegate.kt:74:28 Unresolved reference 'onBoundsChange'.
e: file:///data/data/com.termux/files/home/Launcher3/src/com/android/launcher3/graphics/AutomatedIconDelegate.kt:82:37 Unresolved reference 'pathSize'.
e: file:///data/data/com.termux/files/home/Launcher3/src/com/android/launcher3/graphics/AutomatedIconDelegate.kt:105:9 Unresolved reference 'ValueAnimator'.
e: file:///data/data/com.termux/files/home/Launcher3/src/com/android/launcher3/graphics/AutomatedIconDelegate.kt:105:42 Cannot infer type for this parameter. Please specify it explicitly.
e: file:///data/data/com.termux/files/home/Launcher3/src/com/android/launcher3/graphics/AutomatedIconDelegate.kt:105:48 Cannot infer type for this parameter. Please specify it explicitly.
e: file:///data/data/com.termux/files/home/Launcher3/src/com/android/launcher3/graphics/AutomatedIconDelegate.kt:106:13 Unresolved reference 'duration'.
e: file:///data/data/com.termux/files/home/Launcher3/src/com/android/launcher3/graphics/AutomatedIconDelegate.kt:107:13 Unresolved reference 'interpolator'.
e: file:///data/data/com.termux/files/home/Launcher3/src/com/android/launcher3/graphics/AutomatedIconDelegate.kt:107:28 Unresolved reference 'InterpolatorsAndroidX'.
e: file:///data/data/com.termux/files/home/Launcher3/src/com/android/launcher3/graphics/AutomatedIconDelegate.kt:108:13 Unresolved reference 'repeatCount'.
e: file:///data/data/com.termux/files/home/Launcher3/src/com/android/launcher3/graphics/AutomatedIconDelegate.kt:109:13 Unresolved reference 'addUpdateListener'.
e: file:///data/data/com.termux/files/home/Launcher3/src/com/android/launcher3/graphics/AutomatedIconDelegate.kt:109:33 Cannot infer type for this parameter. Please specify it explicitly.
e: file:///data/data/com.termux/files/home/Launcher3/src/com/android/launcher3/graphics/AutomatedIconDelegate.kt:110:52 Unresolved reference 'ValueAnimator'.
e: file:///data/data/com.termux/files/home/Launcher3/src/com/android/launcher3/graphics/AutomatedIconDelegate.kt:110:67 Unresolved reference 'animatedValue'.
e: file:///data/data/com.termux/files/home/Launcher3/src/com/android/launcher3/graphics/AutomatedIconDelegate.kt:113:13 Unresolved reference 'addListener'.
e: file:///data/data/com.termux/files/home/Launcher3/src/com/android/launcher3/graphics/AutomatedIconDelegate.kt:114:26 Unresolved reference 'AnimatorListenerAdapter'.
e: file:///data/data/com.termux/files/home/Launcher3/src/com/android/launcher3/graphics/AutomatedIconDelegate.kt:117:21 'onAnimationStart' overrides nothing.
e: file:///data/data/com.termux/files/home/Launcher3/src/com/android/launcher3/graphics/AutomatedIconDelegate.kt:117:62 Unresolved reference 'Animator'.
e: file:///data/data/com.termux/files/home/Launcher3/src/com/android/launcher3/graphics/AutomatedIconDelegate.kt:121:21 'onAnimationCancel' overrides nothing.
e: file:///data/data/com.termux/files/home/Launcher3/src/com/android/launcher3/graphics/AutomatedIconDelegate.kt:121:63 Unresolved reference 'Animator'.
e: file:///data/data/com.termux/files/home/Launcher3/src/com/android/launcher3/graphics/AutomatedIconDelegate.kt:125:21 'onAnimationEnd' overrides nothing.
e: file:///data/data/com.termux/files/home/Launcher3/src/com/android/launcher3/graphics/AutomatedIconDelegate.kt:125:60 Unresolved reference 'Animator'.
e: file:///data/data/com.termux/files/home/Launcher3/src/com/android/launcher3/graphics/AutomatedIconDelegate.kt:155:13 Unresolved reference 'Flags'.
e: file:///data/data/com.termux/files/home/Launcher3/src/com/android/launcher3/graphics/AutomatedIconDelegate.kt:176:31 Unresolved reference 'start'.
e: file:///data/data/com.termux/files/home/Launcher3/src/com/android/launcher3/graphics/AutomatedIconDelegate.kt:210:30 Unresolved reference 'pathSize'.
e: file:///data/data/com.termux/files/home/Launcher3/src/com/android/launcher3/graphics/AutomatedIconDelegate.kt:245:5 'drawContent' overrides nothing.
e: file:///data/data/com.termux/files/home/Launcher3/src/com/android/launcher3/graphics/AutomatedIconDelegate.kt:246:15 Unresolved reference 'BitmapInfo'.
e: file:///data/data/com.termux/files/home/Launcher3/src/com/android/launcher3/graphics/AutomatedIconDelegate.kt:247:20 Unresolved reference 'IconShape'.
e: file:///data/data/com.termux/files/home/Launcher3/src/com/android/launcher3/graphics/AutomatedIconDelegate.kt:257:26 Assignment type mismatch: actual type is 'com.android.launcher3.util.LooperExecutor', but 'java.util.concurrent.Executor?' was expected.
e: file:///data/data/com.termux/files/home/Launcher3/src/com/android/launcher3/graphics/AutomatedIconDelegate.kt:261:16 Unresolved reference 'resizeToContentSize'.
e: file:///data/data/com.termux/files/home/Launcher3/src/com/android/launcher3/graphics/AutomatedIconDelegate.kt:261:54 Unresolved reference 'pathSize'.
e: file:///data/data/com.termux/files/home/Launcher3/src/com/android/launcher3/graphics/AutomatedIconDelegate.kt:266:36 Unresolved reference 'pathSize'.
e: file:///data/data/com.termux/files/home/Launcher3/src/com/android/launcher3/graphics/AutomatedIconDelegate.kt:270:39 Unresolved reference 'path'.
e: file:///data/data/com.termux/files/home/Launcher3/src/com/android/launcher3/graphics/AutomatedIconDelegate.kt:272:40 Unresolved reference 'Flags'.
e: file:///data/data/com.termux/files/home/Launcher3/src/com/android/launcher3/graphics/AutomatedIconDelegate.kt:277:31 Unresolved reference 'pathSize'.
e: file:///data/data/com.termux/files/home/Launcher3/src/com/android/launcher3/graphics/AutomatedIconDelegate.kt:278:31 Unresolved reference 'pathSize'.
e: file:///data/data/com.termux/files/home/Launcher3/src/com/android/launcher3/graphics/AutomatedIconDelegate.kt:283:13 Unresolved reference 'transformed'.
e: file:///data/data/com.termux/files/home/Launcher3/src/com/android/launcher3/graphics/AutomatedIconDelegate.kt:283:25 Unresolved reference 'drawContent'.
e: file:///data/data/com.termux/files/home/Launcher3/src/com/android/launcher3/graphics/AutomatedIconDelegate.kt:284:17 Unresolved reference 'scale'.
e: file:///data/data/com.termux/files/home/Launcher3/src/com/android/launcher3/graphics/AutomatedIconDelegate.kt:285:32 Unresolved reference 'drawContent'.
e: file:///data/data/com.termux/files/home/Launcher3/src/com/android/launcher3/graphics/AutomatedIconDelegate.kt:287:39 Unresolved reference 'path'.
e: file:///data/data/com.termux/files/home/Launcher3/src/com/android/launcher3/graphics/AutomatedIconDelegate.kt:290:22 Unresolved reference 'isVisible'.
e: file:///data/data/com.termux/files/home/Launcher3/src/com/android/launcher3/graphics/AutomatedIconDelegate.kt:290:40 Unresolved reference 'callback'.
e: file:///data/data/com.termux/files/home/Launcher3/src/com/android/launcher3/graphics/AutomatedIconDelegate.kt:296:5 'onVisibilityChanged' overrides nothing.
e: file:///data/data/com.termux/files/home/Launcher3/src/com/android/launcher3/graphics/AutomatedIconDelegate.kt:297:9 Unresolved reference 'FastBitmapDrawableDelegate'.
e: file:///data/data/com.termux/files/home/Launcher3/src/com/android/launcher3/graphics/AutomatedIconDelegate.kt:297:15 Unresolved reference 'onVisibilityChanged'.
e: file:///data/data/com.termux/files/home/Launcher3/src/com/android/launcher3/graphics/AutomatedIconDelegate.kt:302:48 Unresolved reference 'isRunning'.
e: file:///data/data/com.termux/files/home/Launcher3/src/com/android/launcher3/graphics/AutomatedIconDelegate.kt:316:31 Unresolved reference 'cancel'.
e: file:///data/data/com.termux/files/home/Launcher3/src/com/android/launcher3/graphics/AutomatedIconDelegate.kt:322:19 Cannot infer type for this parameter. Please specify it explicitly.
e: file:///data/data/com.termux/files/home/Launcher3/src/com/android/launcher3/graphics/AutomatedIconDelegate.kt:322:19 Not enough information to infer type argument for 'R'.
e: file:///data/data/com.termux/files/home/Launcher3/src/com/android/launcher3/graphics/AutomatedIconDelegate.kt:322:23 Cannot infer type for this parameter. Please specify it explicitly.
e: file:///data/data/com.termux/files/home/Launcher3/src/com/android/launcher3/graphics/AutomatedIconDelegate.kt:323:13 Not enough information to infer type argument for 'K'.
e: file:///data/data/com.termux/files/home/Launcher3/src/com/android/launcher3/graphics/AutomatedIconDelegate.kt:324:22 Unresolved reference 'invalidateSelf'.
e: file:///data/data/com.termux/files/home/Launcher3/src/com/android/launcher3/graphics/AutomatedIconDelegate.kt:326:85 Unresolved reference 'execute'.
e: file:///data/data/com.termux/files/home/Launcher3/src/com/android/launcher3/graphics/AutomatedIconDelegate.kt:326:93 Unresolved reference 'invalidateSelf'.
e: file:///data/data/com.termux/files/home/Launcher3/src/com/android/launcher3/graphics/AutomatedIconDelegate.kt:327:26 Unresolved reference 'invalidateSelf'.
e: file:///data/data/com.termux/files/home/Launcher3/src/com/android/launcher3/graphics/AutomatedIconDelegate.kt:369:14 Unresolved reference 'DrawableCreationFlags'.
e: file:///data/data/com.termux/files/home/Launcher3/src/com/android/launcher3/graphics/AutomatedIconDelegate.kt:370:12 Unresolved reference 'FastBitmapDrawable'.
e: file:///data/data/com.termux/files/home/Launcher3/src/com/android/launcher3/graphics/AutomatedIconDelegate.kt:371:38 Cannot access class 'FastBitmapDrawable'. Check your module classpath for missing or conflicting dependencies.
e: file:///data/data/com.termux/files/home/Launcher3/src/com/android/launcher3/graphics/AutomatedIconDelegate.kt:371:70 Unresolved reference 'constantState'.
e: file:///data/data/com.termux/files/home/Launcher3/src/com/android/launcher3/graphics/AutomatedIconDelegate.kt:375:54 Unresolved reference 'materialColorTertiaryContainer'.
e: file:///data/data/com.termux/files/home/Launcher3/src/com/android/launcher3/graphics/AutomatedIconDelegate.kt:420:32 Unresolved reference 'FastBitmapDrawableDelegate'.
e: file:///data/data/com.termux/files/home/Launcher3/src/com/android/launcher3/graphics/AutomatedIconDelegate.kt:422:5 Unresolved reference 'FastBitmapDrawableDelegate'.
e: file:///data/data/com.termux/files/home/Launcher3/src/com/android/launcher3/graphics/AutomatedIconDelegate.kt:424:5 'newDelegate' overrides nothing.
e: file:///data/data/com.termux/files/home/Launcher3/src/com/android/launcher3/graphics/AutomatedIconDelegate.kt:425:21 Unresolved reference 'BitmapInfo'.
e: file:///data/data/com.termux/files/home/Launcher3/src/com/android/launcher3/graphics/AutomatedIconDelegate.kt:426:20 Unresolved reference 'IconShape'.
e: file:///data/data/com.termux/files/home/Launcher3/src/com/android/launcher3/graphics/AutomatedIconDelegate.kt:428:15 Unresolved reference 'FastBitmapDrawable'.
e: file:///data/data/com.termux/files/home/Launcher3/src/com/android/launcher3/graphics/AutomatedIconDelegate.kt:429:8 Unresolved reference 'FastBitmapDrawableDelegate'.
e: file:///data/data/com.termux/files/home/Launcher3/src/com/android/launcher3/graphics/AutomatedIconDelegate.kt:430:36 Unresolved reference 'newDelegate'.
e: file:///data/data/com.termux/files/home/Launcher3/src/com/android/launcher3/graphics/GlowMaskCache.kt:31:30 Unresolved reference 'concurrent'.
e: file:///data/data/com.termux/files/home/Launcher3/src/com/android/launcher3/graphics/GlowMaskCache.kt:32:30 Unresolved reference 'concurrent'.
e: file:///data/data/com.termux/files/home/Launcher3/src/com/android/launcher3/graphics/GlowMaskCache.kt:33:30 Unresolved reference 'concurrent'.
e: file:///data/data/com.termux/files/home/Launcher3/src/com/android/launcher3/graphics/GlowMaskCache.kt:34:37 Unresolved reference 'LauncherAppSingleton'.
e: file:///data/data/com.termux/files/home/Launcher3/src/com/android/launcher3/graphics/GlowMaskCache.kt:35:36 Unresolved reference 'IconShape'.
e: file:///data/data/com.termux/files/home/Launcher3/src/com/android/launcher3/graphics/GlowMaskCache.kt:54:2 Unresolved reference 'LauncherAppSingleton'.
e: file:///data/data/com.termux/files/home/Launcher3/src/com/android/launcher3/graphics/GlowMaskCache.kt:58:6 Unresolved reference 'Ui'.
e: file:///data/data/com.termux/files/home/Launcher3/src/com/android/launcher3/graphics/GlowMaskCache.kt:59:6 Unresolved reference 'LightweightBackground'.
e: file:///data/data/com.termux/files/home/Launcher3/src/com/android/launcher3/graphics/GlowMaskCache.kt:59:28 Unresolved reference 'LightweightBackgroundPriority'.
e: file:///data/data/com.termux/files/home/Launcher3/src/com/android/launcher3/graphics/GlowMaskCache.kt:64:37 Unresolved reference 'IconShape'.
e: file:///data/data/com.termux/files/home/Launcher3/src/com/android/launcher3/graphics/GlowMaskCache.kt:68:42 None of the following candidates is applicable:
fun <T> Iterable<T>.forEach(action: (T) -> Unit): Unit
fun <K, V> Map<out K, V>.forEach(action: (Map.Entry<K, V>) -> Unit): Unit
e: file:///data/data/com.termux/files/home/Launcher3/src/com/android/launcher3/graphics/GlowMaskCache.kt:68:64 Cannot infer type for this parameter. Please specify it explicitly.
e: file:///data/data/com.termux/files/home/Launcher3/src/com/android/launcher3/graphics/GlowMaskCache.kt:69:26 Overload resolution ambiguity between candidates:
fun <T> Array<out T>.isEmpty(): Boolean
fun BooleanArray.isEmpty(): Boolean
fun ByteArray.isEmpty(): Boolean
fun CharArray.isEmpty(): Boolean
fun DoubleArray.isEmpty(): Boolean
fun FloatArray.isEmpty(): Boolean
fun IntArray.isEmpty(): Boolean
fun LongArray.isEmpty(): Boolean
fun ShortArray.isEmpty(): Boolean
fun CharSequence.isEmpty(): Boolean
e: file:///data/data/com.termux/files/home/Launcher3/src/com/android/launcher3/graphics/GlowMaskCache.kt:78:25 Unresolved reference 'IconShape'.
e: file:///data/data/com.termux/files/home/Launcher3/src/com/android/launcher3/graphics/GlowMaskCache.kt:84:39 Unresolved reference 'path'.
e: file:///data/data/com.termux/files/home/Launcher3/src/com/android/launcher3/graphics/GlowMaskCache.kt:85:34 Unresolved reference 'pathSize'.
e: file:///data/data/com.termux/files/home/Launcher3/src/com/android/launcher3/graphics/GlowMaskCache.kt:88:13 Cannot infer type for this parameter. Please specify it explicitly.
e: file:///data/data/com.termux/files/home/Launcher3/src/com/android/launcher3/graphics/GlowMaskCache.kt:88:13 Unresolved reference. None of the following candidates is applicable because of a receiver type mismatch:
fun <K, V> MutableMap<K, V>.set(key: K, value: V): Unit
e: file:///data/data/com.termux/files/home/Launcher3/src/com/android/launcher3/graphics/IconLoader.kt:33:36 Unresolved reference 'BitmapInfo'.
e: file:///data/data/com.termux/files/home/Launcher3/src/com/android/launcher3/graphics/IconLoader.kt:38:36 Unresolved reference 'cache'.
e: file:///data/data/com.termux/files/home/Launcher3/src/com/android/launcher3/graphics/IconLoader.kt:39:36 Unresolved reference 'cache'.
e: file:///data/data/com.termux/files/home/Launcher3/src/com/android/launcher3/graphics/IconLoader.kt:45:35 Unresolved reference 'FlagOp'.
e: file:///data/data/com.termux/files/home/Launcher3/src/com/android/launcher3/graphics/IconLoader.kt:76:49 Cannot access class 'CacheLookupFlag'. Check your module classpath for missing or conflicting dependencies.
e: file:///data/data/com.termux/files/home/Launcher3/src/com/android/launcher3/graphics/IconLoader.kt:76:68 Unresolved reference 'useLowRes'.
e: file:///data/data/com.termux/files/home/Launcher3/src/com/android/launcher3/graphics/IconLoader.kt:77:26 Cannot access class 'BitmapInfo'. Check your module classpath for missing or conflicting dependencies.
e: file:///data/data/com.termux/files/home/Launcher3/src/com/android/launcher3/graphics/IconLoader.kt:77:33 Unresolved reference 'getBadgeDrawable'.
e: file:///data/data/com.termux/files/home/Launcher3/src/com/android/launcher3/graphics/IconLoader.kt:81:24 Unresolved reference 'loadFullResIcon'.
e: file:///data/data/com.termux/files/home/Launcher3/src/com/android/launcher3/graphics/IconLoader.kt:91:26 Cannot access class 'BitmapInfo'. Check your module classpath for missing or conflicting dependencies.
e: file:///data/data/com.termux/files/home/Launcher3/src/com/android/launcher3/graphics/IconLoader.kt:91:33 Unresolved reference 'getBadgeDrawable'.
e: file:///data/data/com.termux/files/home/Launcher3/src/com/android/launcher3/graphics/IconLoader.kt:93:34 Cannot access 'IconProvider' which is a supertype of 'com.android.launcher3.icons.LauncherIconProvider'. Check your module classpath for missing or conflicting dependencies.
e: file:///data/data/com.termux/files/home/Launcher3/src/com/android/launcher3/graphics/IconLoader.kt:93:34 Unresolved reference 'getIcon'.
e: file:///data/data/com.termux/files/home/Launcher3/src/com/android/launcher3/graphics/IconLoader.kt:97:29 Cannot access 'ComponentKey' which is a supertype of 'com.android.launcher3.shortcuts.ShortcutKey'. Check your module classpath for missing or conflicting dependencies.
e: file:///data/data/com.termux/files/home/Launcher3/src/com/android/launcher3/graphics/IconLoader.kt:97:48 Cannot access 'ComponentKey' which is a supertype of 'com.android.launcher3.shortcuts.ShortcutKey'. Check your module classpath for missing or conflicting dependencies.
e: file:///data/data/com.termux/files/home/Launcher3/src/com/android/launcher3/graphics/IconLoader.kt:108:29 Unresolved reference 'CacheLookupFlag'.
e: file:///data/data/com.termux/files/home/Launcher3/src/com/android/launcher3/graphics/IconLoader.kt:110:60 Unresolved reference 'value'.
e: file:///data/data/com.termux/files/home/Launcher3/src/com/android/launcher3/graphics/IconLoader.kt:112:70 Unresolved reference 'BitmapInfo'.
e: file:///data/data/com.termux/files/home/Launcher3/src/com/android/launcher3/graphics/IconLoader.kt:113:39 Unresolved reference 'newIcon'.
e: file:///data/data/com.termux/files/home/Launcher3/src/com/android/launcher3/graphics/IconLoader.kt:132:62 Unresolved reference 'wrapToAdaptiveIcon'.
e: file:///data/data/com.termux/files/home/Launcher3/src/com/android/launcher3/graphics/IconLoader.kt:140:37 Unresolved reference 'createThemedAdaptiveIcon'.
e: file:///data/data/com.termux/files/home/Launcher3/src/com/android/launcher3/graphics/IconLoader.kt:143:60 Cannot access class 'BitmapInfo'. Check your module classpath for missing or conflicting dependencies.
e: file:///data/data/com.termux/files/home/Launcher3/src/com/android/launcher3/graphics/IconLoader.kt:150:17 Unresolved reference 'BitmapInfo'.
e: file:///data/data/com.termux/files/home/Launcher3/src/com/android/launcher3/graphics/IconLoader.kt:151:58 Unresolved reference 'applyBitmapInfoFlags'.
e: file:///data/data/com.termux/files/home/Launcher3/src/com/android/launcher3/graphics/IconLoader.kt:151:79 Unresolved reference 'FlagOp'.
e: file:///data/data/com.termux/files/home/Launcher3/src/com/android/launcher3/graphics/LauncherCustomizationProvider.kt:23:30 Unresolved reference 'BuildConfig'.
e: file:///data/data/com.termux/files/home/Launcher3/src/com/android/launcher3/graphics/LauncherCustomizationProvider.kt:67:47 Const 'val' initializer should be a constant value.
e: file:///data/data/com.termux/files/home/Launcher3/src/com/android/launcher3/graphics/LauncherCustomizationProvider.kt:67:49 Unresolved reference 'APPLICATION_ID'.
e: file:///data/data/com.termux/files/home/Launcher3/src/com/android/launcher3/graphics/PreloadIconDelegate.kt:31:20 Unresolved reference 'app'.
e: file:///data/data/com.termux/files/home/Launcher3/src/com/android/launcher3/graphics/PreloadIconDelegate.kt:32:30 Unresolved reference 'Flags'.
e: file:///data/data/com.termux/files/home/Launcher3/src/com/android/launcher3/graphics/PreloadIconDelegate.kt:37:36 Unresolved reference 'BitmapInfo'.
e: file:///data/data/com.termux/files/home/Launcher3/src/com/android/launcher3/graphics/PreloadIconDelegate.kt:38:36 Unresolved reference 'BitmapInfo'.
e: file:///data/data/com.termux/files/home/Launcher3/src/com/android/launcher3/graphics/PreloadIconDelegate.kt:39:36 Unresolved reference 'FastBitmapDrawable'.
e: file:///data/data/com.termux/files/home/Launcher3/src/com/android/launcher3/graphics/PreloadIconDelegate.kt:40:36 Unresolved reference 'FastBitmapDrawableDelegate'.
e: file:///data/data/com.termux/files/home/Launcher3/src/com/android/launcher3/graphics/PreloadIconDelegate.kt:41:36 Unresolved reference 'FastBitmapDrawableDelegate'.
e: file:///data/data/com.termux/files/home/Launcher3/src/com/android/launcher3/graphics/PreloadIconDelegate.kt:42:36 Unresolved reference 'GraphicsUtils'.
e: file:///data/data/com.termux/files/home/Launcher3/src/com/android/launcher3/graphics/PreloadIconDelegate.kt:43:36 Unresolved reference 'GraphicsUtils'.
e: file:///data/data/com.termux/files/home/Launcher3/src/com/android/launcher3/graphics/PreloadIconDelegate.kt:44:36 Unresolved reference 'IconNormalizer'.
e: file:///data/data/com.termux/files/home/Launcher3/src/com/android/launcher3/graphics/PreloadIconDelegate.kt:45:36 Unresolved reference 'IconShape'.
e: file:///data/data/com.termux/files/home/Launcher3/src/com/android/launcher3/graphics/PreloadIconDelegate.kt:54:28 Unresolved reference 'IconShape'.
e: file:///data/data/com.termux/files/home/Launcher3/src/com/android/launcher3/graphics/PreloadIconDelegate.kt:55:23 Unresolved reference 'FastBitmapDrawable'.
e: file:///data/data/com.termux/files/home/Launcher3/src/com/android/launcher3/graphics/PreloadIconDelegate.kt:56:33 Unresolved reference 'FastBitmapDrawableDelegate'.
e: file:///data/data/com.termux/files/home/Launcher3/src/com/android/launcher3/graphics/PreloadIconDelegate.kt:61:5 Unresolved reference 'FastBitmapDrawableDelegate'.
e: file:///data/data/com.termux/files/home/Launcher3/src/com/android/launcher3/graphics/PreloadIconDelegate.kt:63:49 Unresolved reference 'path'.
e: file:///data/data/com.termux/files/home/Launcher3/src/com/android/launcher3/graphics/PreloadIconDelegate.kt:79:54 Unresolved reference 'invalidateSelf'.
e: file:///data/data/com.termux/files/home/Launcher3/src/com/android/launcher3/graphics/PreloadIconDelegate.kt:82:30 Unresolved reference 'pathSize'.
e: file:///data/data/com.termux/files/home/Launcher3/src/com/android/launcher3/graphics/PreloadIconDelegate.kt:82:50 Unresolved reference 'pathSize'.
e: file:///data/data/com.termux/files/home/Launcher3/src/com/android/launcher3/graphics/PreloadIconDelegate.kt:83:28 Unresolved reference 'onBoundsChange'.
e: file:///data/data/com.termux/files/home/Launcher3/src/com/android/launcher3/graphics/PreloadIconDelegate.kt:91:13 Unresolved reference 'isThemed'.
e: file:///data/data/com.termux/files/home/Launcher3/src/com/android/launcher3/graphics/PreloadIconDelegate.kt:113:42 Cannot access class 'BitmapInfo'. Check your module classpath for missing or conflicting dependencies.
e: file:///data/data/com.termux/files/home/Launcher3/src/com/android/launcher3/graphics/PreloadIconDelegate.kt:113:49 Unresolved reference 'color'.
e: file:///data/data/com.termux/files/home/Launcher3/src/com/android/launcher3/graphics/PreloadIconDelegate.kt:139:5 'onBoundsChange' overrides nothing.
e: file:///data/data/com.termux/files/home/Launcher3/src/com/android/launcher3/graphics/PreloadIconDelegate.kt:143:5 'drawContent' overrides nothing.
e: file:///data/data/com.termux/files/home/Launcher3/src/com/android/launcher3/graphics/PreloadIconDelegate.kt:144:15 Unresolved reference 'BitmapInfo'.
e: file:///data/data/com.termux/files/home/Launcher3/src/com/android/launcher3/graphics/PreloadIconDelegate.kt:145:20 Unresolved reference 'IconShape'.
e: file:///data/data/com.termux/files/home/Launcher3/src/com/android/launcher3/graphics/PreloadIconDelegate.kt:151:28 Unresolved reference 'drawContent'.
e: file:///data/data/com.termux/files/home/Launcher3/src/com/android/launcher3/graphics/PreloadIconDelegate.kt:152:20 Unresolved reference 'Flags'.
e: file:///data/data/com.termux/files/home/Launcher3/src/com/android/launcher3/graphics/PreloadIconDelegate.kt:160:15 Unresolved reference 'BitmapInfo'.
e: file:///data/data/com.termux/files/home/Launcher3/src/com/android/launcher3/graphics/PreloadIconDelegate.kt:172:34 Unresolved reference 'pathSize'.
e: file:///data/data/com.termux/files/home/Launcher3/src/com/android/launcher3/graphics/PreloadIconDelegate.kt:173:20 Unresolved reference 'resizeToContentSize'.
e: file:///data/data/com.termux/files/home/Launcher3/src/com/android/launcher3/graphics/PreloadIconDelegate.kt:183:21 Unresolved reference 'drawPath'.
e: file:///data/data/com.termux/files/home/Launcher3/src/com/android/launcher3/graphics/PreloadIconDelegate.kt:183:40 Unresolved reference 'path'.
e: file:///data/data/com.termux/files/home/Launcher3/src/com/android/launcher3/graphics/PreloadIconDelegate.kt:188:21 Unresolved reference 'drawPath'.
e: file:///data/data/com.termux/files/home/Launcher3/src/com/android/launcher3/graphics/PreloadIconDelegate.kt:188:40 Unresolved reference 'path'.
e: file:///data/data/com.termux/files/home/Launcher3/src/com/android/launcher3/graphics/PreloadIconDelegate.kt:190:21 Unresolved reference 'drawPath'.
e: file:///data/data/com.termux/files/home/Launcher3/src/com/android/launcher3/graphics/PreloadIconDelegate.kt:223:9 Unresolved reference 'transformed'.
e: file:///data/data/com.termux/files/home/Launcher3/src/com/android/launcher3/graphics/PreloadIconDelegate.kt:226:13 Cannot inline 'block: () -> Unit' here: it might contain non-local returns. Add 'crossinline' modifier to parameter declaration 'block: () -> Unit'.
e: file:///data/data/com.termux/files/home/Launcher3/src/com/android/launcher3/graphics/PreloadIconDelegate.kt:231:15 Unresolved reference 'BitmapInfo'.
e: file:///data/data/com.termux/files/home/Launcher3/src/com/android/launcher3/graphics/PreloadIconDelegate.kt:241:34 Unresolved reference 'pathSize'.
e: file:///data/data/com.termux/files/home/Launcher3/src/com/android/launcher3/graphics/PreloadIconDelegate.kt:242:20 Unresolved reference 'resizeToContentSize'.
e: file:///data/data/com.termux/files/home/Launcher3/src/com/android/launcher3/graphics/PreloadIconDelegate.kt:252:43 Unresolved reference 'path'.
e: file:///data/data/com.termux/files/home/Launcher3/src/com/android/launcher3/graphics/PreloadIconDelegate.kt:267:39 Unresolved reference 'BitmapInfo'.
e: file:///data/data/com.termux/files/home/Launcher3/src/com/android/launcher3/graphics/PreloadIconDelegate.kt:268:16 Unresolved reference 'transformed'.
e: file:///data/data/com.termux/files/home/Launcher3/src/com/android/launcher3/graphics/PreloadIconDelegate.kt:268:28 Unresolved reference 'drawContent'.
e: file:///data/data/com.termux/files/home/Launcher3/src/com/android/launcher3/graphics/PreloadIconDelegate.kt:270:13 Unresolved reference 'translate'.
e: file:///data/data/com.termux/files/home/Launcher3/src/com/android/launcher3/graphics/PreloadIconDelegate.kt:271:13 Unresolved reference 'scale'.
e: file:///data/data/com.termux/files/home/Launcher3/src/com/android/launcher3/graphics/PreloadIconDelegate.kt:276:13 Unresolved reference 'scale'.
e: file:///data/data/com.termux/files/home/Launcher3/src/com/android/launcher3/graphics/PreloadIconDelegate.kt:282:28 Unresolved reference 'drawContent'.
e: file:///data/data/com.termux/files/home/Launcher3/src/com/android/launcher3/graphics/PreloadIconDelegate.kt:287:5 'onLevelChange' overrides nothing.
e: file:///data/data/com.termux/files/home/Launcher3/src/com/android/launcher3/graphics/PreloadIconDelegate.kt:294:48 Unresolved reference 'FastBitmapDrawable'.
e: file:///data/data/com.termux/files/home/Launcher3/src/com/android/launcher3/graphics/PreloadIconDelegate.kt:316:78 Unresolved reference 'bounds'.
e: file:///data/data/com.termux/files/home/Launcher3/src/com/android/launcher3/graphics/PreloadIconDelegate.kt:325:39 Unresolved reference 'Interpolators'.
e: file:///data/data/com.termux/files/home/Launcher3/src/com/android/launcher3/graphics/PreloadIconDelegate.kt:359:32 Unresolved reference 'Interpolators'.
e: file:///data/data/com.termux/files/home/Launcher3/src/com/android/launcher3/graphics/PreloadIconDelegate.kt:382:25 Unresolved reference 'Interpolators'.
e: file:///data/data/com.termux/files/home/Launcher3/src/com/android/launcher3/graphics/PreloadIconDelegate.kt:387:14 Unresolved reference 'invalidateSelf'.
e: file:///data/data/com.termux/files/home/Launcher3/src/com/android/launcher3/graphics/PreloadIconDelegate.kt:391:14 Unresolved reference 'level'.
e: file:///data/data/com.termux/files/home/Launcher3/src/com/android/launcher3/graphics/PreloadIconDelegate.kt:392:14 Unresolved reference 'isDisabled'.
e: file:///data/data/com.termux/files/home/Launcher3/src/com/android/launcher3/graphics/PreloadIconDelegate.kt:417:67 Unresolved reference 'ICON_VISIBLE_AREA_FACTOR'.
e: file:///data/data/com.termux/files/home/Launcher3/src/com/android/launcher3/graphics/PreloadIconDelegate.kt:424:14 Unresolved reference 'DrawableCreationFlags'.
e: file:///data/data/com.termux/files/home/Launcher3/src/com/android/launcher3/graphics/PreloadIconDelegate.kt:425:12 Unresolved reference 'FastBitmapDrawable'.
e: file:///data/data/com.termux/files/home/Launcher3/src/com/android/launcher3/graphics/PreloadIconDelegate.kt:426:33 Cannot access class 'FastBitmapDrawable'. Check your module classpath for missing or conflicting dependencies.
e: file:///data/data/com.termux/files/home/Launcher3/src/com/android/launcher3/graphics/PreloadIconDelegate.kt:426:65 Unresolved reference 'constantState'.
e: file:///data/data/com.termux/files/home/Launcher3/src/com/android/launcher3/graphics/PreloadIconDelegate.kt:427:70 Unresolved reference 'materialColorInverseSurface'.
e: file:///data/data/com.termux/files/home/Launcher3/src/com/android/launcher3/graphics/PreloadIconDelegate.kt:429:78 Unresolved reference 'materialColorSecondary'.
e: file:///data/data/com.termux/files/home/Launcher3/src/com/android/launcher3/graphics/PreloadIconDelegate.kt:450:42 Unresolved reference 'FastBitmapDrawable'.
e: file:///data/data/com.termux/files/home/Launcher3/src/com/android/launcher3/graphics/PreloadIconDelegate.kt:451:19 Unresolved reference 'delegate'.
e: file:///data/data/com.termux/files/home/Launcher3/src/com/android/launcher3/graphics/PreloadIconDelegate.kt:454:13 Unresolved reference 'FastBitmapDrawable'.
e: file:///data/data/com.termux/files/home/Launcher3/src/com/android/launcher3/graphics/PreloadIconDelegate.kt:455:14 Unresolved reference 'FastBitmapDrawable'.
e: file:///data/data/com.termux/files/home/Launcher3/src/com/android/launcher3/graphics/PreloadIconDelegate.kt:455:20 Unresolved reference 'delegate'.
e: file:///data/data/com.termux/files/home/Launcher3/src/com/android/launcher3/graphics/PreloadIconDelegate.kt:461:36 Unresolved reference 'DelegateFactory'.
e: file:///data/data/com.termux/files/home/Launcher3/src/com/android/launcher3/graphics/PreloadIconDelegate.kt:466:9 Unresolved reference 'DelegateFactory'.
e: file:///data/data/com.termux/files/home/Launcher3/src/com/android/launcher3/graphics/PreloadIconDelegate.kt:467:9 'newDelegate' overrides nothing.
e: file:///data/data/com.termux/files/home/Launcher3/src/com/android/launcher3/graphics/PreloadIconDelegate.kt:468:25 Unresolved reference 'BitmapInfo'.
e: file:///data/data/com.termux/files/home/Launcher3/src/com/android/launcher3/graphics/PreloadIconDelegate.kt:469:24 Unresolved reference 'IconShape'.
e: file:///data/data/com.termux/files/home/Launcher3/src/com/android/launcher3/graphics/PreloadIconDelegate.kt:471:19 Unresolved reference 'FastBitmapDrawable'.
e: file:///data/data/com.termux/files/home/Launcher3/src/com/android/launcher3/graphics/PreloadIconDelegate.kt:472:12 Unresolved reference 'FastBitmapDrawableDelegate'.
e: file:///data/data/com.termux/files/home/Launcher3/src/com/android/launcher3/graphics/PreloadIconDelegate.kt:478:31 Unresolved reference 'newDelegate'.
e: file:///data/data/com.termux/files/home/Launcher3/src/com/android/launcher3/graphics/ShapeDelegate.kt:38:26 Unresolved reference 'shapes'.
e: file:///data/data/com.termux/files/home/Launcher3/src/com/android/launcher3/graphics/ShapeDelegate.kt:39:26 Unresolved reference 'shapes'.
e: file:///data/data/com.termux/files/home/Launcher3/src/com/android/launcher3/graphics/ShapeDelegate.kt:40:26 Unresolved reference 'shapes'.
e: file:///data/data/com.termux/files/home/Launcher3/src/com/android/launcher3/graphics/ShapeDelegate.kt:41:26 Unresolved reference 'shapes'.
e: file:///data/data/com.termux/files/home/Launcher3/src/com/android/launcher3/graphics/ShapeDelegate.kt:42:26 Unresolved reference 'shapes'.
e: file:///data/data/com.termux/files/home/Launcher3/src/com/android/launcher3/graphics/ShapeDelegate.kt:43:26 Unresolved reference 'shapes'.
e: file:///data/data/com.termux/files/home/Launcher3/src/com/android/launcher3/graphics/ShapeDelegate.kt:44:26 Unresolved reference 'shapes'.
e: file:///data/data/com.termux/files/home/Launcher3/src/com/android/launcher3/graphics/ShapeDelegate.kt:45:30 Unresolved reference 'Flags'.
e: file:///data/data/com.termux/files/home/Launcher3/src/com/android/launcher3/graphics/ShapeDelegate.kt:49:36 Unresolved reference 'RoundRectEstimator'.
e: file:///data/data/com.termux/files/home/Launcher3/src/com/android/launcher3/graphics/ShapeDelegate.kt:177:13 Unresolved reference 'RoundedPolygon'.
e: file:///data/data/com.termux/files/home/Launcher3/src/com/android/launcher3/graphics/ShapeDelegate.kt:178:28 Unresolved reference 'SvgPathParser'.
e: file:///data/data/com.termux/files/home/Launcher3/src/com/android/launcher3/graphics/ShapeDelegate.kt:185:17 Unresolved reference 'Morph'.
e: file:///data/data/com.termux/files/home/Launcher3/src/com/android/launcher3/graphics/ShapeDelegate.kt:233:17 Unresolved reference 'Morph'.
e: file:///data/data/com.termux/files/home/Launcher3/src/com/android/launcher3/graphics/ShapeDelegate.kt:382:42 Unresolved reference 'estimateRadius'.
e: file:///data/data/com.termux/files/home/Launcher3/src/com/android/launcher3/graphics/ShapeDelegate.kt:409:13 Unresolved reference 'RoundedPolygon'.
e: file:///data/data/com.termux/files/home/Launcher3/src/com/android/launcher3/graphics/ShapeDelegate.kt:414:28 Unresolved reference 'CornerRounding'.
e: file:///data/data/com.termux/files/home/Launcher3/src/com/android/launcher3/graphics/ShapeDelegate.kt:420:16 Unresolved reference 'Flags'.
e: file:///data/data/com.termux/files/home/Launcher3/src/com/android/launcher3/graphics/ShapeDelegate.kt:421:16 Unresolved reference 'Flags'.
e: file:///data/data/com.termux/files/home/Launcher3/src/com/android/launcher3/graphics/ThemeManager.kt:26:30 Unresolved reference 'concurrent'.
e: file:///data/data/com.termux/files/home/Launcher3/src/com/android/launcher3/graphics/ThemeManager.kt:27:37 Unresolved reference 'ApplicationContext'.
e: file:///data/data/com.termux/files/home/Launcher3/src/com/android/launcher3/graphics/ThemeManager.kt:29:37 Unresolved reference 'LauncherAppSingleton'.
e: file:///data/data/com.termux/files/home/Launcher3/src/com/android/launcher3/graphics/ThemeManager.kt:36:36 Unresolved reference 'DotRenderer'.
e: file:///data/data/com.termux/files/home/Launcher3/src/com/android/launcher3/graphics/ThemeManager.kt:37:36 Unresolved reference 'GraphicsUtils'.
e: file:///data/data/com.termux/files/home/Launcher3/src/com/android/launcher3/graphics/ThemeManager.kt:38:36 Unresolved reference 'IconShape'.
e: file:///data/data/com.termux/files/home/Launcher3/src/com/android/launcher3/graphics/ThemeManager.kt:39:36 Unresolved reference 'IconThemeController'.
e: file:///data/data/com.termux/files/home/Launcher3/src/com/android/launcher3/graphics/ThemeManager.kt:44:35 Unresolved reference 'ListenableRef'.
e: file:///data/data/com.termux/files/home/Launcher3/src/com/android/launcher3/graphics/ThemeManager.kt:46:35 Unresolved reference 'MutableListenableRef'.
e: file:///data/data/com.termux/files/home/Launcher3/src/com/android/launcher3/graphics/ThemeManager.kt:47:35 Unresolved reference 'SafeCloseable'.
e: file:///data/data/com.termux/files/home/Launcher3/src/com/android/launcher3/graphics/ThemeManager.kt:53:2 Unresolved reference 'LauncherAppSingleton'.
e: file:///data/data/com.termux/files/home/Launcher3/src/com/android/launcher3/graphics/ThemeManager.kt:57:6 Unresolved reference 'ApplicationContext'.
e: file:///data/data/com.termux/files/home/Launcher3/src/com/android/launcher3/graphics/ThemeManager.kt:62:6 Unresolved reference 'Ui'.
e: file:///data/data/com.termux/files/home/Launcher3/src/com/android/launcher3/graphics/ThemeManager.kt:67:34 Unresolved reference 'MutableListenableRef'.
e: file:///data/data/com.termux/files/home/Launcher3/src/com/android/launcher3/graphics/ThemeManager.kt:67:55 Unresolved reference 'IconShape'.
e: file:///data/data/com.termux/files/home/Launcher3/src/com/android/launcher3/graphics/ThemeManager.kt:70:24 Unresolved reference 'ListenableRef'.
e: file:///data/data/com.termux/files/home/Launcher3/src/com/android/launcher3/graphics/ThemeManager.kt:70:38 Unresolved reference 'IconShape'.
e: file:///data/data/com.termux/files/home/Launcher3/src/com/android/launcher3/graphics/ThemeManager.kt:78:53 Unresolved reference 'value'.
e: file:///data/data/com.termux/files/home/Launcher3/src/com/android/launcher3/graphics/ThemeManager.kt:96:9 Unresolved reference 'generateIconShape'.
e: file:///data/data/com.termux/files/home/Launcher3/src/com/android/launcher3/graphics/ThemeManager.kt:107:48 Unresolved reference 'forEach'.
e: file:///data/data/com.termux/files/home/Launcher3/src/com/android/launcher3/graphics/ThemeManager.kt:126:82 Unresolved reference 'value'.
e: file:///data/data/com.termux/files/home/Launcher3/src/com/android/launcher3/graphics/ThemeManager.kt:139:27 Unresolved reference 'value'.
e: file:///data/data/com.termux/files/home/Launcher3/src/com/android/launcher3/graphics/ThemeManager.kt:184:40 Unresolved reference 'value'.
e: file:///data/data/com.termux/files/home/Launcher3/src/com/android/launcher3/graphics/ThemeManager.kt:192:17 Argument type mismatch: actual type is 'R?', but 'K' was expected.
e: file:///data/data/com.termux/files/home/Launcher3/src/com/android/launcher3/graphics/ThemeManager.kt:192:27 Cannot infer type for this parameter. Please specify it explicitly.
e: file:///data/data/com.termux/files/home/Launcher3/src/com/android/launcher3/graphics/ThemeManager.kt:192:31 Cannot infer type for this parameter. Please specify it explicitly.
e: file:///data/data/com.termux/files/home/Launcher3/src/com/android/launcher3/graphics/ThemeManager.kt:192:52 Unresolved reference 'factoryId'.
e: file:///data/data/com.termux/files/home/Launcher3/src/com/android/launcher3/graphics/ThemeManager.kt:192:81 Unresolved reference 'themeId'.
e: file:///data/data/com.termux/files/home/Launcher3/src/com/android/launcher3/graphics/ThemeManager.kt:210:30 Unresolved reference 'IconThemeController'.
e: file:///data/data/com.termux/files/home/Launcher3/src/com/android/launcher3/graphics/ThemeManager.kt:219:29 Unresolved reference 'IconShapeInfo'.
e: file:///data/data/com.termux/files/home/Launcher3/src/com/android/launcher3/graphics/ThemeManager.kt:223:32 Unresolved reference 'SafeCloseable'.
e: file:///data/data/com.termux/files/home/Launcher3/src/com/android/launcher3/graphics/ThemeManager.kt:224:29 Unresolved reference 'close'.
e: file:///data/data/com.termux/files/home/Launcher3/src/com/android/launcher3/graphics/ThemeManager.kt:244:13 Unresolved reference 'generateIconShape'.
e: file:///data/data/com.termux/files/home/Launcher3/src/com/android/launcher3/graphics/theme/MonoIconThemeFactory.kt:19:36 Unresolved reference 'IconThemeController'.
e: file:///data/data/com.termux/files/home/Launcher3/src/com/android/launcher3/graphics/theme/MonoIconThemeFactory.kt:20:36 Unresolved reference 'mono'.
e: file:///data/data/com.termux/files/home/Launcher3/src/com/android/launcher3/graphics/theme/MonoIconThemeFactory.kt:34:44 Unresolved reference 'IconThemeController'.
e: file:///data/data/com.termux/files/home/Launcher3/src/com/android/launcher3/graphics/theme/MonoIconThemeFactory.kt:42:53 Unresolved reference 'IconThemeController'.
e: file:///data/data/com.termux/files/home/Launcher3/src/com/android/launcher3/graphics/theme/MonoIconThemeFactory.kt:48:33 Unresolved reference 'MonoIconThemeController'.
e: file:///data/data/com.termux/files/home/Launcher3/src/com/android/launcher3/graphics/theme/ThemePreference.kt:23:37 Unresolved reference 'LauncherAppSingleton'.
e: file:///data/data/com.termux/files/home/Launcher3/src/com/android/launcher3/graphics/theme/ThemePreference.kt:27:35 Unresolved reference 'ListenableRef'.
e: file:///data/data/com.termux/files/home/Launcher3/src/com/android/launcher3/graphics/theme/ThemePreference.kt:28:35 Unresolved reference 'MutableListenableRef'.
e: file:///data/data/com.termux/files/home/Launcher3/src/com/android/launcher3/graphics/theme/ThemePreference.kt:38:2 Unresolved reference 'LauncherAppSingleton'.
e: file:///data/data/com.termux/files/home/Launcher3/src/com/android/launcher3/graphics/theme/ThemePreference.kt:43:28 Unresolved reference 'MutableListenableRef'.
e: file:///data/data/com.termux/files/home/Launcher3/src/com/android/launcher3/graphics/theme/ThemePreference.kt:44:5 Unresolved reference 'ListenableRef'.
e: file:///data/data/com.termux/files/home/Launcher3/src/com/android/launcher3/graphics/theme/ThemePreference.kt:50:38 Unresolved reference 'MutableListenableRef'.
e: file:///data/data/com.termux/files/home/Launcher3/src/com/android/launcher3/graphics/theme/ThemePreference.kt:73:19 Unresolved reference 'dispatchValue'.
e: file:///data/data/com.termux/files/home/Launcher3/src/com/android/launcher3/graphics/theme/ThemePreference.kt:83:44 Unresolved reference 'value'.
e: file:///data/data/com.termux/files/home/Launcher3/src/com/android/launcher3/graphics/theme/ThemePreference.kt:85:27 Unresolved reference 'dispatchValue'.
e: file:///data/data/com.termux/files/home/Launcher3/src/com/android/launcher3/homescreenfiles/HomeScreenFilesCachingLogic.kt:31:36 Unresolved reference 'BaseIconFactory'.
e: file:///data/data/com.termux/files/home/Launcher3/src/com/android/launcher3/homescreenfiles/HomeScreenFilesCachingLogic.kt:32:36 Unresolved reference 'BitmapInfo'.
e: file:///data/data/com.termux/files/home/Launcher3/src/com/android/launcher3/homescreenfiles/HomeScreenFilesCachingLogic.kt:33:36 Unresolved reference 'IconProvider'.
e: file:///data/data/com.termux/files/home/Launcher3/src/com/android/launcher3/homescreenfiles/HomeScreenFilesCachingLogic.kt:34:36 Unresolved reference 'cache'.
e: file:///data/data/com.termux/files/home/Launcher3/src/com/android/launcher3/homescreenfiles/HomeScreenFilesCachingLogic.kt:35:36 Unresolved reference 'cache'.
e: file:///data/data/com.termux/files/home/Launcher3/src/com/android/launcher3/homescreenfiles/HomeScreenFilesCachingLogic.kt:45:38 Unresolved reference 'CachingLogic'.
e: file:///data/data/com.termux/files/home/Launcher3/src/com/android/launcher3/homescreenfiles/HomeScreenFilesCachingLogic.kt:46:5 'getComponent' overrides nothing.
e: file:///data/data/com.termux/files/home/Launcher3/src/com/android/launcher3/homescreenfiles/HomeScreenFilesCachingLogic.kt:52:5 'getUser' overrides nothing.
e: file:///data/data/com.termux/files/home/Launcher3/src/com/android/launcher3/homescreenfiles/HomeScreenFilesCachingLogic.kt:56:5 'getLabel' overrides nothing.
e: file:///data/data/com.termux/files/home/Launcher3/src/com/android/launcher3/homescreenfiles/HomeScreenFilesCachingLogic.kt:60:5 'getApplicationInfo' overrides nothing.
e: file:///data/data/com.termux/files/home/Launcher3/src/com/android/launcher3/homescreenfiles/HomeScreenFilesCachingLogic.kt:64:5 'loadIcon' overrides nothing.
e: file:///data/data/com.termux/files/home/Launcher3/src/com/android/launcher3/homescreenfiles/HomeScreenFilesCachingLogic.kt:64:36 Unresolved reference 'IconLoadRequest'.
e: file:///data/data/com.termux/files/home/Launcher3/src/com/android/launcher3/homescreenfiles/HomeScreenFilesCachingLogic.kt:64:70 Unresolved reference 'BitmapInfo'.
e: file:///data/data/com.termux/files/home/Launcher3/src/com/android/launcher3/homescreenfiles/HomeScreenFilesCachingLogic.kt:65:17 Cannot infer type for this parameter. Please specify it explicitly.
e: file:///data/data/com.termux/files/home/Launcher3/src/com/android/launcher3/homescreenfiles/HomeScreenFilesCachingLogic.kt:65:17 Unresolved reference. None of the following candidates is applicable because of a receiver type mismatch:
fun <T, R> T.run(block: T.() -> R): R
    [R|Contract description]
     <
        CallsInPlace(block, EXACTLY_ONCE)
    >
e: file:///data/data/com.termux/files/home/Launcher3/src/com/android/launcher3/homescreenfiles/HomeScreenFilesCachingLogic.kt:65:21 Cannot infer type for this parameter. Please specify it explicitly.
e: file:///data/data/com.termux/files/home/Launcher3/src/com/android/launcher3/homescreenfiles/HomeScreenFilesCachingLogic.kt:66:13 Unresolved reference 'iconFactory'.
e: file:///data/data/com.termux/files/home/Launcher3/src/com/android/launcher3/homescreenfiles/HomeScreenFilesCachingLogic.kt:66:25 Cannot infer type for this parameter. Please specify it explicitly.
e: file:///data/data/com.termux/files/home/Launcher3/src/com/android/launcher3/homescreenfiles/HomeScreenFilesCachingLogic.kt:66:31 Cannot infer type for this parameter. Please specify it explicitly.
e: file:///data/data/com.termux/files/home/Launcher3/src/com/android/launcher3/homescreenfiles/HomeScreenFilesCachingLogic.kt:67:21 Unresolved reference 'item'.
e: file:///data/data/com.termux/files/home/Launcher3/src/com/android/launcher3/homescreenfiles/HomeScreenFilesCachingLogic.kt:68:21 'return' is prohibited here.
e: file:///data/data/com.termux/files/home/Launcher3/src/com/android/launcher3/homescreenfiles/HomeScreenFilesCachingLogic.kt:68:61 Unresolved reference 'context'.
e: file:///data/data/com.termux/files/home/Launcher3/src/com/android/launcher3/homescreenfiles/HomeScreenFilesCachingLogic.kt:71:32 Unresolved reference 'item'.
e: file:///data/data/com.termux/files/home/Launcher3/src/com/android/launcher3/homescreenfiles/HomeScreenFilesCachingLogic.kt:73:21 'return' is prohibited here.
e: file:///data/data/com.termux/files/home/Launcher3/src/com/android/launcher3/homescreenfiles/HomeScreenFilesCachingLogic.kt:73:28 Unresolved reference 'BitmapInfo'.
e: file:///data/data/com.termux/files/home/Launcher3/src/com/android/launcher3/homescreenfiles/HomeScreenFilesCachingLogic.kt:80:29 Unresolved reference 'context'.
e: file:///data/data/com.termux/files/home/Launcher3/src/com/android/launcher3/homescreenfiles/HomeScreenFilesCachingLogic.kt:82:37 Unresolved reference 'item'.
e: file:///data/data/com.termux/files/home/Launcher3/src/com/android/launcher3/homescreenfiles/HomeScreenFilesCachingLogic.kt:84:41 Unresolved reference 'context'.
e: file:///data/data/com.termux/files/home/Launcher3/src/com/android/launcher3/homescreenfiles/HomeScreenFilesCachingLogic.kt:86:41 Unresolved reference 'item'.
e: file:///data/data/com.termux/files/home/Launcher3/src/com/android/launcher3/homescreenfiles/HomeScreenFilesCachingLogic.kt:91:25 'return' is prohibited here.
e: file:///data/data/com.termux/files/home/Launcher3/src/com/android/launcher3/homescreenfiles/HomeScreenFilesCachingLogic.kt:91:44 Unresolved reference 'createIconBitmap'.
e: file:///data/data/com.termux/files/home/Launcher3/src/com/android/launcher3/homescreenfiles/HomeScreenFilesCachingLogic.kt:99:17 Cannot infer type for this parameter. Please specify it explicitly.
e: file:///data/data/com.termux/files/home/Launcher3/src/com/android/launcher3/homescreenfiles/HomeScreenFilesCachingLogic.kt:99:17 Not enough information to infer type argument for 'T'.
e: file:///data/data/com.termux/files/home/Launcher3/src/com/android/launcher3/homescreenfiles/HomeScreenFilesCachingLogic.kt:100:22 Cannot infer type for this parameter. Please specify it explicitly.
e: file:///data/data/com.termux/files/home/Launcher3/src/com/android/launcher3/homescreenfiles/HomeScreenFilesCachingLogic.kt:100:22 Not enough information to infer type argument for 'T'.
e: file:///data/data/com.termux/files/home/Launcher3/src/com/android/launcher3/homescreenfiles/HomeScreenFilesCachingLogic.kt:100:22 Not enough information to infer type argument for 'R'.
e: file:///data/data/com.termux/files/home/Launcher3/src/com/android/launcher3/homescreenfiles/HomeScreenFilesCachingLogic.kt:100:34 Cannot infer type for this parameter. Please specify it explicitly.
e: file:///data/data/com.termux/files/home/Launcher3/src/com/android/launcher3/homescreenfiles/HomeScreenFilesCachingLogic.kt:101:25 Unresolved reference 'context'.
e: file:///data/data/com.termux/files/home/Launcher3/src/com/android/launcher3/homescreenfiles/HomeScreenFilesCachingLogic.kt:101:89 Unresolved reference 'context'.
e: file:///data/data/com.termux/files/home/Launcher3/src/com/android/launcher3/homescreenfiles/HomeScreenFilesCachingLogic.kt:103:22 Cannot infer type for this parameter. Please specify it explicitly.
e: file:///data/data/com.termux/files/home/Launcher3/src/com/android/launcher3/homescreenfiles/HomeScreenFilesCachingLogic.kt:103:22 Not enough information to infer type argument for 'R'.
e: file:///data/data/com.termux/files/home/Launcher3/src/com/android/launcher3/homescreenfiles/HomeScreenFilesCachingLogic.kt:103:22 Not enough information to infer type argument for 'T'.
e: file:///data/data/com.termux/files/home/Launcher3/src/com/android/launcher3/homescreenfiles/HomeScreenFilesCachingLogic.kt:103:26 Cannot infer type for this parameter. Please specify it explicitly.
e: file:///data/data/com.termux/files/home/Launcher3/src/com/android/launcher3/homescreenfiles/HomeScreenFilesCachingLogic.kt:103:40 Unresolved reference 'createBadgedIconBitmap'.
e: file:///data/data/com.termux/files/home/Launcher3/src/com/android/launcher3/homescreenfiles/HomeScreenFilesCachingLogic.kt:104:22 Cannot infer type for this parameter. Please specify it explicitly.
e: file:///data/data/com.termux/files/home/Launcher3/src/com/android/launcher3/homescreenfiles/HomeScreenFilesCachingLogic.kt:104:32 Cannot infer type for this parameter. Please specify it explicitly.
e: file:///data/data/com.termux/files/home/Launcher3/src/com/android/launcher3/homescreenfiles/HomeScreenFilesCachingLogic.kt:106:25 Unresolved reference 'BitmapInfo'.
e: file:///data/data/com.termux/files/home/Launcher3/src/com/android/launcher3/homescreenfiles/HomeScreenFilesCachingLogic.kt:111:5 'getFreshnessIdentifier' overrides nothing.
e: file:///data/data/com.termux/files/home/Launcher3/src/com/android/launcher3/homescreenfiles/HomeScreenFilesCachingLogic.kt:111:77 Unresolved reference 'IconProvider'.
e: file:///data/data/com.termux/files/home/Launcher3/src/com/android/launcher3/homescreenfiles/HomeScreenFilesCachingLogic.kt:131:22 Unresolved reference 'BaseIconFactory'.
e: file:///data/data/com.termux/files/home/Launcher3/src/com/android/launcher3/homescreenfiles/HomeScreenFilesCachingLogic.kt:134:58 Unresolved reference 'iconBitmapSize'.
e: file:///data/data/com.termux/files/home/Launcher3/src/com/android/launcher3/homescreenfiles/HomeScreenFilesIconProvider.kt:32:37 Unresolved reference 'ApplicationContext'.
e: file:///data/data/com.termux/files/home/Launcher3/src/com/android/launcher3/homescreenfiles/HomeScreenFilesIconProvider.kt:33:37 Unresolved reference 'LauncherAppSingleton'.
e: file:///data/data/com.termux/files/home/Launcher3/src/com/android/launcher3/homescreenfiles/HomeScreenFilesIconProvider.kt:34:36 Unresolved reference 'BitmapInfo'.
e: file:///data/data/com.termux/files/home/Launcher3/src/com/android/launcher3/homescreenfiles/HomeScreenFilesIconProvider.kt:35:36 Unresolved reference 'BitmapInfo'.
e: file:///data/data/com.termux/files/home/Launcher3/src/com/android/launcher3/homescreenfiles/HomeScreenFilesIconProvider.kt:36:36 Unresolved reference 'FastBitmapDrawable'.
e: file:///data/data/com.termux/files/home/Launcher3/src/com/android/launcher3/homescreenfiles/HomeScreenFilesIconProvider.kt:37:36 Unresolved reference 'FastBitmapDrawableDelegate'.
e: file:///data/data/com.termux/files/home/Launcher3/src/com/android/launcher3/homescreenfiles/HomeScreenFilesIconProvider.kt:38:36 Unresolved reference 'FastBitmapDrawableDelegate'.
e: file:///data/data/com.termux/files/home/Launcher3/src/com/android/launcher3/homescreenfiles/HomeScreenFilesIconProvider.kt:39:36 Unresolved reference 'GraphicsUtils'.
e: file:///data/data/com.termux/files/home/Launcher3/src/com/android/launcher3/homescreenfiles/HomeScreenFilesIconProvider.kt:40:36 Unresolved reference 'GraphicsUtils'.
e: file:///data/data/com.termux/files/home/Launcher3/src/com/android/launcher3/homescreenfiles/HomeScreenFilesIconProvider.kt:41:36 Unresolved reference 'IconShape'.
e: file:///data/data/com.termux/files/home/Launcher3/src/com/android/launcher3/homescreenfiles/HomeScreenFilesIconProvider.kt:48:21 Unresolved reference 'BitmapInfo'.
e: file:///data/data/com.termux/files/home/Launcher3/src/com/android/launcher3/homescreenfiles/HomeScreenFilesIconProvider.kt:53:31 Unresolved reference 'LOW_RES_INFO'.
e: file:///data/data/com.termux/files/home/Launcher3/src/com/android/launcher3/homescreenfiles/HomeScreenFilesIconProvider.kt:57:2 Unresolved reference 'LauncherAppSingleton'.
e: file:///data/data/com.termux/files/home/Launcher3/src/com/android/launcher3/homescreenfiles/HomeScreenFilesIconProvider.kt:61:6 Unresolved reference 'ApplicationContext'.
e: file:///data/data/com.termux/files/home/Launcher3/src/com/android/launcher3/homescreenfiles/HomeScreenFilesIconProvider.kt:62:6 Unresolved reference 'LauncherAppSingleton'.
e: file:///data/data/com.termux/files/home/Launcher3/src/com/android/launcher3/homescreenfiles/HomeScreenFilesIconProvider.kt:63:6 Unresolved reference 'LauncherAppSingleton'.
e: file:///data/data/com.termux/files/home/Launcher3/src/com/android/launcher3/homescreenfiles/HomeScreenFilesIconProvider.kt:67:30 Unresolved reference 'BitmapInfo'.
e: file:///data/data/com.termux/files/home/Launcher3/src/com/android/launcher3/homescreenfiles/HomeScreenFilesIconProvider.kt:80:9 Unresolved reference 'BitmapInfo'.
e: file:///data/data/com.termux/files/home/Launcher3/src/com/android/launcher3/homescreenfiles/HomeScreenFilesIconProvider.kt:87:42 Unresolved reference 'IconShape'.
e: file:///data/data/com.termux/files/home/Launcher3/src/com/android/launcher3/homescreenfiles/HomeScreenFilesIconProvider.kt:91:60 Unresolved reference 'resize'.
e: file:///data/data/com.termux/files/home/Launcher3/src/com/android/launcher3/homescreenfiles/HomeScreenFilesIconProvider.kt:92:16 Unresolved reference 'GraphicsUtils'.
e: file:///data/data/com.termux/files/home/Launcher3/src/com/android/launcher3/homescreenfiles/HomeScreenFilesIconProvider.kt:96:53 Unresolved reference 'FastBitmapDrawableDelegate'.
e: file:///data/data/com.termux/files/home/Launcher3/src/com/android/launcher3/homescreenfiles/HomeScreenFilesIconProvider.kt:98:9 'newDelegate' overrides nothing.
e: file:///data/data/com.termux/files/home/Launcher3/src/com/android/launcher3/homescreenfiles/HomeScreenFilesIconProvider.kt:99:25 Unresolved reference 'BitmapInfo'.
e: file:///data/data/com.termux/files/home/Launcher3/src/com/android/launcher3/homescreenfiles/HomeScreenFilesIconProvider.kt:100:24 Unresolved reference 'IconShape'.
e: file:///data/data/com.termux/files/home/Launcher3/src/com/android/launcher3/homescreenfiles/HomeScreenFilesIconProvider.kt:102:19 Unresolved reference 'FastBitmapDrawable'.
e: file:///data/data/com.termux/files/home/Launcher3/src/com/android/launcher3/homescreenfiles/HomeScreenFilesIconProvider.kt:103:12 Unresolved reference 'FastBitmapDrawableDelegate'.
e: file:///data/data/com.termux/files/home/Launcher3/src/com/android/launcher3/homescreenfiles/HomeScreenFilesIconProvider.kt:108:38 Unresolved reference 'FastBitmapDrawableDelegate'.
e: file:///data/data/com.termux/files/home/Launcher3/src/com/android/launcher3/homescreenfiles/HomeScreenFilesIconProvider.kt:117:9 'drawContent' overrides nothing.
e: file:///data/data/com.termux/files/home/Launcher3/src/com/android/launcher3/homescreenfiles/HomeScreenFilesIconProvider.kt:118:19 Unresolved reference 'BitmapInfo'.
e: file:///data/data/com.termux/files/home/Launcher3/src/com/android/launcher3/homescreenfiles/HomeScreenFilesIconProvider.kt:119:24 Unresolved reference 'IconShape'.
e: file:///data/data/com.termux/files/home/Launcher3/src/com/android/launcher3/homescreenfiles/HomeScreenFilesIconProvider.kt:127:28 Unresolved reference 'drawShaderInBounds'.
e: file:///data/data/com.termux/files/home/Launcher3/src/com/android/launcher3/homescreenfiles/HomeScreenFilesIconProvider.kt:127:60 Unresolved reference 'defaultIconShape'.
e: file:///data/data/com.termux/files/home/Launcher3/src/com/android/launcher3/homescreenfiles/HomeScreenFilesNoOpProvider.kt:20:35 Unresolved reference 'MutableListenableStream'.
e: file:///data/data/com.termux/files/home/Launcher3/src/com/android/launcher3/homescreenfiles/HomeScreenFilesNoOpProvider.kt:27:28 Unresolved reference 'MutableListenableStream'.
e: file:///data/data/com.termux/files/home/Launcher3/src/com/android/launcher3/homescreenfiles/HomeScreenFilesProvider.kt:24:35 Unresolved reference 'ListenableStream'.
e: file:///data/data/com.termux/files/home/Launcher3/src/com/android/launcher3/homescreenfiles/HomeScreenFilesProvider.kt:42:18 Unresolved reference 'ListenableStream'.
e: file:///data/data/com.termux/files/home/Launcher3/src/com/android/launcher3/homescreenfiles/HomeScreenFilesRenameDialogFactory.kt:19:37 Unresolved reference 'LauncherAppSingleton'.
e: file:///data/data/com.termux/files/home/Launcher3/src/com/android/launcher3/homescreenfiles/HomeScreenFilesRenameDialogFactory.kt:28:2 Unresolved reference 'LauncherAppSingleton'.
e: file:///data/data/com.termux/files/home/Launcher3/src/com/android/launcher3/homescreenfiles/HomeScreenFilesUpdateTask.kt:27:37 Unresolved reference 'ApplicationContext'.
e: file:///data/data/com.termux/files/home/Launcher3/src/com/android/launcher3/homescreenfiles/HomeScreenFilesUpdateTask.kt:117:6 Unresolved reference 'ApplicationContext'.
e: file:///data/data/com.termux/files/home/Launcher3/src/com/android/launcher3/homescreenfiles/HomeScreenFilesUpdateTask.kt:256:19 Unresolved reference 'addIconToDBAndMemCache'.
e: file:///data/data/com.termux/files/home/Launcher3/src/com/android/launcher3/homescreenfiles/HomeScreenFilesUpdateTask.kt:261:41 Cannot access class 'CacheLookupFlag'. Check your module classpath for missing or conflicting dependencies.
e: file:///data/data/com.termux/files/home/Launcher3/src/com/android/launcher3/homescreenfiles/HomeScreenFilesUtils.kt:23:30 Unresolved reference 'Flags'.
e: file:///data/data/com.termux/files/home/Launcher3/src/com/android/launcher3/homescreenfiles/HomeScreenFilesUtils.kt:24:30 Unresolved reference 'Flags'.
e: file:///data/data/com.termux/files/home/Launcher3/src/com/android/launcher3/homescreenfiles/HomeScreenFilesUtils.kt:28:20 Unresolved reference 'providers'.
e: file:///data/data/com.termux/files/home/Launcher3/src/com/android/launcher3/homescreenfiles/HomeScreenFilesUtils.kt:41:13 Unresolved reference 'showFilesOnHomeScreen'.
e: file:///data/data/com.termux/files/home/Launcher3/src/com/android/launcher3/homescreenfiles/HomeScreenFilesUtils.kt:46:13 Unresolved reference 'enableHomeScreenFilesTrashing'.
e: file:///data/data/com.termux/files/home/Launcher3/src/com/android/launcher3/homescreenfiles/HomeScreenFilesUtils.kt:46:48 Unresolved reference 'enableTrashAndRestoreByFilePathApi'.
e: file:///data/data/com.termux/files/home/Launcher3/src/com/android/launcher3/icons/CacheableShortcutInfo.kt:27:30 Unresolved reference 'BuildConfig'.
e: file:///data/data/com.termux/files/home/Launcher3/src/com/android/launcher3/icons/CacheableShortcutInfo.kt:28:36 Unresolved reference 'BaseIconFactory'.
e: file:///data/data/com.termux/files/home/Launcher3/src/com/android/launcher3/icons/CacheableShortcutInfo.kt:29:36 Unresolved reference 'cache'.
e: file:///data/data/com.termux/files/home/Launcher3/src/com/android/launcher3/icons/CacheableShortcutInfo.kt:30:36 Unresolved reference 'cache'.
e: file:///data/data/com.termux/files/home/Launcher3/src/com/android/launcher3/icons/CacheableShortcutInfo.kt:42:32 Unresolved reference 'BaseIconFactory'.
e: file:///data/data/com.termux/files/home/Launcher3/src/com/android/launcher3/icons/CacheableShortcutInfo.kt:42:52 Unresolved reference 'BitmapInfo'.
e: file:///data/data/com.termux/files/home/Launcher3/src/com/android/launcher3/icons/CacheableShortcutInfo.kt:49:32 Unresolved reference 'BaseIconFactory'.
e: file:///data/data/com.termux/files/home/Launcher3/src/com/android/launcher3/icons/CacheableShortcutInfo.kt:49:52 Unresolved reference 'BitmapInfo'.
e: file:///data/data/com.termux/files/home/Launcher3/src/com/android/launcher3/icons/CacheableShortcutInfo.kt:65:18 Unresolved reference 'BuildConfig'.
e: file:///data/data/com.termux/files/home/Launcher3/src/com/android/launcher3/icons/CacheableShortcutInfo.kt:105:40 Unresolved reference 'CachingLogic'.
e: file:///data/data/com.termux/files/home/Launcher3/src/com/android/launcher3/icons/CacheableShortcutInfo.kt:107:5 'getComponent' overrides nothing.
e: file:///data/data/com.termux/files/home/Launcher3/src/com/android/launcher3/icons/CacheableShortcutInfo.kt:108:21 Cannot access 'ComponentKey' which is a supertype of 'com.android.launcher3.shortcuts.ShortcutKey'. Check your module classpath for missing or conflicting dependencies.
e: file:///data/data/com.termux/files/home/Launcher3/src/com/android/launcher3/icons/CacheableShortcutInfo.kt:108:49 Cannot access 'ComponentKey' which is a supertype of 'com.android.launcher3.shortcuts.ShortcutKey'. Check your module classpath for missing or conflicting dependencies.
e: file:///data/data/com.termux/files/home/Launcher3/src/com/android/launcher3/icons/CacheableShortcutInfo.kt:108:49 Unresolved reference 'componentName'.
e: file:///data/data/com.termux/files/home/Launcher3/src/com/android/launcher3/icons/CacheableShortcutInfo.kt:110:5 'getUser' overrides nothing.
e: file:///data/data/com.termux/files/home/Launcher3/src/com/android/launcher3/icons/CacheableShortcutInfo.kt:112:5 'getLabel' overrides nothing.
e: file:///data/data/com.termux/files/home/Launcher3/src/com/android/launcher3/icons/CacheableShortcutInfo.kt:114:5 'getApplicationInfo' overrides nothing.
e: file:///data/data/com.termux/files/home/Launcher3/src/com/android/launcher3/icons/CacheableShortcutInfo.kt:116:5 'loadIcon' overrides nothing.
e: file:///data/data/com.termux/files/home/Launcher3/src/com/android/launcher3/icons/CacheableShortcutInfo.kt:116:36 Unresolved reference 'IconLoadRequest'.
e: file:///data/data/com.termux/files/home/Launcher3/src/com/android/launcher3/icons/CacheableShortcutInfo.kt:116:77 Unresolved reference 'BitmapInfo'.
e: file:///data/data/com.termux/files/home/Launcher3/src/com/android/launcher3/icons/CacheableShortcutInfo.kt:117:17 Cannot infer type for this parameter. Please specify it explicitly.
e: file:///data/data/com.termux/files/home/Launcher3/src/com/android/launcher3/icons/CacheableShortcutInfo.kt:117:17 Unresolved reference. None of the following candidates is applicable because of a receiver type mismatch:
fun <T, R> T.run(block: T.() -> R): R
    [R|Contract description]
     <
        CallsInPlace(block, EXACTLY_ONCE)
    >
e: file:///data/data/com.termux/files/home/Launcher3/src/com/android/launcher3/icons/CacheableShortcutInfo.kt:117:21 Cannot infer type for this parameter. Please specify it explicitly.
e: file:///data/data/com.termux/files/home/Launcher3/src/com/android/launcher3/icons/CacheableShortcutInfo.kt:118:13 Unresolved reference 'iconFactory'.
e: file:///data/data/com.termux/files/home/Launcher3/src/com/android/launcher3/icons/CacheableShortcutInfo.kt:118:25 Cannot infer type for this parameter. Please specify it explicitly.
e: file:///data/data/com.termux/files/home/Launcher3/src/com/android/launcher3/icons/CacheableShortcutInfo.kt:118:31 Cannot infer type for this parameter. Please specify it explicitly.
e: file:///data/data/com.termux/files/home/Launcher3/src/com/android/launcher3/icons/CacheableShortcutInfo.kt:119:17 Not enough information to infer type argument for 'K'.
e: file:///data/data/com.termux/files/home/Launcher3/src/com/android/launcher3/icons/CacheableShortcutInfo.kt:119:47 Unresolved reference 'context'.
e: file:///data/data/com.termux/files/home/Launcher3/src/com/android/launcher3/icons/CacheableShortcutInfo.kt:119:56 Unresolved reference 'item'.
e: file:///data/data/com.termux/files/home/Launcher3/src/com/android/launcher3/icons/CacheableShortcutInfo.kt:119:78 Unresolved reference 'fullResIconDpi'.
e: file:///data/data/com.termux/files/home/Launcher3/src/com/android/launcher3/icons/CacheableShortcutInfo.kt:119:95 Cannot infer type for this parameter. Please specify it explicitly.
e: file:///data/data/com.termux/files/home/Launcher3/src/com/android/launcher3/icons/CacheableShortcutInfo.kt:119:99 Cannot infer type for this parameter. Please specify it explicitly.
e: file:///data/data/com.termux/files/home/Launcher3/src/com/android/launcher3/icons/CacheableShortcutInfo.kt:121:24 Unresolved reference 'createBadgedIconBitmap'.
e: file:///data/data/com.termux/files/home/Launcher3/src/com/android/launcher3/icons/CacheableShortcutInfo.kt:123:25 Unresolved reference 'IconOptions'.
e: file:///data/data/com.termux/files/home/Launcher3/src/com/android/launcher3/icons/CacheableShortcutInfo.kt:124:70 Unresolved reference 'context'.
e: file:///data/data/com.termux/files/home/Launcher3/src/com/android/launcher3/icons/CacheableShortcutInfo.kt:125:44 Unresolved reference 'sourceHint'.
e: file:///data/data/com.termux/files/home/Launcher3/src/com/android/launcher3/icons/CacheableShortcutInfo.kt:127:22 Unresolved reference 'item'.
e: file:///data/data/com.termux/files/home/Launcher3/src/com/android/launcher3/icons/CacheableShortcutInfo.kt:127:48 Cannot infer type for this parameter. Please specify it explicitly.
e: file:///data/data/com.termux/files/home/Launcher3/src/com/android/launcher3/icons/CacheableShortcutInfo.kt:127:62 Unresolved reference 'BitmapInfo'.
e: file:///data/data/com.termux/files/home/Launcher3/src/com/android/launcher3/icons/CacheableShortcutInfo.kt:131:5 'getFreshnessIdentifier' overrides nothing.
e: file:///data/data/com.termux/files/home/Launcher3/src/com/android/launcher3/icons/CacheableShortcutInfo.kt:131:80 Unresolved reference 'IconProvider'.
e: file:///data/data/com.termux/files/home/Launcher3/src/com/android/launcher3/icons/CacheableShortcutInfo.kt:133:14 Unresolved reference 'getStateForApp'.
e: file:///data/data/com.termux/files/home/Launcher3/src/com/android/launcher3/icons/IconCache.kt:36:30 Unresolved reference 'Flags'.
e: file:///data/data/com.termux/files/home/Launcher3/src/com/android/launcher3/icons/IconCache.kt:42:37 Unresolved reference 'ApplicationContext'.
e: file:///data/data/com.termux/files/home/Launcher3/src/com/android/launcher3/icons/IconCache.kt:43:37 Unresolved reference 'LauncherAppSingleton'.
e: file:///data/data/com.termux/files/home/Launcher3/src/com/android/launcher3/icons/IconCache.kt:52:36 Unresolved reference 'cache'.
e: file:///data/data/com.termux/files/home/Launcher3/src/com/android/launcher3/icons/IconCache.kt:53:36 Unresolved reference 'cache'.
e: file:///data/data/com.termux/files/home/Launcher3/src/com/android/launcher3/icons/IconCache.kt:54:36 Unresolved reference 'cache'.
e: file:///data/data/com.termux/files/home/Launcher3/src/com/android/launcher3/icons/IconCache.kt:55:36 Unresolved reference 'cache'.
e: file:///data/data/com.termux/files/home/Launcher3/src/com/android/launcher3/icons/IconCache.kt:56:36 Unresolved reference 'cache'.
e: file:///data/data/com.termux/files/home/Launcher3/src/com/android/launcher3/icons/IconCache.kt:70:35 Unresolved reference 'ComponentKey'.
e: file:///data/data/com.termux/files/home/Launcher3/src/com/android/launcher3/icons/IconCache.kt:84:2 Unresolved reference 'LauncherAppSingleton'.
e: file:///data/data/com.termux/files/home/Launcher3/src/com/android/launcher3/icons/IconCache.kt:88:6 Unresolved reference 'ApplicationContext'.
e: file:///data/data/com.termux/files/home/Launcher3/src/com/android/launcher3/icons/IconCache.kt:98:5 Unresolved reference 'BaseIconCache'.
e: file:///data/data/com.termux/files/home/Launcher3/src/com/android/launcher3/icons/IconCache.kt:111:41 Argument type mismatch: actual type is 'com.android.launcher3.util.LooperExecutor!', but 'java.util.concurrent.Executor' was expected.
e: file:///data/data/com.termux/files/home/Launcher3/src/com/android/launcher3/icons/IconCache.kt:113:57 Unresolved reference 'BitmapInfo'.
e: file:///data/data/com.termux/files/home/Launcher3/src/com/android/launcher3/icons/IconCache.kt:120:5 'getSerialNumberForUser' overrides nothing.
e: file:///data/data/com.termux/files/home/Launcher3/src/com/android/launcher3/icons/IconCache.kt:123:5 'isInstantApp' overrides nothing.
e: file:///data/data/com.termux/files/home/Launcher3/src/com/android/launcher3/icons/IconCache.kt:126:5 'iconFactory' overrides nothing.
e: file:///data/data/com.termux/files/home/Launcher3/src/com/android/launcher3/icons/IconCache.kt:126:31 Unresolved reference 'BaseIconFactory'.
e: file:///data/data/com.termux/files/home/Launcher3/src/com/android/launcher3/icons/IconCache.kt:135:13 Unresolved reference 'Flags'.
e: file:///data/data/com.termux/files/home/Launcher3/src/com/android/launcher3/icons/IconCache.kt:137:47 Unresolved reference 'isArchived'.
e: file:///data/data/com.termux/files/home/Launcher3/src/com/android/launcher3/icons/IconCache.kt:142:9 Unresolved reference 'removeIconsForPkg'.
e: file:///data/data/com.termux/files/home/Launcher3/src/com/android/launcher3/icons/IconCache.kt:144:24 Unresolved reference 'addIconToDBAndMemCache'.
e: file:///data/data/com.termux/files/home/Launcher3/src/com/android/launcher3/icons/IconCache.kt:144:51 Unresolved reference 'LauncherActivityCachingLogic'.
e: file:///data/data/com.termux/files/home/Launcher3/src/com/android/launcher3/icons/IconCache.kt:152:13 Unresolved reference 'getUpdateHandler'.
e: file:///data/data/com.termux/files/home/Launcher3/src/com/android/launcher3/icons/IconCache.kt:153:13 Unresolved reference 'iconDb'.
e: file:///data/data/com.termux/files/home/Launcher3/src/com/android/launcher3/icons/IconCache.kt:167:21 Unresolved reference 'CacheLookupFlag'.
e: file:///data/data/com.termux/files/home/Launcher3/src/com/android/launcher3/icons/IconCache.kt:200:37 Unresolved reference 'workerHandler'.
e: file:///data/data/com.termux/files/home/Launcher3/src/com/android/launcher3/icons/IconCache.kt:215:13 Unresolved reference 'cacheLocked'.
e: file:///data/data/com.termux/files/home/Launcher3/src/com/android/launcher3/icons/IconCache.kt:219:17 Unresolved reference 'LauncherActivityCachingLogic'.
e: file:///data/data/com.termux/files/home/Launcher3/src/com/android/launcher3/icons/IconCache.kt:220:29 Cannot access class 'CacheLookupFlag'. Check your module classpath for missing or conflicting dependencies.
e: file:///data/data/com.termux/files/home/Launcher3/src/com/android/launcher3/icons/IconCache.kt:230:21 Unresolved reference 'CacheLookupFlag'.
e: file:///data/data/com.termux/files/home/Launcher3/src/com/android/launcher3/icons/IconCache.kt:233:13 Unresolved reference 'Flags'.
e: file:///data/data/com.termux/files/home/Launcher3/src/com/android/launcher3/icons/IconCache.kt:236:43 Unresolved reference 'isArchived'.
e: file:///data/data/com.termux/files/home/Launcher3/src/com/android/launcher3/icons/IconCache.kt:238:42 Unresolved reference 'withUsePackageIcon'.
e: file:///data/data/com.termux/files/home/Launcher3/src/com/android/launcher3/icons/IconCache.kt:247:36 Unresolved reference 'context'.
e: file:///data/data/com.termux/files/home/Launcher3/src/com/android/launcher3/icons/IconCache.kt:248:22 Unresolved reference 'CacheLookupFlag'.
e: file:///data/data/com.termux/files/home/Launcher3/src/com/android/launcher3/icons/IconCache.kt:248:40 Unresolved reference 'CacheLookupFlag'.
e: file:///data/data/com.termux/files/home/Launcher3/src/com/android/launcher3/icons/IconCache.kt:250:28 Cannot access class 'BitmapInfo'. Check your module classpath for missing or conflicting dependencies.
e: file:///data/data/com.termux/files/home/Launcher3/src/com/android/launcher3/icons/IconCache.kt:251:54 Unresolved reference 'BaseIconFactory'.
e: file:///data/data/com.termux/files/home/Launcher3/src/com/android/launcher3/icons/IconCache.kt:251:56 Cannot access class 'BitmapInfo'. Check your module classpath for missing or conflicting dependencies.
e: file:///data/data/com.termux/files/home/Launcher3/src/com/android/launcher3/icons/IconCache.kt:263:22 Unresolved reference 'CacheLookupFlag'.
e: file:///data/data/com.termux/files/home/Launcher3/src/com/android/launcher3/icons/IconCache.kt:267:13 Unresolved reference 'cacheLocked'.
e: file:///data/data/com.termux/files/home/Launcher3/src/com/android/launcher3/icons/IconCache.kt:272:33 Unresolved reference 'withSkipAddToMemCache'.
e: file:///data/data/com.termux/files/home/Launcher3/src/com/android/launcher3/icons/IconCache.kt:276:26 Unresolved reference 'getDefaultIcon'.
e: file:///data/data/com.termux/files/home/Launcher3/src/com/android/launcher3/icons/IconCache.kt:278:13 Unresolved reference 'isDefaultIcon'.
e: file:///data/data/com.termux/files/home/Launcher3/src/com/android/launcher3/icons/IconCache.kt:279:14 Cannot access class 'BitmapInfo'. Check your module classpath for missing or conflicting dependencies.
e: file:///data/data/com.termux/files/home/Launcher3/src/com/android/launcher3/icons/IconCache.kt:283:71 Unresolved reference 'CacheLookupFlag'.
e: file:///data/data/com.termux/files/home/Launcher3/src/com/android/launcher3/icons/IconCache.kt:283:89 Unresolved reference 'BitmapInfo'.
e: file:///data/data/com.termux/files/home/Launcher3/src/com/android/launcher3/icons/IconCache.kt:284:61 Cannot access class 'BitmapInfo'. Check your module classpath for missing or conflicting dependencies.
e: file:///data/data/com.termux/files/home/Launcher3/src/com/android/launcher3/icons/IconCache.kt:289:22 Unresolved reference 'CacheLookupFlag'.
e: file:///data/data/com.termux/files/home/Launcher3/src/com/android/launcher3/icons/IconCache.kt:325:61 Unresolved reference 'CacheLookupFlag'.
e: file:///data/data/com.termux/files/home/Launcher3/src/com/android/launcher3/icons/IconCache.kt:329:22 Cannot access class 'BitmapInfo'. Check your module classpath for missing or conflicting dependencies.
e: file:///data/data/com.termux/files/home/Launcher3/src/com/android/launcher3/icons/IconCache.kt:329:31 Unresolved reference 'getDefaultIcon'.
e: file:///data/data/com.termux/files/home/Launcher3/src/com/android/launcher3/icons/IconCache.kt:332:21 Unresolved reference 'cacheLocked'.
e: file:///data/data/com.termux/files/home/Launcher3/src/com/android/launcher3/icons/IconCache.kt:342:34 Cannot access 'ComponentKey' which is a supertype of 'com.android.launcher3.shortcuts.ShortcutKey'. Check your module classpath for missing or conflicting dependencies.
e: file:///data/data/com.termux/files/home/Launcher3/src/com/android/launcher3/icons/IconCache.kt:344:20 Cannot access 'ComponentKey' which is a supertype of 'com.android.launcher3.shortcuts.ShortcutKey'. Check your module classpath for missing or conflicting dependencies.
e: file:///data/data/com.termux/files/home/Launcher3/src/com/android/launcher3/icons/IconCache.kt:344:33 Unresolved reference 'context'.
e: file:///data/data/com.termux/files/home/Launcher3/src/com/android/launcher3/icons/IconCache.kt:348:40 Unresolved reference 'context'.
e: file:///data/data/com.termux/files/home/Launcher3/src/com/android/launcher3/icons/IconCache.kt:354:18 Cannot access class 'BitmapInfo'. Check your module classpath for missing or conflicting dependencies.
e: file:///data/data/com.termux/files/home/Launcher3/src/com/android/launcher3/icons/IconCache.kt:354:27 Unresolved reference 'getDefaultIcon'.
e: file:///data/data/com.termux/files/home/Launcher3/src/com/android/launcher3/icons/IconCache.kt:359:46 Unresolved reference 'withUsePackageIcon'.
e: file:///data/data/com.termux/files/home/Launcher3/src/com/android/launcher3/icons/IconCache.kt:367:31 Unresolved reference 'CachedObject'.
e: file:///data/data/com.termux/files/home/Launcher3/src/com/android/launcher3/icons/IconCache.kt:369:13 Unresolved reference 'cacheLocked'.
e: file:///data/data/com.termux/files/home/Launcher3/src/com/android/launcher3/icons/IconCache.kt:370:22 Unresolved reference 'component'.
e: file:///data/data/com.termux/files/home/Launcher3/src/com/android/launcher3/icons/IconCache.kt:371:22 Unresolved reference 'user'.
e: file:///data/data/com.termux/files/home/Launcher3/src/com/android/launcher3/icons/IconCache.kt:372:17 Unresolved reference 'CachedObject'.
e: file:///data/data/com.termux/files/home/Launcher3/src/com/android/launcher3/icons/IconCache.kt:373:17 Unresolved reference 'CachedObjectCachingLogic'.
e: file:///data/data/com.termux/files/home/Launcher3/src/com/android/launcher3/icons/IconCache.kt:374:17 Unresolved reference 'CacheLookupFlag'.
e: file:///data/data/com.termux/files/home/Launcher3/src/com/android/launcher3/icons/IconCache.kt:383:21 Unresolved reference 'CacheLookupFlag'.
e: file:///data/data/com.termux/files/home/Launcher3/src/com/android/launcher3/icons/IconCache.kt:387:13 Unresolved reference 'cacheLocked'.
e: file:///data/data/com.termux/files/home/Launcher3/src/com/android/launcher3/icons/IconCache.kt:391:17 Unresolved reference 'LauncherActivityCachingLogic'.
e: file:///data/data/com.termux/files/home/Launcher3/src/com/android/launcher3/icons/IconCache.kt:408:21 Unresolved reference 'CacheLookupFlag'.
e: file:///data/data/com.termux/files/home/Launcher3/src/com/android/launcher3/icons/IconCache.kt:418:16 Unresolved reference 'iconDb'.
e: file:///data/data/com.termux/files/home/Launcher3/src/com/android/launcher3/icons/IconCache.kt:419:24 Unresolved reference 'toLookupColumns'.
e: file:///data/data/com.termux/files/home/Launcher3/src/com/android/launcher3/icons/IconCache.kt:420:15 Unresolved reference 'COLUMN_COMPONENT'.
e: file:///data/data/com.termux/files/home/Launcher3/src/com/android/launcher3/icons/IconCache.kt:420:64 Unresolved reference 'COLUMN_USER'.
e: file:///data/data/com.termux/files/home/Launcher3/src/com/android/launcher3/icons/IconCache.kt:434:33 Cannot access class 'BitmapInfo'. Check your module classpath for missing or conflicting dependencies.
e: file:///data/data/com.termux/files/home/Launcher3/src/com/android/launcher3/icons/IconCache.kt:434:42 Unresolved reference 'getDefaultIcon'.
e: file:///data/data/com.termux/files/home/Launcher3/src/com/android/launcher3/icons/IconCache.kt:446:59 Cannot access class 'CacheLookupFlag'. Check your module classpath for missing or conflicting dependencies.
e: file:///data/data/com.termux/files/home/Launcher3/src/com/android/launcher3/icons/IconCache.kt:464:72 Unresolved reference 'COLUMN_COMPONENT'.
e: file:///data/data/com.termux/files/home/Launcher3/src/com/android/launcher3/icons/IconCache.kt:479:25 Unresolved reference 'cacheLocked'.
e: file:///data/data/com.termux/files/home/Launcher3/src/com/android/launcher3/icons/IconCache.kt:483:29 Unresolved reference 'LauncherActivityCachingLogic'.
e: file:///data/data/com.termux/files/home/Launcher3/src/com/android/launcher3/icons/IconCache.kt:502:33 Cannot access class 'BitmapInfo'. Check your module classpath for missing or conflicting dependencies.
e: file:///data/data/com.termux/files/home/Launcher3/src/com/android/launcher3/icons/IconCache.kt:505:17 Unresolved reference 'isDefaultIcon'.
e: file:///data/data/com.termux/files/home/Launcher3/src/com/android/launcher3/icons/IconCache.kt:505:31 Cannot access class 'BitmapInfo'. Check your module classpath for missing or conflicting dependencies.
e: file:///data/data/com.termux/files/home/Launcher3/src/com/android/launcher3/icons/IconCache.kt:505:55 Cannot access class 'BitmapInfo'. Check your module classpath for missing or conflicting dependencies.
e: file:///data/data/com.termux/files/home/Launcher3/src/com/android/launcher3/icons/IconCache.kt:505:64 Unresolved reference 'BitmapInfo'.
e: file:///data/data/com.termux/files/home/Launcher3/src/com/android/launcher3/icons/IconCache.kt:512:29 Unresolved reference 'CacheEntry'.
e: file:///data/data/com.termux/files/home/Launcher3/src/com/android/launcher3/icons/IconCache.kt:518:32 Cannot access class 'BitmapInfo'. Check your module classpath for missing or conflicting dependencies.
e: file:///data/data/com.termux/files/home/Launcher3/src/com/android/launcher3/icons/IconCache.kt:522:21 Unresolved reference 'loadFallbackIcon'.
e: file:///data/data/com.termux/files/home/Launcher3/src/com/android/launcher3/icons/IconCache.kt:525:25 Unresolved reference 'LauncherActivityCachingLogic'.
e: file:///data/data/com.termux/files/home/Launcher3/src/com/android/launcher3/icons/IconCache.kt:526:41 Cannot access class 'CacheLookupFlag'. Check your module classpath for missing or conflicting dependencies.
e: file:///data/data/com.termux/files/home/Launcher3/src/com/android/launcher3/icons/IconCache.kt:526:52 Unresolved reference 'withUsePackageIcon'.
e: file:///data/data/com.termux/files/home/Launcher3/src/com/android/launcher3/icons/IconCache.kt:533:21 Unresolved reference 'loadFallbackTitle'.
e: file:///data/data/com.termux/files/home/Launcher3/src/com/android/launcher3/icons/IconCache.kt:533:51 Unresolved reference 'LauncherActivityCachingLogic'.
e: file:///data/data/com.termux/files/home/Launcher3/src/com/android/launcher3/icons/IconCache.kt:544:71 Unresolved reference 'CacheLookupFlag'.
e: file:///data/data/com.termux/files/home/Launcher3/src/com/android/launcher3/icons/IconCache.kt:545:21 Unresolved reference 'getEntryForPackageLocked'.
e: file:///data/data/com.termux/files/home/Launcher3/src/com/android/launcher3/icons/IconCache.kt:549:62 Unresolved reference 'context'.
e: file:///data/data/com.termux/files/home/Launcher3/src/com/android/launcher3/icons/IconCache.kt:550:21 Unresolved reference 'context'.
e: file:///data/data/com.termux/files/home/Launcher3/src/com/android/launcher3/icons/IconCache.kt:552:40 Unresolved reference 'getUserBadgedLabel'.
e: file:///data/data/com.termux/files/home/Launcher3/src/com/android/launcher3/icons/IconCache.kt:555:23 Cannot access class 'BitmapInfo'. Check your module classpath for missing or conflicting dependencies.
e: file:///data/data/com.termux/files/home/Launcher3/src/com/android/launcher3/icons/IconCache.kt:562:24 Unresolved reference 'createBadgedIconBitmap'.
e: file:///data/data/com.termux/files/home/Launcher3/src/com/android/launcher3/icons/IconCache.kt:562:47 Unresolved reference 'context'.
e: file:///data/data/com.termux/files/home/Launcher3/src/com/android/launcher3/icons/IconCache.kt:564:27 Cannot access class 'BitmapInfo'. Check your module classpath for missing or conflicting dependencies.
e: file:///data/data/com.termux/files/home/Launcher3/src/com/android/launcher3/icons/IconCache.kt:572:39 Unresolved reference 'BitmapInfo'.
e: file:///data/data/com.termux/files/home/Launcher3/src/com/android/launcher3/icons/IconCache.kt:572:71 Unresolved reference 'BitmapInfo'.
e: file:///data/data/com.termux/files/home/Launcher3/src/com/android/launcher3/icons/IconCache.kt:573:17 Unresolved reference 'withFlags'.
e: file:///data/data/com.termux/files/home/Launcher3/src/com/android/launcher3/icons/IconCache.kt:573:27 Unresolved reference 'getUserFlagOpLocked'.
e: file:///data/data/com.termux/files/home/Launcher3/src/com/android/launcher3/icons/IconCache.kt:573:57 Unresolved reference 'getDefaultIcon'.
e: file:///data/data/com.termux/files/home/Launcher3/src/com/android/launcher3/icons/IconCache.kt:575:40 Unresolved reference 'CacheEntry'.
e: file:///data/data/com.termux/files/home/Launcher3/src/com/android/launcher3/icons/IconCache.kt:576:43 Unresolved reference 'title'.
e: file:///data/data/com.termux/files/home/Launcher3/src/com/android/launcher3/icons/IconCache.kt:579:17 Unresolved reference 'context'.
e: file:///data/data/com.termux/files/home/Launcher3/src/com/android/launcher3/icons/IconCache.kt:581:27 Unresolved reference 'contentDescription'.
e: file:///data/data/com.termux/files/home/Launcher3/src/com/android/launcher3/icons/IconCache.kt:583:24 Unresolved reference 'contentDescription'.
e: file:///data/data/com.termux/files/home/Launcher3/src/com/android/launcher3/icons/IconCache.kt:584:14 Cannot access class 'BitmapInfo'. Check your module classpath for missing or conflicting dependencies.
e: file:///data/data/com.termux/files/home/Launcher3/src/com/android/launcher3/icons/IconCache.kt:584:29 Unresolved reference 'bitmap'.
e: file:///data/data/com.termux/files/home/Launcher3/src/com/android/launcher3/icons/IconCache.kt:587:19 Unresolved reference 'bitmap'.
e: file:///data/data/com.termux/files/home/Launcher3/src/com/android/launcher3/icons/IconCache.kt:590:18 Cannot access class 'BitmapInfo'. Check your module classpath for missing or conflicting dependencies.
e: file:///data/data/com.termux/files/home/Launcher3/src/com/android/launcher3/icons/IconCache.kt:590:27 Unresolved reference 'getDefaultIcon'.
e: file:///data/data/com.termux/files/home/Launcher3/src/com/android/launcher3/icons/IconCache.kt:594:14 Unresolved reference 'Flags'.
e: file:///data/data/com.termux/files/home/Launcher3/src/com/android/launcher3/icons/IconCache.kt:597:28 Unresolved reference 'getInMemoryPackageEntryLocked'.
e: file:///data/data/com.termux/files/home/Launcher3/src/com/android/launcher3/icons/IconCache.kt:598:50 Unresolved reference 'bitmap'.
e: file:///data/data/com.termux/files/home/Launcher3/src/com/android/launcher3/icons/IconCache.kt:601:50 Unresolved reference 'title'.
e: file:///data/data/com.termux/files/home/Launcher3/src/com/android/launcher3/icons/IconCache.kt:602:48 Unresolved reference 'contentDescription'.
e: file:///data/data/com.termux/files/home/Launcher3/src/com/android/launcher3/icons/IconCache.kt:603:14 Cannot access class 'BitmapInfo'. Check your module classpath for missing or conflicting dependencies.
e: file:///data/data/com.termux/files/home/Launcher3/src/com/android/launcher3/icons/IconCache.kt:603:36 Unresolved reference 'bitmap'.
e: file:///data/data/com.termux/files/home/Launcher3/src/com/android/launcher3/icons/IconCache.kt:607:9 Unresolved reference 'cachePackageInstallInfo'.
e: file:///data/data/com.termux/files/home/Launcher3/src/com/android/launcher3/icons/IconCache.kt:611:30 Unresolved reference 'ComponentKey'.
e: file:///data/data/com.termux/files/home/Launcher3/src/com/android/launcher3/icons/IconCache.kt:612:9 Unresolved reference 'getEntryFromDBLocked'.
e: file:///data/data/com.termux/files/home/Launcher3/src/com/android/launcher3/icons/IconCache.kt:614:13 Unresolved reference 'CacheEntry'.
e: file:///data/data/com.termux/files/home/Launcher3/src/com/android/launcher3/icons/IconCache.kt:615:13 Unresolved reference 'CacheLookupFlag'.
e: file:///data/data/com.termux/files/home/Launcher3/src/com/android/launcher3/icons/IconCache.kt:616:13 Unresolved reference 'LauncherActivityCachingLogic'.
e: file:///data/data/com.termux/files/home/Launcher3/src/com/android/launcher3/icons/IconCache.kt:625:5 'logPersistently' overrides nothing.
e: file:///data/data/com.termux/files/home/Launcher3/src/com/android/launcher3/icons/IconCache.kt:629:76 Unresolved reference 'CacheLookupFlag'.
e: file:///data/data/com.termux/files/home/Launcher3/src/com/android/launcher3/icons/IconChangeTracker.kt:28:30 Unresolved reference 'concurrent'.
e: file:///data/data/com.termux/files/home/Launcher3/src/com/android/launcher3/icons/IconChangeTracker.kt:29:30 Unresolved reference 'concurrent'.
e: file:///data/data/com.termux/files/home/Launcher3/src/com/android/launcher3/icons/IconChangeTracker.kt:30:37 Unresolved reference 'ApplicationContext'.
e: file:///data/data/com.termux/files/home/Launcher3/src/com/android/launcher3/icons/IconChangeTracker.kt:31:37 Unresolved reference 'LauncherAppSingleton'.
e: file:///data/data/com.termux/files/home/Launcher3/src/com/android/launcher3/icons/IconChangeTracker.kt:35:35 Unresolved reference 'MutableListenableStream'.
e: file:///data/data/com.termux/files/home/Launcher3/src/com/android/launcher3/icons/IconChangeTracker.kt:42:2 Unresolved reference 'LauncherAppSingleton'.
e: file:///data/data/com.termux/files/home/Launcher3/src/com/android/launcher3/icons/IconChangeTracker.kt:46:6 Unresolved reference 'ApplicationContext'.
e: file:///data/data/com.termux/files/home/Launcher3/src/com/android/launcher3/icons/IconChangeTracker.kt:47:6 Unresolved reference 'LightweightBackground'.
e: file:///data/data/com.termux/files/home/Launcher3/src/com/android/launcher3/icons/IconChangeTracker.kt:47:28 Unresolved reference 'LightweightBackgroundPriority'.
e: file:///data/data/com.termux/files/home/Launcher3/src/com/android/launcher3/icons/IconChangeTracker.kt:52:57 Unresolved reference 'R'.
e: file:///data/data/com.termux/files/home/Launcher3/src/com/android/launcher3/icons/IconChangeTracker.kt:53:54 Unresolved reference 'R'.
e: file:///data/data/com.termux/files/home/Launcher3/src/com/android/launcher3/icons/IconChangeTracker.kt:55:28 Unresolved reference 'MutableListenableStream'.
e: file:///data/data/com.termux/files/home/Launcher3/src/com/android/launcher3/icons/LauncherIcons.kt:20:30 Unresolved reference 'Flags'.
e: file:///data/data/com.termux/files/home/Launcher3/src/com/android/launcher3/icons/LauncherIcons.kt:22:37 Unresolved reference 'ApplicationContext'.
e: file:///data/data/com.termux/files/home/Launcher3/src/com/android/launcher3/icons/LauncherIcons.kt:23:37 Unresolved reference 'LauncherAppSingleton'.
e: file:///data/data/com.termux/files/home/Launcher3/src/com/android/launcher3/icons/LauncherIcons.kt:27:35 Unresolved reference 'UserIconInfo'.
e: file:///data/data/com.termux/files/home/Launcher3/src/com/android/launcher3/icons/LauncherIcons.kt:41:6 Unresolved reference 'ApplicationContext'.
e: file:///data/data/com.termux/files/home/Launcher3/src/com/android/launcher3/icons/LauncherIcons.kt:47:5 Unresolved reference 'BaseIconFactory'.
e: file:///data/data/com.termux/files/home/Launcher3/src/com/android/launcher3/icons/LauncherIcons.kt:51:34 Unresolved reference 'Flags'.
e: file:///data/data/com.termux/files/home/Launcher3/src/com/android/launcher3/icons/LauncherIcons.kt:58:9 Unresolved reference 'clear'.
e: file:///data/data/com.termux/files/home/Launcher3/src/com/android/launcher3/icons/LauncherIcons.kt:62:5 'getUserInfo' overrides nothing.
e: file:///data/data/com.termux/files/home/Launcher3/src/com/android/launcher3/icons/LauncherIcons.kt:62:49 Unresolved reference 'UserIconInfo'.
e: file:///data/data/com.termux/files/home/Launcher3/src/com/android/launcher3/icons/LauncherIcons.kt:75:6 Unresolved reference 'LauncherAppSingleton'.
e: file:///data/data/com.termux/files/home/Launcher3/src/com/android/launcher3/keyboard/KeyboardStateManager.kt:26:37 Unresolved reference 'ActivityContextSingleton'.
e: file:///data/data/com.termux/files/home/Launcher3/src/com/android/launcher3/keyboard/KeyboardStateManager.kt:34:2 Unresolved reference 'ActivityContextSingleton'.
e: file:///data/data/com.termux/files/home/Launcher3/src/com/android/launcher3/logging/DumpManager.kt:19:37 Unresolved reference 'LauncherAppSingleton'.
e: file:///data/data/com.termux/files/home/Launcher3/src/com/android/launcher3/logging/DumpManager.kt:20:35 Unresolved reference 'SafeCloseable'.
e: file:///data/data/com.termux/files/home/Launcher3/src/com/android/launcher3/logging/DumpManager.kt:26:2 Unresolved reference 'LauncherAppSingleton'.
e: file:///data/data/com.termux/files/home/Launcher3/src/com/android/launcher3/logging/DumpManager.kt:32:45 Unresolved reference 'SafeCloseable'.
e: file:///data/data/com.termux/files/home/Launcher3/src/com/android/launcher3/logging/DumpManager.kt:34:16 Unresolved reference 'SafeCloseable'.
e: file:///data/data/com.termux/files/home/Launcher3/src/com/android/launcher3/logging/StatsLogManager.kt:20:17 Unresolved reference 'slice'.
e: file:///data/data/com.termux/files/home/Launcher3/src/com/android/launcher3/logging/StatsLogManager.kt:22:30 Unresolved reference 'logger'.
e: file:///data/data/com.termux/files/home/Launcher3/src/com/android/launcher3/logging/StatsLogManager.kt:23:30 Unresolved reference 'logger'.
e: file:///data/data/com.termux/files/home/Launcher3/src/com/android/launcher3/logging/StatsLogManager.kt:24:30 Unresolved reference 'logger'.
e: file:///data/data/com.termux/files/home/Launcher3/src/com/android/launcher3/logging/StatsLogManager.kt:25:30 Unresolved reference 'logger'.
e: file:///data/data/com.termux/files/home/Launcher3/src/com/android/launcher3/logging/StatsLogManager.kt:26:30 Unresolved reference 'logger'.
e: file:///data/data/com.termux/files/home/Launcher3/src/com/android/launcher3/logging/StatsLogManager.kt:764:38 Unresolved reference 'FromState'.
e: file:///data/data/com.termux/files/home/Launcher3/src/com/android/launcher3/logging/StatsLogManager.kt:767:34 Unresolved reference 'ToState'.
e: file:///data/data/com.termux/files/home/Launcher3/src/com/android/launcher3/logging/StatsLogManager.kt:778:46 Unresolved reference 'ContainerInfo'.
e: file:///data/data/com.termux/files/home/Launcher3/src/com/android/launcher3/logging/StatsLogManager.kt:781:38 Unresolved reference 'SliceItem'.
e: file:///data/data/com.termux/files/home/Launcher3/src/com/android/launcher3/logging/StatsLogManager.kt:784:30 Unresolved reference 'Slice'.
e: file:///data/data/com.termux/files/home/Launcher3/src/com/android/launcher3/model/BgDataModel.kt:26:30 Unresolved reference 'BuildConfig'.
e: file:///data/data/com.termux/files/home/Launcher3/src/com/android/launcher3/model/BgDataModel.kt:27:30 Unresolved reference 'Flags'.
e: file:///data/data/com.termux/files/home/Launcher3/src/com/android/launcher3/model/BgDataModel.kt:31:37 Unresolved reference 'LauncherAppSingleton'.
e: file:///data/data/com.termux/files/home/Launcher3/src/com/android/launcher3/model/BgDataModel.kt:51:35 Unresolved reference 'ComponentKey'.
e: file:///data/data/com.termux/files/home/Launcher3/src/com/android/launcher3/model/BgDataModel.kt:71:2 Unresolved reference 'LauncherAppSingleton'.
e: file:///data/data/com.termux/files/home/Launcher3/src/com/android/launcher3/model/BgDataModel.kt:96:30 Unresolved reference 'ComponentKey'.
e: file:///data/data/com.termux/files/home/Launcher3/src/com/android/launcher3/model/BgDataModel.kt:96:51 Cannot infer type for this parameter. Please specify it explicitly.
e: file:///data/data/com.termux/files/home/Launcher3/src/com/android/launcher3/model/BgDataModel.kt:116:27 Cannot infer type for this parameter. Please specify it explicitly.
e: file:///data/data/com.termux/files/home/Launcher3/src/com/android/launcher3/model/BgDataModel.kt:116:27 Not enough information to infer type argument for 'K'.
e: file:///data/data/com.termux/files/home/Launcher3/src/com/android/launcher3/model/BgDataModel.kt:116:27 Not enough information to infer type argument for 'V'.
e: file:///data/data/com.termux/files/home/Launcher3/src/com/android/launcher3/model/BgDataModel.kt:134:13 Unresolved reference 'BuildConfig'.
e: file:///data/data/com.termux/files/home/Launcher3/src/com/android/launcher3/model/BgDataModel.kt:155:13 Unresolved reference 'Flags'.
e: file:///data/data/com.termux/files/home/Launcher3/src/com/android/launcher3/model/BgDataModel.kt:175:13 Unresolved reference 'Flags'.
e: file:///data/data/com.termux/files/home/Launcher3/src/com/android/launcher3/model/BgDataModel.kt:190:13 Unresolved reference 'Flags'.
e: file:///data/data/com.termux/files/home/Launcher3/src/com/android/launcher3/model/BgDataModel.kt:203:13 Unresolved reference 'Flags'.
e: file:///data/data/com.termux/files/home/Launcher3/src/com/android/launcher3/model/BgDataModel.kt:221:13 Unresolved reference 'Flags'.
e: file:///data/data/com.termux/files/home/Launcher3/src/com/android/launcher3/model/BgDataModel.kt:242:13 Unresolved reference 'Flags'.
e: file:///data/data/com.termux/files/home/Launcher3/src/com/android/launcher3/model/BgDataModel.kt:251:14 Unresolved reference 'BuildConfig'.
e: file:///data/data/com.termux/files/home/Launcher3/src/com/android/launcher3/model/BgDataModel.kt:280:45 Cannot access 'ComponentKey' which is a supertype of 'com.android.launcher3.shortcuts.ShortcutKey'. Check your module classpath for missing or conflicting dependencies.
e: file:///data/data/com.termux/files/home/Launcher3/src/com/android/launcher3/model/BgDataModel.kt:292:34 Cannot access 'ComponentKey' which is a supertype of 'com.android.launcher3.shortcuts.ShortcutKey'. Check your module classpath for missing or conflicting dependencies.
e: file:///data/data/com.termux/files/home/Launcher3/src/com/android/launcher3/model/BgDataModel.kt:295:81 Cannot access 'ComponentKey' which is a supertype of 'com.android.launcher3.shortcuts.ShortcutKey'. Check your module classpath for missing or conflicting dependencies.
e: file:///data/data/com.termux/files/home/Launcher3/src/com/android/launcher3/model/BgDataModel.kt:296:94 Cannot access 'ComponentKey' which is a supertype of 'com.android.launcher3.shortcuts.ShortcutKey'. Check your module classpath for missing or conflicting dependencies.
e: file:///data/data/com.termux/files/home/Launcher3/src/com/android/launcher3/model/BgDataModel.kt:351:25 Unresolved reference 'ComponentKey'.
e: file:///data/data/com.termux/files/home/Launcher3/src/com/android/launcher3/model/BgDataModel.kt:354:47 Cannot infer type for this parameter. Please specify it explicitly.
e: file:///data/data/com.termux/files/home/Launcher3/src/com/android/launcher3/model/BgDataModel.kt:354:47 Unresolved reference. None of the following candidates is applicable because of a receiver type mismatch:
fun <K, V> Map<out K, V>.filterKeys(predicate: (K) -> Boolean): Map<K, V>
e: file:///data/data/com.termux/files/home/Launcher3/src/com/android/launcher3/model/BgDataModel.kt:354:58 Cannot infer type for this parameter. Please specify it explicitly.
e: file:///data/data/com.termux/files/home/Launcher3/src/com/android/launcher3/model/BgDataModel.kt:364:18 Cannot infer type for this parameter. Please specify it explicitly.
e: file:///data/data/com.termux/files/home/Launcher3/src/com/android/launcher3/model/BgDataModel.kt:364:29 Cannot infer type for this parameter. Please specify it explicitly.
e: file:///data/data/com.termux/files/home/Launcher3/src/com/android/launcher3/model/BgDataModel.kt:364:31 Unresolved reference 'ComponentKey'.
e: file:///data/data/com.termux/files/home/Launcher3/src/com/android/launcher3/model/BgDataModel.kt:365:18 Cannot infer type for this parameter. Please specify it explicitly.
e: file:///data/data/com.termux/files/home/Launcher3/src/com/android/launcher3/model/DbReader.kt:169:35 Cannot access 'CachedObject' which is a supertype of 'com.android.launcher3.widget.LauncherAppWidgetProviderInfo'. Check your module classpath for missing or conflicting dependencies.
e: file:///data/data/com.termux/files/home/Launcher3/src/com/android/launcher3/model/FirstScreenBroadcastHelper.kt:186:34 Unresolved reference 'addLast'.
e: file:///data/data/com.termux/files/home/Launcher3/src/com/android/launcher3/model/FirstScreenBroadcastHelper.kt:212:20 Return type mismatch: expected 'kotlin.collections.List<com.android.launcher3.model.data.WorkspaceItemInfo>', actual 'kotlin.text.MatchGroup?'.
e: file:///data/data/com.termux/files/home/Launcher3/src/com/android/launcher3/model/FirstScreenBroadcastHelper.kt:212:44 Unresolved reference 'submit'.
e: file:///data/data/com.termux/files/home/Launcher3/src/com/android/launcher3/model/GridSizeMigrationLogic.kt:28:37 Unresolved reference 'ApplicationContext'.
e: file:///data/data/com.termux/files/home/Launcher3/src/com/android/launcher3/model/GridSizeMigrationLogic.kt:52:6 Unresolved reference 'ApplicationContext'.
e: file:///data/data/com.termux/files/home/Launcher3/src/com/android/launcher3/model/LayoutParserFactory.kt:34:37 Unresolved reference 'ApplicationContext'.
e: file:///data/data/com.termux/files/home/Launcher3/src/com/android/launcher3/model/LayoutParserFactory.kt:35:37 Unresolved reference 'LauncherAppSingleton'.
e: file:///data/data/com.termux/files/home/Launcher3/src/com/android/launcher3/model/LayoutParserFactory.kt:38:35 Unresolved reference 'SafeCloseable'.
e: file:///data/data/com.termux/files/home/Launcher3/src/com/android/launcher3/model/LayoutParserFactory.kt:47:2 Unresolved reference 'LauncherAppSingleton'.
e: file:///data/data/com.termux/files/home/Launcher3/src/com/android/launcher3/model/LayoutParserFactory.kt:48:48 Unresolved reference 'ApplicationContext'.
e: file:///data/data/com.termux/files/home/Launcher3/src/com/android/launcher3/model/LayoutParserFactory.kt:53:41 Unresolved reference 'SafeCloseable'.
e: file:///data/data/com.termux/files/home/Launcher3/src/com/android/launcher3/model/LayoutParserFactory.kt:57:16 Unresolved reference 'SafeCloseable'.
e: file:///data/data/com.termux/files/home/Launcher3/src/com/android/launcher3/model/LoaderCursor.kt:30:30 Unresolved reference 'Flags'.
e: file:///data/data/com.termux/files/home/Launcher3/src/com/android/launcher3/model/LoaderCursor.kt:46:37 Unresolved reference 'ApplicationContext'.
e: file:///data/data/com.termux/files/home/Launcher3/src/com/android/launcher3/model/LoaderCursor.kt:48:36 Unresolved reference 'cache'.
e: file:///data/data/com.termux/files/home/Launcher3/src/com/android/launcher3/model/LoaderCursor.kt:78:12 Unresolved reference 'ApplicationContext'.
e: file:///data/data/com.termux/files/home/Launcher3/src/com/android/launcher3/model/LoaderCursor.kt:128:18 Cannot access class 'BitmapInfo'. Check your module classpath for missing or conflicting dependencies.
e: file:///data/data/com.termux/files/home/Launcher3/src/com/android/launcher3/model/LoaderCursor.kt:128:37 Unresolved reference 'getDefaultIcon'.
e: file:///data/data/com.termux/files/home/Launcher3/src/com/android/launcher3/model/LoaderCursor.kt:149:47 Unresolved reference 'Flags'.
e: file:///data/data/com.termux/files/home/Launcher3/src/com/android/launcher3/model/LoaderCursor.kt:153:16 Cannot access class 'CacheLookupFlag'. Check your module classpath for missing or conflicting dependencies.
e: file:///data/data/com.termux/files/home/Launcher3/src/com/android/launcher3/model/LoaderCursor.kt:158:13 Cannot access class 'CacheLookupFlag'. Check your module classpath for missing or conflicting dependencies.
e: file:///data/data/com.termux/files/home/Launcher3/src/com/android/launcher3/model/LoaderCursor.kt:158:31 Unresolved reference 'withUseLowRes'.
e: file:///data/data/com.termux/files/home/Launcher3/src/com/android/launcher3/model/LoaderCursor.kt:175:45 Unresolved reference 'CacheLookupFlag'.
e: file:///data/data/com.termux/files/home/Launcher3/src/com/android/launcher3/model/LoaderCursor.kt:191:45 Unresolved reference 'getUserBadgedLabel'.
e: file:///data/data/com.termux/files/home/Launcher3/src/com/android/launcher3/model/LoaderCursor.kt:228:21 Cannot access class 'UserIconInfo'. Check your module classpath for missing or conflicting dependencies.
e: file:///data/data/com.termux/files/home/Launcher3/src/com/android/launcher3/model/LoaderCursor.kt:248:45 Unresolved reference 'getUserBadgedLabel'.
e: file:///data/data/com.termux/files/home/Launcher3/src/com/android/launcher3/model/LoaderCursor.kt:259:13 Unresolved reference 'Flags'.
e: file:///data/data/com.termux/files/home/Launcher3/src/com/android/launcher3/model/LoaderCursor.kt:260:17 Unresolved reference 'Flags'.
e: file:///data/data/com.termux/files/home/Launcher3/src/com/android/launcher3/model/LoaderCursor.kt:272:17 Unresolved reference 'CacheLookupFlag'.
e: file:///data/data/com.termux/files/home/Launcher3/src/com/android/launcher3/model/LoaderCursor.kt:278:17 Unresolved reference 'CacheLookupFlag'.
e: file:///data/data/com.termux/files/home/Launcher3/src/com/android/launcher3/model/LoaderCursor.kt:280:27 Unresolved reference 'isDefaultIcon'.
e: file:///data/data/com.termux/files/home/Launcher3/src/com/android/launcher3/model/LoaderCursor.kt:280:46 Cannot access class 'BitmapInfo'. Check your module classpath for missing or conflicting dependencies.
e: file:///data/data/com.termux/files/home/Launcher3/src/com/android/launcher3/model/LoaderCursor.kt:395:25 Cannot access 'ComponentKey' which is a supertype of 'com.android.launcher3.shortcuts.ShortcutKey'. Check your module classpath for missing or conflicting dependencies.
e: file:///data/data/com.termux/files/home/Launcher3/src/com/android/launcher3/model/ModelDbController.kt:44:37 Unresolved reference 'ApplicationContext'.
e: file:///data/data/com.termux/files/home/Launcher3/src/com/android/launcher3/model/ModelDbController.kt:45:37 Unresolved reference 'LauncherAppSingleton'.
e: file:///data/data/com.termux/files/home/Launcher3/src/com/android/launcher3/model/ModelDbController.kt:64:2 Unresolved reference 'LauncherAppSingleton'.
e: file:///data/data/com.termux/files/home/Launcher3/src/com/android/launcher3/model/ModelDbController.kt:68:6 Unresolved reference 'ApplicationContext'.
e: file:///data/data/com.termux/files/home/Launcher3/src/com/android/launcher3/model/ModelInitializer.kt:23:40 Unresolved reference 'ArchiveCompatibilityParams'.
e: file:///data/data/com.termux/files/home/Launcher3/src/com/android/launcher3/model/ModelInitializer.kt:26:30 Unresolved reference 'BuildConfig'.
e: file:///data/data/com.termux/files/home/Launcher3/src/com/android/launcher3/model/ModelInitializer.kt:27:30 Unresolved reference 'Flags'.
e: file:///data/data/com.termux/files/home/Launcher3/src/com/android/launcher3/model/ModelInitializer.kt:34:37 Unresolved reference 'ApplicationContext'.
e: file:///data/data/com.termux/files/home/Launcher3/src/com/android/launcher3/model/ModelInitializer.kt:73:6 Unresolved reference 'ApplicationContext'.
e: file:///data/data/com.termux/files/home/Launcher3/src/com/android/launcher3/model/ModelInitializer.kt:109:36 Unresolved reference 'Flags'.
e: file:///data/data/com.termux/files/home/Launcher3/src/com/android/launcher3/model/ModelInitializer.kt:110:26 Unresolved reference 'setArchiveCompatibility'.
e: file:///data/data/com.termux/files/home/Launcher3/src/com/android/launcher3/model/ModelInitializer.kt:111:17 Unresolved reference 'ArchiveCompatibilityParams'.
e: file:///data/data/com.termux/files/home/Launcher3/src/com/android/launcher3/model/ModelInitializer.kt:111:46 Cannot infer type for this parameter. Please specify it explicitly.
e: file:///data/data/com.termux/files/home/Launcher3/src/com/android/launcher3/model/ModelInitializer.kt:111:52 Cannot infer type for this parameter. Please specify it explicitly.
e: file:///data/data/com.termux/files/home/Launcher3/src/com/android/launcher3/model/ModelInitializer.kt:112:21 Unresolved reference 'setEnableUnarchivalConfirmation'.
e: file:///data/data/com.termux/files/home/Launcher3/src/com/android/launcher3/model/ModelInitializer.kt:113:21 Unresolved reference 'setEnableIconOverlay'.
e: file:///data/data/com.termux/files/home/Launcher3/src/com/android/launcher3/model/ModelInitializer.kt:131:13 Unresolved reference 'BuildConfig'.
e: file:///data/data/com.termux/files/home/Launcher3/src/com/android/launcher3/model/ModelInitializer.kt:142:84 Unresolved reference 'it'.
e: file:///data/data/com.termux/files/home/Launcher3/src/com/android/launcher3/model/ModelInitializer.kt:147:27 Cannot access class 'ListenableRef'. Check your module classpath for missing or conflicting dependencies.
e: file:///data/data/com.termux/files/home/Launcher3/src/com/android/launcher3/model/ModelInitializer.kt:147:80 None of the following candidates is applicable:
fun <T> Iterable<T>.forEach(action: (T) -> Unit): Unit
fun <K, V> Map<out K, V>.forEach(action: (Map.Entry<K, V>) -> Unit): Unit
e: file:///data/data/com.termux/files/home/Launcher3/src/com/android/launcher3/model/ModelInitializer.kt:156:27 Cannot access class 'ListenableRef'. Check your module classpath for missing or conflicting dependencies.
e: file:///data/data/com.termux/files/home/Launcher3/src/com/android/launcher3/model/ModelInitializer.kt:156:70 None of the following candidates is applicable:
fun <T> Iterable<T>.forEach(action: (T) -> Unit): Unit
fun <K, V> Map<out K, V>.forEach(action: (Map.Entry<K, V>) -> Unit): Unit
e: file:///data/data/com.termux/files/home/Launcher3/src/com/android/launcher3/model/ModelInitializer.kt:157:17 Cannot infer type for this parameter. Please specify it explicitly.
e: file:///data/data/com.termux/files/home/Launcher3/src/com/android/launcher3/model/ModelInitializer.kt:167:33 Cannot access class 'SafeCloseable'. Check your module classpath for missing or conflicting dependencies.
e: file:///data/data/com.termux/files/home/Launcher3/src/com/android/launcher3/model/ModelInitializer.kt:167:33 Cannot access 'PluginListener' which is a supertype of 'com.android.launcher3.widget.custom.CustomWidgetManager'. Check your module classpath for missing or conflicting dependencies.
e: file:///data/data/com.termux/files/home/Launcher3/src/com/android/launcher3/model/ModelInitializer.kt:177:45 None of the following candidates is applicable:
fun <T> Iterable<T>.forEach(action: (T) -> Unit): Unit
fun <K, V> Map<out K, V>.forEach(action: (Map.Entry<K, V>) -> Unit): Unit
e: file:///data/data/com.termux/files/home/Launcher3/src/com/android/launcher3/model/ModelInitializer.kt:178:79 Unresolved reference 'it'.
e: file:///data/data/com.termux/files/home/Launcher3/src/com/android/launcher3/model/ModelInitializer.kt:184:70 Cannot infer type for this parameter. Please specify it explicitly.
e: file:///data/data/com.termux/files/home/Launcher3/src/com/android/launcher3/model/ModelInitializer.kt:186:53 Unresolved reference 'appWidgetId'.
e: file:///data/data/com.termux/files/home/Launcher3/src/com/android/launcher3/model/ModelInitializer.kt:186:73 Unresolved reference 'info'.
e: file:///data/data/com.termux/files/home/Launcher3/src/com/android/launcher3/model/ModelInitializer.kt:195:23 Unresolved reference 'updateIconParams'.
e: file:///data/data/com.termux/files/home/Launcher3/src/com/android/launcher3/model/ModelInitializer.kt:208:40 None of the following candidates is applicable:
fun <T> Iterable<T>.forEach(action: (T) -> Unit): Unit
fun <K, V> Map<out K, V>.forEach(action: (Map.Entry<K, V>) -> Unit): Unit
e: file:///data/data/com.termux/files/home/Launcher3/src/com/android/launcher3/model/ModelInitializer.kt:213:13 Unresolved reference 'Flags'.
e: file:///data/data/com.termux/files/home/Launcher3/src/com/android/launcher3/model/ModelInitializer.kt:215:50 Unresolved reference 'changes'.
e: file:///data/data/com.termux/files/home/Launcher3/src/com/android/launcher3/model/ModelInitializer.kt:215:84 Cannot infer type for this parameter. Please specify it explicitly.
e: file:///data/data/com.termux/files/home/Launcher3/src/com/android/launcher3/model/ModelInitializer.kt:228:89 Unresolved reference 'it'.
e: file:///data/data/com.termux/files/home/Launcher3/src/com/android/launcher3/model/ModelInitializer.kt:259:38 Unresolved reference 'isWork'.
e: file:///data/data/com.termux/files/home/Launcher3/src/com/android/launcher3/model/ModelInitializer.kt:270:51 Unresolved reference 'isWork'.
e: file:///data/data/com.termux/files/home/Launcher3/src/com/android/launcher3/model/ModelInitializer.kt:277:74 Unresolved reference 'user'.
e: file:///data/data/com.termux/files/home/Launcher3/src/com/android/launcher3/model/ModelInitializer.kt:284:67 Unresolved reference 'user'.
e: file:///data/data/com.termux/files/home/Launcher3/src/com/android/launcher3/model/ModelProxyProvider.kt:19:36 Unresolved reference 'ACCESS_LAUNCHER_DATA'.
e: file:///data/data/com.termux/files/home/Launcher3/src/com/android/launcher3/model/ModelProxyProvider.kt:41:30 Unresolved reference 'concurrent'.
e: file:///data/data/com.termux/files/home/Launcher3/src/com/android/launcher3/model/ModelProxyProvider.kt:42:37 Unresolved reference 'ApplicationContext'.
e: file:///data/data/com.termux/files/home/Launcher3/src/com/android/launcher3/model/ModelProxyProvider.kt:105:6 Unresolved reference 'ApplicationContext'.
e: file:///data/data/com.termux/files/home/Launcher3/src/com/android/launcher3/model/ModelProxyProvider.kt:108:6 Unresolved reference 'Ui'.
e: file:///data/data/com.termux/files/home/Launcher3/src/com/android/launcher3/model/ModelProxyProvider.kt:204:20 Return type mismatch: expected 'T', actual 'kotlin.text.MatchGroup?'.
e: file:///data/data/com.termux/files/home/Launcher3/src/com/android/launcher3/model/ModelProxyProvider.kt:204:45 Unresolved reference 'submit'.
e: file:///data/data/com.termux/files/home/Launcher3/src/com/android/launcher3/model/ModelProxyProvider.kt:223:50 Unresolved reference 'ACCESS_LAUNCHER_DATA'.
e: file:///data/data/com.termux/files/home/Launcher3/src/com/android/launcher3/model/ModelTaskController.kt:23:37 Unresolved reference 'ApplicationContext'.
e: file:///data/data/com.termux/files/home/Launcher3/src/com/android/launcher3/model/ModelTaskController.kt:38:6 Unresolved reference 'ApplicationContext'.
e: file:///data/data/com.termux/files/home/Launcher3/src/com/android/launcher3/model/ModelWriter.kt:21:30 Unresolved reference 'Flags'.
e: file:///data/data/com.termux/files/home/Launcher3/src/com/android/launcher3/model/ModelWriter.kt:52:45 Initializer type mismatch: expected 'java.util.concurrent.Executor', actual 'com.android.launcher3.util.LooperExecutor!'.
e: file:///data/data/com.termux/files/home/Launcher3/src/com/android/launcher3/model/ModelWriter.kt:289:13 Unresolved reference 'Flags'.
e: file:///data/data/com.termux/files/home/Launcher3/src/com/android/launcher3/model/ModelWriterFactory.kt:22:30 Unresolved reference 'concurrent'.
e: file:///data/data/com.termux/files/home/Launcher3/src/com/android/launcher3/model/ModelWriterFactory.kt:23:37 Unresolved reference 'ApplicationContext'.
e: file:///data/data/com.termux/files/home/Launcher3/src/com/android/launcher3/model/ModelWriterFactory.kt:56:35 Initializer type mismatch: expected 'java.util.concurrent.Executor', actual 'com.android.launcher3.util.LooperExecutor!'.
e: file:///data/data/com.termux/files/home/Launcher3/src/com/android/launcher3/model/ModelWriterFactory.kt:65:6 Unresolved reference 'ApplicationContext'.
e: file:///data/data/com.termux/files/home/Launcher3/src/com/android/launcher3/model/ModelWriterFactory.kt:68:6 Unresolved reference 'Ui'.
e: file:///data/data/com.termux/files/home/Launcher3/src/com/android/launcher3/model/WorkspaceItemProcessor.kt:31:30 Unresolved reference 'Flags'.
e: file:///data/data/com.termux/files/home/Launcher3/src/com/android/launcher3/model/WorkspaceItemProcessor.kt:48:36 Unresolved reference 'cache'.
e: file:///data/data/com.termux/files/home/Launcher3/src/com/android/launcher3/model/WorkspaceItemProcessor.kt:328:39 Cannot access 'ComponentKey' which is a supertype of 'com.android.launcher3.shortcuts.ShortcutKey'. Check your module classpath for missing or conflicting dependencies.
e: file:///data/data/com.termux/files/home/Launcher3/src/com/android/launcher3/model/WorkspaceItemProcessor.kt:335:84 Cannot access 'ComponentKey' which is a supertype of 'com.android.launcher3.shortcuts.ShortcutKey'. Check your module classpath for missing or conflicting dependencies.
e: file:///data/data/com.termux/files/home/Launcher3/src/com/android/launcher3/model/WorkspaceItemProcessor.kt:347:52 Unresolved reference 'BaseIconFactory'.
e: file:///data/data/com.termux/files/home/Launcher3/src/com/android/launcher3/model/WorkspaceItemProcessor.kt:349:78 Cannot access class 'BitmapInfo'. Check your module classpath for missing or conflicting dependencies.
e: file:///data/data/com.termux/files/home/Launcher3/src/com/android/launcher3/model/WorkspaceItemProcessor.kt:349:78 Cannot access class 'BaseIconFactory'. Check your module classpath for missing or conflicting dependencies.
e: file:///data/data/com.termux/files/home/Launcher3/src/com/android/launcher3/model/WorkspaceItemProcessor.kt:351:38 Cannot access class 'BitmapInfo'. Check your module classpath for missing or conflicting dependencies.
e: file:///data/data/com.termux/files/home/Launcher3/src/com/android/launcher3/model/WorkspaceItemProcessor.kt:354:58 Unresolved reference 'DEFAULT_LOOKUP_FLAG'.
e: file:///data/data/com.termux/files/home/Launcher3/src/com/android/launcher3/model/WorkspaceItemProcessor.kt:408:17 Unresolved reference 'Flags'.
e: file:///data/data/com.termux/files/home/Launcher3/src/com/android/launcher3/model/WorkspaceItemProcessor.kt:417:25 Cannot access class 'UserIconInfo'. Check your module classpath for missing or conflicting dependencies.
e: file:///data/data/com.termux/files/home/Launcher3/src/com/android/launcher3/model/WorkspaceItemProcessor.kt:428:21 Unresolved reference 'Flags'.
e: file:///data/data/com.termux/files/home/Launcher3/src/com/android/launcher3/model/WorkspaceItemProcessor.kt:430:54 Unresolved reference 'isArchived'.
e: file:///data/data/com.termux/files/home/Launcher3/src/com/android/launcher3/model/WorkspaceItemProcessor.kt:440:26 Unresolved reference 'Flags'.
e: file:///data/data/com.termux/files/home/Launcher3/src/com/android/launcher3/model/WorkspaceItemProcessor.kt:441:58 Unresolved reference 'isArchived'.
e: file:///data/data/com.termux/files/home/Launcher3/src/com/android/launcher3/model/WorkspaceItemProcessor.kt:461:62 Cannot access 'ComponentKey' which is a supertype of 'com.android.launcher3.shortcuts.ShortcutKey'. Check your module classpath for missing or conflicting dependencies.
e: file:///data/data/com.termux/files/home/Launcher3/src/com/android/launcher3/model/WorkspaceItemProcessor.kt:461:93 Cannot access 'ComponentKey' which is a supertype of 'com.android.launcher3.shortcuts.ShortcutKey'. Check your module classpath for missing or conflicting dependencies.
e: file:///data/data/com.termux/files/home/Launcher3/src/com/android/launcher3/model/WorkspaceItemProcessor.kt:465:36 Cannot access 'ComponentKey' which is a supertype of 'com.android.launcher3.shortcuts.ShortcutKey'. Check your module classpath for missing or conflicting dependencies.
e: file:///data/data/com.termux/files/home/Launcher3/src/com/android/launcher3/model/WorkspaceItemProcessor.kt:466:47 Cannot access 'ComponentKey' which is a supertype of 'com.android.launcher3.shortcuts.ShortcutKey'. Check your module classpath for missing or conflicting dependencies.
e: file:///data/data/com.termux/files/home/Launcher3/src/com/android/launcher3/model/WorkspaceItemProcessor.kt:469:21 Cannot access 'ComponentKey' which is a supertype of 'com.android.launcher3.shortcuts.ShortcutKey'. Check your module classpath for missing or conflicting dependencies.
e: file:///data/data/com.termux/files/home/Launcher3/src/com/android/launcher3/model/WorkspaceItemProcessor.kt:469:21 Unresolved reference 'user'.
e: file:///data/data/com.termux/files/home/Launcher3/src/com/android/launcher3/model/WorkspaceItemProcessor.kt:615:39 Unresolved reference 'Flags'.
e: file:///data/data/com.termux/files/home/Launcher3/src/com/android/launcher3/model/WorkspaceItemProcessor.kt:616:25 Unresolved reference 'DEFAULT_LOOKUP_FLAG'.
e: file:///data/data/com.termux/files/home/Launcher3/src/com/android/launcher3/model/WorkspaceItemProcessor.kt:618:25 Unresolved reference 'DEFAULT_LOOKUP_FLAG'.
e: file:///data/data/com.termux/files/home/Launcher3/src/com/android/launcher3/model/WorkspaceItemProcessor.kt:638:44 Cannot access 'CachedObject' which is a supertype of 'com.android.launcher3.widget.LauncherAppWidgetProviderInfo'. Check your module classpath for missing or conflicting dependencies.
e: file:///data/data/com.termux/files/home/Launcher3/src/com/android/launcher3/model/WorkspaceItemProcessor.kt:638:83 Cannot access 'CachedObject' which is a supertype of 'com.android.launcher3.widget.LauncherAppWidgetProviderInfo'. Check your module classpath for missing or conflicting dependencies.
e: file:///data/data/com.termux/files/home/Launcher3/src/com/android/launcher3/model/WorkspaceItemProcessor.kt:641:52 Cannot access 'CachedObject' which is a supertype of 'com.android.launcher3.widget.LauncherAppWidgetProviderInfo'. Check your module classpath for missing or conflicting dependencies.
e: file:///data/data/com.termux/files/home/Launcher3/src/com/android/launcher3/model/WorkspaceItemProcessor.kt:641:147 Cannot access 'CachedObject' which is a supertype of 'com.android.launcher3.widget.LauncherAppWidgetProviderInfo'. Check your module classpath for missing or conflicting dependencies.
e: file:///data/data/com.termux/files/home/Launcher3/src/com/android/launcher3/model/WorkspaceItemProcessor.kt:641:164 Cannot access 'CachedObject' which is a supertype of 'com.android.launcher3.widget.LauncherAppWidgetProviderInfo'. Check your module classpath for missing or conflicting dependencies.
e: file:///data/data/com.termux/files/home/Launcher3/src/com/android/launcher3/model/WorkspaceItemProcessor.kt:719:30 Cannot access class 'CacheLookupFlag'. Check your module classpath for missing or conflicting dependencies.
e: file:///data/data/com.termux/files/home/Launcher3/src/com/android/launcher3/model/WorkspaceItemProcessor.kt:719:49 Unresolved reference 'isVisuallyLessThan'.
e: file:///data/data/com.termux/files/home/Launcher3/src/com/android/launcher3/model/WorkspaceItemProcessor.kt:719:78 Cannot access class 'CacheLookupFlag'. Check your module classpath for missing or conflicting dependencies.
e: file:///data/data/com.termux/files/home/Launcher3/src/com/android/launcher3/model/WorkspaceItemProcessor.kt:723:63 Cannot access class 'CacheLookupFlag'. Check your module classpath for missing or conflicting dependencies.
e: file:///data/data/com.termux/files/home/Launcher3/src/com/android/launcher3/model/WorkspaceItemProcessor.kt:794:29 Unresolved reference 'wm'.
e: file:///data/data/com.termux/files/home/Launcher3/src/com/android/launcher3/model/WorkspaceItemSerializer.kt:33:37 Unresolved reference 'ApplicationContext'.
e: file:///data/data/com.termux/files/home/Launcher3/src/com/android/launcher3/model/WorkspaceItemSerializer.kt:72:30 Cannot access 'ComponentKey' which is a supertype of 'com.android.launcher3.shortcuts.ShortcutKey'. Check your module classpath for missing or conflicting dependencies.
e: file:///data/data/com.termux/files/home/Launcher3/src/com/android/launcher3/model/WorkspaceItemSerializer.kt:98:6 Unresolved reference 'ApplicationContext'.
e: file:///data/data/com.termux/files/home/Launcher3/src/com/android/launcher3/model/WorkspaceItemSerializer.kt:111:43 Cannot access class 'CacheLookupFlag'. Check your module classpath for missing or conflicting dependencies.
e: file:///data/data/com.termux/files/home/Launcher3/src/com/android/launcher3/model/WorkspaceItemSerializer.kt:133:12 Cannot access class 'BitmapInfo'. Check your module classpath for missing or conflicting dependencies.
e: file:///data/data/com.termux/files/home/Launcher3/src/com/android/launcher3/model/WorkspaceItemSerializer.kt:133:31 Unresolved reference 'getDefaultIcon'.
e: file:///data/data/com.termux/files/home/Launcher3/src/com/android/launcher3/model/WorkspaceItemSerializer.kt:134:39 Cannot access class 'CacheLookupFlag'. Check your module classpath for missing or conflicting dependencies.
e: file:///data/data/com.termux/files/home/Launcher3/src/com/android/launcher3/model/WorkspaceItemSerializer.kt:134:57 Unresolved reference 'withUsePackageIcon'.
e: file:///data/data/com.termux/files/home/Launcher3/src/com/android/launcher3/model/WorkspaceItemSerializer.kt:146:36 Cannot access 'ComponentKey' which is a supertype of 'com.android.launcher3.shortcuts.ShortcutKey'. Check your module classpath for missing or conflicting dependencies.
e: file:///data/data/com.termux/files/home/Launcher3/src/com/android/launcher3/model/WorkspaceItemSerializer.kt:147:22 Cannot access 'ComponentKey' which is a supertype of 'com.android.launcher3.shortcuts.ShortcutKey'. Check your module classpath for missing or conflicting dependencies.
e: file:///data/data/com.termux/files/home/Launcher3/src/com/android/launcher3/model/WorkspaceItemSerializer.kt:158:58 Cannot access 'CachedObject' which is a supertype of 'com.android.launcher3.widget.LauncherAppWidgetProviderInfo'. Check your module classpath for missing or conflicting dependencies.
e: file:///data/data/com.termux/files/home/Launcher3/src/com/android/launcher3/model/WorkspaceItemSerializer.kt:162:44 Cannot access 'CachedObject' which is a supertype of 'com.android.launcher3.widget.LauncherAppWidgetProviderInfo'. Check your module classpath for missing or conflicting dependencies.
e: file:///data/data/com.termux/files/home/Launcher3/src/com/android/launcher3/model/WorkspaceItemSerializer.kt:163:44 Cannot access 'CachedObject' which is a supertype of 'com.android.launcher3.widget.LauncherAppWidgetProviderInfo'. Check your module classpath for missing or conflicting dependencies.
e: file:///data/data/com.termux/files/home/Launcher3/src/com/android/launcher3/model/WorkspaceItemSerializer.kt:164:45 Cannot access 'CachedObject' which is a supertype of 'com.android.launcher3.widget.LauncherAppWidgetProviderInfo'. Check your module classpath for missing or conflicting dependencies.
e: file:///data/data/com.termux/files/home/Launcher3/src/com/android/launcher3/model/WorkspaceItemSerializer.kt:165:45 Cannot access 'CachedObject' which is a supertype of 'com.android.launcher3.widget.LauncherAppWidgetProviderInfo'. Check your module classpath for missing or conflicting dependencies.
e: file:///data/data/com.termux/files/home/Launcher3/src/com/android/launcher3/model/data/AppPairInfo.kt:24:30 Unresolved reference 'logger'.
e: file:///data/data/com.termux/files/home/Launcher3/src/com/android/launcher3/model/data/AppPairInfo.kt:26:20 Unresolved reference 'wm'.
e: file:///data/data/com.termux/files/home/Launcher3/src/com/android/launcher3/model/data/AppPairInfo.kt:36:17 Unresolved reference 'Flags'.
e: file:///data/data/com.termux/files/home/Launcher3/src/com/android/launcher3/model/data/AppPairInfo.kt:101:26 Cannot access class 'CacheLookupFlag'. Check your module classpath for missing or conflicting dependencies.
e: file:///data/data/com.termux/files/home/Launcher3/src/com/android/launcher3/model/data/AppPairInfo.kt:101:45 Unresolved reference 'isVisuallyLessThan'.
e: file:///data/data/com.termux/files/home/Launcher3/src/com/android/launcher3/model/data/AppPairInfo.kt:101:64 Cannot access class 'CacheLookupFlag'. Check your module classpath for missing or conflicting dependencies.
e: file:///data/data/com.termux/files/home/Launcher3/src/com/android/launcher3/model/data/AppPairInfo.kt:102:54 Cannot access class 'CacheLookupFlag'. Check your module classpath for missing or conflicting dependencies.
e: file:///data/data/com.termux/files/home/Launcher3/src/com/android/launcher3/model/data/AppPairInfo.kt:125:72 Unresolved reference 'LauncherAtom'.
e: file:///data/data/com.termux/files/home/Launcher3/src/com/android/launcher3/model/data/AppPairInfo.kt:126:27 Unresolved reference 'LauncherAtom'.
e: file:///data/data/com.termux/files/home/Launcher3/src/com/android/launcher3/model/data/AppPairInfo.kt:128:16 Cannot access class 'LauncherAtom.ItemInfo.Builder'. Check your module classpath for missing or conflicting dependencies.
e: file:///data/data/com.termux/files/home/Launcher3/src/com/android/launcher3/model/data/AppPairInfo.kt:129:14 Unresolved reference 'setFolderIcon'.
e: file:///data/data/com.termux/files/home/Launcher3/src/com/android/launcher3/model/data/AppPairInfo.kt:131:31 Cannot access class 'ContainerInfo'. Check your module classpath for missing or conflicting dependencies.
e: file:///data/data/com.termux/files/home/Launcher3/src/com/android/launcher3/model/data/ResolvedTargetInfo.kt:22:35 Unresolved reference 'ComponentKey'.
e: file:///data/data/com.termux/files/home/Launcher3/src/com/android/launcher3/model/data/ResolvedTargetInfo.kt:35:34 Unresolved reference 'ComponentKey'.
e: file:///data/data/com.termux/files/home/Launcher3/src/com/android/launcher3/model/data/ResolvedTargetInfo.kt:37:20 Unresolved reference 'ComponentKey'.
e: file:///data/data/com.termux/files/home/Launcher3/src/com/android/launcher3/model/data/ResolvedTargetInfo.kt:41:20 Unresolved reference 'ComponentKey'.
e: file:///data/data/com.termux/files/home/Launcher3/src/com/android/launcher3/model/repository/AppsListRepository.kt:19:37 Unresolved reference 'LauncherAppSingleton'.
e: file:///data/data/com.termux/files/home/Launcher3/src/com/android/launcher3/model/repository/AppsListRepository.kt:22:35 Unresolved reference 'MutableListenableRef'.
e: file:///data/data/com.termux/files/home/Launcher3/src/com/android/launcher3/model/repository/AppsListRepository.kt:23:35 Unresolved reference 'MutableListenableStream'.
e: file:///data/data/com.termux/files/home/Launcher3/src/com/android/launcher3/model/repository/AppsListRepository.kt:27:2 Unresolved reference 'LauncherAppSingleton'.
e: file:///data/data/com.termux/files/home/Launcher3/src/com/android/launcher3/model/repository/AppsListRepository.kt:30:35 Unresolved reference 'MutableListenableRef'.
e: file:///data/data/com.termux/files/home/Launcher3/src/com/android/launcher3/model/repository/AppsListRepository.kt:40:44 Unresolved reference 'MutableListenableStream'.
e: file:///data/data/com.termux/files/home/Launcher3/src/com/android/launcher3/model/repository/HomeScreenRepository.kt:20:37 Unresolved reference 'LauncherAppSingleton'.
e: file:///data/data/com.termux/files/home/Launcher3/src/com/android/launcher3/model/repository/HomeScreenRepository.kt:24:35 Unresolved reference 'MutableDiffAwareRef'.
e: file:///data/data/com.termux/files/home/Launcher3/src/com/android/launcher3/model/repository/HomeScreenRepository.kt:25:35 Unresolved reference 'MutableListenableRef'.
e: file:///data/data/com.termux/files/home/Launcher3/src/com/android/launcher3/model/repository/HomeScreenRepository.kt:36:2 Unresolved reference 'LauncherAppSingleton'.
e: file:///data/data/com.termux/files/home/Launcher3/src/com/android/launcher3/model/repository/HomeScreenRepository.kt:39:34 Unresolved reference 'MutableDiffAwareRef'.
e: file:///data/data/com.termux/files/home/Launcher3/src/com/android/launcher3/model/repository/HomeScreenRepository.kt:40:9 Unresolved reference 'MutableDiffAwareRef'.
e: file:///data/data/com.termux/files/home/Launcher3/src/com/android/launcher3/model/repository/HomeScreenRepository.kt:43:42 Unresolved reference 'asListenable'.
e: file:///data/data/com.termux/files/home/Launcher3/src/com/android/launcher3/model/repository/HomeScreenRepository.kt:46:31 Unresolved reference 'MutableListenableRef'.
e: file:///data/data/com.termux/files/home/Launcher3/src/com/android/launcher3/model/repository/HomeScreenRepository.kt:52:25 Unresolved reference 'dispatchValue'.
e: file:///data/data/com.termux/files/home/Launcher3/src/com/android/launcher3/model/repository/StringCacheRepository.kt:22:30 Unresolved reference 'concurrent'.
e: file:///data/data/com.termux/files/home/Launcher3/src/com/android/launcher3/model/repository/StringCacheRepository.kt:23:30 Unresolved reference 'concurrent'.
e: file:///data/data/com.termux/files/home/Launcher3/src/com/android/launcher3/model/repository/StringCacheRepository.kt:24:37 Unresolved reference 'ApplicationContext'.
e: file:///data/data/com.termux/files/home/Launcher3/src/com/android/launcher3/model/repository/StringCacheRepository.kt:25:37 Unresolved reference 'LauncherAppSingleton'.
e: file:///data/data/com.termux/files/home/Launcher3/src/com/android/launcher3/model/repository/StringCacheRepository.kt:31:35 Unresolved reference 'MutableListenableRef'.
e: file:///data/data/com.termux/files/home/Launcher3/src/com/android/launcher3/model/repository/StringCacheRepository.kt:37:2 Unresolved reference 'LauncherAppSingleton'.
e: file:///data/data/com.termux/files/home/Launcher3/src/com/android/launcher3/model/repository/StringCacheRepository.kt:41:6 Unresolved reference 'ApplicationContext'.
e: file:///data/data/com.termux/files/home/Launcher3/src/com/android/launcher3/model/repository/StringCacheRepository.kt:43:6 Unresolved reference 'LightweightBackground'.
e: file:///data/data/com.termux/files/home/Launcher3/src/com/android/launcher3/model/repository/StringCacheRepository.kt:43:28 Unresolved reference 'LightweightBackgroundPriority'.
e: file:///data/data/com.termux/files/home/Launcher3/src/com/android/launcher3/model/repository/StringCacheRepository.kt:47:32 Unresolved reference 'MutableListenableRef'.
e: file:///data/data/com.termux/files/home/Launcher3/src/com/android/launcher3/model/repository/StringCacheRepository.kt:55:21 Unresolved reference 'it'.
e: file:///data/data/com.termux/files/home/Launcher3/src/com/android/launcher3/model/repository/StringCacheRepository.kt:55:43 Unresolved reference 'it'.
e: file:///data/data/com.termux/files/home/Launcher3/src/com/android/launcher3/model/tasks/AutomationChangedTask.kt:19:30 Unresolved reference 'Flags'.
e: file:///data/data/com.termux/files/home/Launcher3/src/com/android/launcher3/model/tasks/AutomationChangedTask.kt:28:35 Unresolved reference 'FlagOp'.
e: file:///data/data/com.termux/files/home/Launcher3/src/com/android/launcher3/model/tasks/AutomationChangedTask.kt:42:14 Unresolved reference 'Flags'.
e: file:///data/data/com.termux/files/home/Launcher3/src/com/android/launcher3/model/tasks/AutomationChangedTask.kt:61:22 Cannot access class 'FlagOp'. Check your module classpath for missing or conflicting dependencies.
e: file:///data/data/com.termux/files/home/Launcher3/src/com/android/launcher3/model/tasks/AutomationChangedTask.kt:63:21 Unresolved reference 'FlagOp'.
e: file:///data/data/com.termux/files/home/Launcher3/src/com/android/launcher3/model/tasks/AutomationChangedTask.kt:65:22 Cannot access class 'FlagOp'. Check your module classpath for missing or conflicting dependencies.
e: file:///data/data/com.termux/files/home/Launcher3/src/com/android/launcher3/model/tasks/AutomationChangedTask.kt:67:21 Unresolved reference 'FlagOp'.
e: file:///data/data/com.termux/files/home/Launcher3/src/com/android/launcher3/model/tasks/BrowserIconMigrator.kt:27:37 Unresolved reference 'ApplicationContext'.
e: file:///data/data/com.termux/files/home/Launcher3/src/com/android/launcher3/model/tasks/BrowserIconMigrator.kt:47:6 Unresolved reference 'ApplicationContext'.
e: file:///data/data/com.termux/files/home/Launcher3/src/com/android/launcher3/model/tasks/PackageTaskFactory.kt:29:35 Unresolved reference 'FlagOp'.
e: file:///data/data/com.termux/files/home/Launcher3/src/com/android/launcher3/model/tasks/PackageTaskFactory.kt:42:42 Unresolved reference 'removeIconsForPkg'.
e: file:///data/data/com.termux/files/home/Launcher3/src/com/android/launcher3/model/tasks/PackageTaskFactory.kt:80:17 Unresolved reference 'FlagOp'.
e: file:///data/data/com.termux/files/home/Launcher3/src/com/android/launcher3/model/tasks/PackageTaskFactory.kt:87:26 Unresolved reference 'FlagOp'.
e: file:///data/data/com.termux/files/home/Launcher3/src/com/android/launcher3/model/tasks/PackageTaskFactory.kt:89:18 Cannot access class 'FlagOp'. Check your module classpath for missing or conflicting dependencies.
e: file:///data/data/com.termux/files/home/Launcher3/src/com/android/launcher3/model/tasks/PackageTaskFactory.kt:98:26 Unresolved reference 'FlagOp'.
e: file:///data/data/com.termux/files/home/Launcher3/src/com/android/launcher3/model/tasks/PackageTaskFactory.kt:100:18 Cannot access class 'FlagOp'. Check your module classpath for missing or conflicting dependencies.
e: file:///data/data/com.termux/files/home/Launcher3/src/com/android/launcher3/model/tasks/PackageTaskFactory.kt:112:19 Unresolved reference 'FlagOp'.
e: file:///data/data/com.termux/files/home/Launcher3/src/com/android/launcher3/model/tasks/PackageTaskFactory.kt:122:64 Cannot infer type for this parameter. Please specify it explicitly.
e: file:///data/data/com.termux/files/home/Launcher3/src/com/android/launcher3/model/tasks/PackageTaskFactory.kt:122:64 Unresolved reference. None of the following candidates is applicable because of a receiver type mismatch:
fun <T> T.apply(block: T.() -> Unit): T
    [R|Contract description]
     <
        CallsInPlace(block, EXACTLY_ONCE)
    >
e: file:///data/data/com.termux/files/home/Launcher3/src/com/android/launcher3/model/tasks/SessionFailureTask.kt:23:36 Unresolved reference 'cache'.
e: file:///data/data/com.termux/files/home/Launcher3/src/com/android/launcher3/model/tasks/SessionFailureTask.kt:46:27 Unresolved reference 'remove'.
e: file:///data/data/com.termux/files/home/Launcher3/src/com/android/launcher3/model/tasks/SessionFailureTask.kt:47:62 Unresolved reference 'BaseIconCache'.
e: file:///data/data/com.termux/files/home/Launcher3/src/com/android/launcher3/model/tasks/SessionFailureTask.kt:56:70 Cannot access class 'CacheLookupFlag'. Check your module classpath for missing or conflicting dependencies.
e: file:///data/data/com.termux/files/home/Launcher3/src/com/android/launcher3/model/tasks/ShortcutsChangedTask.kt:108:59 Unresolved reference 'ComponentKey'.
e: file:///data/data/com.termux/files/home/Launcher3/src/com/android/launcher3/model/tasks/ShortcutsChangedTask.kt:109:20 Unresolved reference 'componentName'.
e: file:///data/data/com.termux/files/home/Launcher3/src/com/android/launcher3/model/tasks/ShortcutsChangedTask.kt:109:67 Unresolved reference 'user'.
e: file:///data/data/com.termux/files/home/Launcher3/src/com/android/launcher3/model/tasks/UserAvailabilityChangedTask.kt:20:30 Unresolved reference 'Flags'.
e: file:///data/data/com.termux/files/home/Launcher3/src/com/android/launcher3/model/tasks/UserAvailabilityChangedTask.kt:30:35 Unresolved reference 'FlagOp'.
e: file:///data/data/com.termux/files/home/Launcher3/src/com/android/launcher3/model/tasks/UserAvailabilityChangedTask.kt:48:22 Unresolved reference 'FlagOp'.
e: file:///data/data/com.termux/files/home/Launcher3/src/com/android/launcher3/model/tasks/UserAvailabilityChangedTask.kt:50:14 Cannot access class 'FlagOp'. Check your module classpath for missing or conflicting dependencies.
e: file:///data/data/com.termux/files/home/Launcher3/src/com/android/launcher3/model/tasks/UserAvailabilityChangedTask.kt:52:13 Unresolved reference 'Flags'.
e: file:///data/data/com.termux/files/home/Launcher3/src/com/android/launcher3/model/tasks/UserAvailabilityChangedTask.kt:53:35 Unresolved reference 'isWork'.
e: file:///data/data/com.termux/files/home/Launcher3/src/com/android/launcher3/model/tasks/UserAvailabilityChangedTask.kt:55:42 Unresolved reference 'isPrivate'.
e: file:///data/data/com.termux/files/home/Launcher3/src/com/android/launcher3/model/tasks/UserAvailabilityChangedTask.kt:69:52 Cannot infer type for this parameter. Please specify it explicitly.
e: file:///data/data/com.termux/files/home/Launcher3/src/com/android/launcher3/notification/NotificationRepository.kt:19:37 Unresolved reference 'LauncherAppSingleton'.
e: file:///data/data/com.termux/files/home/Launcher3/src/com/android/launcher3/notification/NotificationRepository.kt:21:35 Unresolved reference 'MutableListenableStream'.
e: file:///data/data/com.termux/files/home/Launcher3/src/com/android/launcher3/notification/NotificationRepository.kt:26:2 Unresolved reference 'LauncherAppSingleton'.
e: file:///data/data/com.termux/files/home/Launcher3/src/com/android/launcher3/notification/NotificationRepository.kt:33:33 Unresolved reference 'MutableListenableStream'.
e: file:///data/data/com.termux/files/home/Launcher3/src/com/android/launcher3/organizer/OrganizerTransactionContext.kt:118:17 Unresolved reference 'it'.
e: file:///data/data/com.termux/files/home/Launcher3/src/com/android/launcher3/organizer/OrganizerTransactionContext.kt:123:22 Method 'iterator()' is ambiguous for this expression. Applicable candidates:
fun <T> Enumeration<T>.iterator(): Iterator<T>
fun <T> Iterator<T>.iterator(): Iterator<T>
fun <K, V> Map<out K, V>.iterator(): Iterator<Map.Entry<K, V>>
fun <K, V> MutableMap<K, V>.iterator(): MutableIterator<MutableMap.MutableEntry<K, V>>
fun CharSequence.iterator(): CharIterator
fun BufferedInputStream.iterator(): ByteIterator
e: file:///data/data/com.termux/files/home/Launcher3/src/com/android/launcher3/organizer/OrganizerTransactionContext.kt:153:17 Unresolved reference 'it'.
e: file:///data/data/com.termux/files/home/Launcher3/src/com/android/launcher3/organizer/OrganizerTransactionContext.kt:153:64 Unresolved reference 'it'.
e: file:///data/data/com.termux/files/home/Launcher3/src/com/android/launcher3/organizer/OrganizerTransactionContext.kt:159:17 Unresolved reference 'it'.
e: file:///data/data/com.termux/files/home/Launcher3/src/com/android/launcher3/organizer/OrganizerTransactionContext.kt:159:64 Unresolved reference 'it'.
e: file:///data/data/com.termux/files/home/Launcher3/src/com/android/launcher3/organizer/OrganizerTransactionContext.kt:161:22 Method 'iterator()' is ambiguous for this expression. Applicable candidates:
fun <T> Enumeration<T>.iterator(): Iterator<T>
fun <T> Iterator<T>.iterator(): Iterator<T>
fun <K, V> Map<out K, V>.iterator(): Iterator<Map.Entry<K, V>>
fun <K, V> MutableMap<K, V>.iterator(): MutableIterator<MutableMap.MutableEntry<K, V>>
fun CharSequence.iterator(): CharIterator
fun BufferedInputStream.iterator(): ByteIterator
e: file:///data/data/com.termux/files/home/Launcher3/src/com/android/launcher3/organizer/OrganizerTransactionContext.kt:164:26 Overload resolution ambiguity between candidates:
fun <T> Array<out T>.isNotEmpty(): Boolean
fun BooleanArray.isNotEmpty(): Boolean
fun ByteArray.isNotEmpty(): Boolean
fun CharArray.isNotEmpty(): Boolean
fun DoubleArray.isNotEmpty(): Boolean
fun FloatArray.isNotEmpty(): Boolean
fun IntArray.isNotEmpty(): Boolean
fun LongArray.isNotEmpty(): Boolean
fun ShortArray.isNotEmpty(): Boolean
fun <T> Collection<T>.isNotEmpty(): Boolean
fun <K, V> Map<out K, V>.isNotEmpty(): Boolean
fun CharSequence.isNotEmpty(): Boolean
e: file:///data/data/com.termux/files/home/Launcher3/src/com/android/launcher3/organizer/creation/screen/ui/OrganizerActivity.kt:21:34 Unresolved reference 'LocalActivity'.
e: file:///data/data/com.termux/files/home/Launcher3/src/com/android/launcher3/organizer/creation/screen/ui/OrganizerActivity.kt:43:65 Cannot access 'AppFunctionConfiguration.Provider' which is a supertype of 'com.android.launcher3.LauncherApplication'. Check your module classpath for missing or conflicting dependencies.
e: file:///data/data/com.termux/files/home/Launcher3/src/com/android/launcher3/organizer/creation/screen/ui/OrganizerActivity.kt:51:28 Unresolved reference 'LocalActivity'.
e: file:///data/data/com.termux/files/home/Launcher3/src/com/android/launcher3/organizer/creation/screen/ui/foldercreator/FolderCreator.kt:52:37 Unresolved reference 'LocalResources'.
e: file:///data/data/com.termux/files/home/Launcher3/src/com/android/launcher3/organizer/creation/screen/ui/foldercreator/FolderCreator.kt:63:21 Unresolved reference 'LocalResources'.
e: file:///data/data/com.termux/files/home/Launcher3/src/com/android/launcher3/organizer/creation/screen/ui/foldercreator/FolderCreator.kt:181:5 The API of this layout is experimental and is likely to change in the future.
e: file:///data/data/com.termux/files/home/Launcher3/src/com/android/launcher3/organizer/creation/screen/ui/foldercreator/FolderCreatorActivity.kt:32:65 Cannot access 'AppFunctionConfiguration.Provider' which is a supertype of 'com.android.launcher3.LauncherApplication'. Check your module classpath for missing or conflicting dependencies.
e: file:///data/data/com.termux/files/home/Launcher3/src/com/android/launcher3/organizer/creation/screen/ui/foldercreator/FolderCreatorViewModel.kt:22:30 Unresolved reference 'concurrent'.
e: file:///data/data/com.termux/files/home/Launcher3/src/com/android/launcher3/organizer/creation/screen/ui/foldercreator/FolderCreatorViewModel.kt:23:30 Unresolved reference 'concurrent'.
e: file:///data/data/com.termux/files/home/Launcher3/src/com/android/launcher3/organizer/creation/screen/ui/foldercreator/FolderCreatorViewModel.kt:41:6 Unresolved reference 'LightweightBackgroundContext'.
e: file:///data/data/com.termux/files/home/Launcher3/src/com/android/launcher3/organizer/creation/screen/ui/foldercreator/FolderCreatorViewModel.kt:41:46 Unresolved reference 'UI'.
e: file:///data/data/com.termux/files/home/Launcher3/src/com/android/launcher3/organizer/creation/screen/ui/foldercreator/FolderCreatorViewModel.kt:60:22 Cannot infer type for this parameter. Please specify it explicitly.
e: file:///data/data/com.termux/files/home/Launcher3/src/com/android/launcher3/organizer/creation/screen/ui/foldercreator/FolderCreatorViewModel.kt:60:44 Cannot infer type for this parameter. Please specify it explicitly.
e: file:///data/data/com.termux/files/home/Launcher3/src/com/android/launcher3/organizer/creation/screen/ui/foldercreator/FolderCreatorViewModel.kt:60:71 Cannot access class 'BitmapInfo'. Check your module classpath for missing or conflicting dependencies.
e: file:///data/data/com.termux/files/home/Launcher3/src/com/android/launcher3/organizer/creation/screen/ui/foldercreator/FolderCreatorViewModel.kt:60:78 Unresolved reference 'icon'.
e: file:///data/data/com.termux/files/home/Launcher3/src/com/android/launcher3/organizer/creation/screen/ui/foldercreator/FolderCreatorViewModel.kt:62:66 Not enough information to infer type argument for 'K'.
e: file:///data/data/com.termux/files/home/Launcher3/src/com/android/launcher3/organizer/creation/screen/ui/spacecreator/SpaceCreatorViewModel.kt:26:30 Unresolved reference 'concurrent'.
e: file:///data/data/com.termux/files/home/Launcher3/src/com/android/launcher3/organizer/creation/screen/ui/spacecreator/SpaceCreatorViewModel.kt:27:30 Unresolved reference 'concurrent'.
e: file:///data/data/com.termux/files/home/Launcher3/src/com/android/launcher3/organizer/creation/screen/ui/spacecreator/SpaceCreatorViewModel.kt:50:6 Unresolved reference 'LightweightBackgroundContext'.
e: file:///data/data/com.termux/files/home/Launcher3/src/com/android/launcher3/organizer/creation/screen/ui/spacecreator/SpaceCreatorViewModel.kt:50:46 Unresolved reference 'UI'.
e: file:///data/data/com.termux/files/home/Launcher3/src/com/android/launcher3/organizer/creation/screen/ui/spacecreator/SpaceCreatorViewModel.kt:72:22 Cannot infer type for this parameter. Please specify it explicitly.
e: file:///data/data/com.termux/files/home/Launcher3/src/com/android/launcher3/organizer/creation/screen/ui/spacecreator/SpaceCreatorViewModel.kt:72:44 Cannot infer type for this parameter. Please specify it explicitly.
e: file:///data/data/com.termux/files/home/Launcher3/src/com/android/launcher3/organizer/creation/screen/ui/spacecreator/SpaceCreatorViewModel.kt:72:71 Cannot access class 'BitmapInfo'. Check your module classpath for missing or conflicting dependencies.
e: file:///data/data/com.termux/files/home/Launcher3/src/com/android/launcher3/organizer/creation/screen/ui/spacecreator/SpaceCreatorViewModel.kt:72:78 Unresolved reference 'icon'.
e: file:///data/data/com.termux/files/home/Launcher3/src/com/android/launcher3/organizer/creation/screen/ui/spacecreator/SpaceCreatorViewModel.kt:74:60 Not enough information to infer type argument for 'K'.
e: file:///data/data/com.termux/files/home/Launcher3/src/com/android/launcher3/organizer/creation/screen/ui/workspaceorganizer/WorkspaceOrganizer.kt:31:43 Unresolved reference 'plus'.
e: file:///data/data/com.termux/files/home/Launcher3/src/com/android/launcher3/organizer/creation/screen/ui/workspaceorganizer/WorkspaceOrganizer.kt:125:21 Unresolved reference 'plus'.
e: file:///data/data/com.termux/files/home/Launcher3/src/com/android/launcher3/organizer/creation/screen/ui/workspaceorganizer/WorkspaceOrganizer.kt:165:59 Unresolved reference 'materialColorTertiary'.
e: file:///data/data/com.termux/files/home/Launcher3/src/com/android/launcher3/organizer/creation/screen/ui/workspaceorganizer/WorkspaceOrganizer.kt:219:51 Unresolved reference 'materialColorTertiary'.
e: file:///data/data/com.termux/files/home/Launcher3/src/com/android/launcher3/organizer/creation/screen/ui/workspaceorganizer/WorkspaceOrganizer.kt:239:38 Unresolved reference 'materialColorOnTertiaryFixed'.
e: file:///data/data/com.termux/files/home/Launcher3/src/com/android/launcher3/organizer/creation/screen/ui/workspaceorganizer/WorkspaceOrganizer.kt:245:51 Unresolved reference 'materialColorTertiaryFixedDim'.
e: file:///data/data/com.termux/files/home/Launcher3/src/com/android/launcher3/organizer/creation/screen/ui/workspaceorganizer/WorkspaceOrganizer.kt:256:38 Unresolved reference 'materialColorOnTertiaryFixed'.
e: file:///data/data/com.termux/files/home/Launcher3/src/com/android/launcher3/organizer/creation/screen/ui/workspaceorganizer/WorkspaceOrganizer.kt:257:48 Unresolved reference 'materialColorTertiaryFixedDim'.
e: file:///data/data/com.termux/files/home/Launcher3/src/com/android/launcher3/organizer/creation/screen/ui/workspaceorganizer/WorkspaceOrganizerViewModel.kt:26:30 Unresolved reference 'concurrent'.
e: file:///data/data/com.termux/files/home/Launcher3/src/com/android/launcher3/organizer/creation/screen/ui/workspaceorganizer/WorkspaceOrganizerViewModel.kt:27:30 Unresolved reference 'concurrent'.
e: file:///data/data/com.termux/files/home/Launcher3/src/com/android/launcher3/organizer/creation/screen/ui/workspaceorganizer/WorkspaceOrganizerViewModel.kt:28:36 Unresolved reference 'BitmapRenderer'.
e: file:///data/data/com.termux/files/home/Launcher3/src/com/android/launcher3/organizer/creation/screen/ui/workspaceorganizer/WorkspaceOrganizerViewModel.kt:51:6 Unresolved reference 'LightweightBackgroundContext'.
e: file:///data/data/com.termux/files/home/Launcher3/src/com/android/launcher3/organizer/creation/screen/ui/workspaceorganizer/WorkspaceOrganizerViewModel.kt:51:46 Unresolved reference 'UI'.
e: file:///data/data/com.termux/files/home/Launcher3/src/com/android/launcher3/organizer/creation/screen/ui/workspaceorganizer/WorkspaceOrganizerViewModel.kt:74:31 Cannot infer type for this parameter. Please specify it explicitly.
e: file:///data/data/com.termux/files/home/Launcher3/src/com/android/launcher3/organizer/creation/screen/ui/workspaceorganizer/WorkspaceOrganizerViewModel.kt:107:21 Unresolved reference 'BitmapRenderer'.
e: file:///data/data/com.termux/files/home/Launcher3/src/com/android/launcher3/organizer/creation/screen/ui/workspaceorganizer/WorkspaceOrganizerViewModel.kt:110:25 Cannot infer type for this parameter. Please specify it explicitly.
e: file:///data/data/com.termux/files/home/Launcher3/src/com/android/launcher3/organizer/creation/screen/ui/workspaceorganizer/WorkspaceOrganizerViewModel.kt:111:32 Unresolved reference 'scale'.
e: file:///data/data/com.termux/files/home/Launcher3/src/com/android/launcher3/organizer/generator/DefaultTopicProvider.kt:21:37 Unresolved reference 'ApplicationContext'.
e: file:///data/data/com.termux/files/home/Launcher3/src/com/android/launcher3/organizer/generator/DefaultTopicProvider.kt:25:49 Unresolved reference 'ApplicationContext'.
e: file:///data/data/com.termux/files/home/Launcher3/src/com/android/launcher3/organizer/generator/MostUsedItemInfoClassifier.kt:24:37 Unresolved reference 'ApplicationContext'.
e: file:///data/data/com.termux/files/home/Launcher3/src/com/android/launcher3/organizer/generator/MostUsedItemInfoClassifier.kt:31:14 Unresolved reference 'ApplicationContext'.
e: file:///data/data/com.termux/files/home/Launcher3/src/com/android/launcher3/organizer/generator/PackageManagerItemInfoClassifier.kt:23:37 Unresolved reference 'ApplicationContext'.
e: file:///data/data/com.termux/files/home/Launcher3/src/com/android/launcher3/organizer/generator/PackageManagerItemInfoClassifier.kt:35:14 Unresolved reference 'ApplicationContext'.
e: file:///data/data/com.termux/files/home/Launcher3/src/com/android/launcher3/pm/UserCache.kt:24:31 Unresolved reference 'USER_TYPE_PROFILE_CLONE'.
e: file:///data/data/com.termux/files/home/Launcher3/src/com/android/launcher3/pm/UserCache.kt:25:31 Unresolved reference 'USER_TYPE_PROFILE_MANAGED'.
e: file:///data/data/com.termux/files/home/Launcher3/src/com/android/launcher3/pm/UserCache.kt:26:31 Unresolved reference 'USER_TYPE_PROFILE_PRIVATE'.
e: file:///data/data/com.termux/files/home/Launcher3/src/com/android/launcher3/pm/UserCache.kt:30:30 Unresolved reference 'concurrent'.
e: file:///data/data/com.termux/files/home/Launcher3/src/com/android/launcher3/pm/UserCache.kt:31:30 Unresolved reference 'concurrent'.
e: file:///data/data/com.termux/files/home/Launcher3/src/com/android/launcher3/pm/UserCache.kt:32:37 Unresolved reference 'ApplicationContext'.
e: file:///data/data/com.termux/files/home/Launcher3/src/com/android/launcher3/pm/UserCache.kt:33:37 Unresolved reference 'LauncherAppSingleton'.
e: file:///data/data/com.termux/files/home/Launcher3/src/com/android/launcher3/pm/UserCache.kt:37:35 Unresolved reference 'MutableListenableStream'.
e: file:///data/data/com.termux/files/home/Launcher3/src/com/android/launcher3/pm/UserCache.kt:40:35 Unresolved reference 'UserIconInfo'.
e: file:///data/data/com.termux/files/home/Launcher3/src/com/android/launcher3/pm/UserCache.kt:41:20 Unresolved reference 'users'.
e: file:///data/data/com.termux/files/home/Launcher3/src/com/android/launcher3/pm/UserCache.kt:45:2 Unresolved reference 'LauncherAppSingleton'.
e: file:///data/data/com.termux/files/home/Launcher3/src/com/android/launcher3/pm/UserCache.kt:49:6 Unresolved reference 'ApplicationContext'.
e: file:///data/data/com.termux/files/home/Launcher3/src/com/android/launcher3/pm/UserCache.kt:51:6 Unresolved reference 'LightweightBackground'.
e: file:///data/data/com.termux/files/home/Launcher3/src/com/android/launcher3/pm/UserCache.kt:51:28 Unresolved reference 'LightweightBackgroundPriority'.
e: file:///data/data/com.termux/files/home/Launcher3/src/com/android/launcher3/pm/UserCache.kt:62:32 Unresolved reference 'MutableListenableStream'.
e: file:///data/data/com.termux/files/home/Launcher3/src/com/android/launcher3/pm/UserCache.kt:80:24 Unresolved reference 'ACTION_PROFILE_AVAILABLE'.
e: file:///data/data/com.termux/files/home/Launcher3/src/com/android/launcher3/pm/UserCache.kt:83:24 Unresolved reference 'ACTION_PROFILE_UNAVAILABLE'.
e: file:///data/data/com.termux/files/home/Launcher3/src/com/android/launcher3/pm/UserCache.kt:114:48 Unresolved reference 'user'.
e: file:///data/data/com.termux/files/home/Launcher3/src/com/android/launcher3/pm/UserCache.kt:125:21 Unresolved reference 'UserIconInfo'.
e: file:///data/data/com.termux/files/home/Launcher3/src/com/android/launcher3/pm/UserCache.kt:127:44 Unresolved reference 'UserType'.
e: file:///data/data/com.termux/files/home/Launcher3/src/com/android/launcher3/pm/UserCache.kt:127:63 Unresolved reference 'UserType'.
e: file:///data/data/com.termux/files/home/Launcher3/src/com/android/launcher3/pm/UserCache.kt:137:29 Unresolved reference 'getLauncherUserInfo'.
e: file:///data/data/com.termux/files/home/Launcher3/src/com/android/launcher3/pm/UserCache.kt:137:56 Cannot infer type for this parameter. Please specify it explicitly.
e: file:///data/data/com.termux/files/home/Launcher3/src/com/android/launcher3/pm/UserCache.kt:137:60 Cannot infer type for this parameter. Please specify it explicitly.
e: file:///data/data/com.termux/files/home/Launcher3/src/com/android/launcher3/pm/UserCache.kt:138:40 Unresolved reference 'userType'.
e: file:///data/data/com.termux/files/home/Launcher3/src/com/android/launcher3/pm/UserCache.kt:141:21 Unresolved reference 'UserIconInfo'.
e: file:///data/data/com.termux/files/home/Launcher3/src/com/android/launcher3/pm/UserCache.kt:145:41 Unresolved reference 'UserType'.
e: file:///data/data/com.termux/files/home/Launcher3/src/com/android/launcher3/pm/UserCache.kt:146:33 Unresolved reference 'USER_TYPE_PROFILE_MANAGED'.
e: file:///data/data/com.termux/files/home/Launcher3/src/com/android/launcher3/pm/UserCache.kt:146:62 Unresolved reference 'UserType'.
e: file:///data/data/com.termux/files/home/Launcher3/src/com/android/launcher3/pm/UserCache.kt:147:33 Unresolved reference 'USER_TYPE_PROFILE_CLONE'.
e: file:///data/data/com.termux/files/home/Launcher3/src/com/android/launcher3/pm/UserCache.kt:147:60 Unresolved reference 'UserType'.
e: file:///data/data/com.termux/files/home/Launcher3/src/com/android/launcher3/pm/UserCache.kt:148:33 Unresolved reference 'USER_TYPE_PROFILE_PRIVATE'.
e: file:///data/data/com.termux/files/home/Launcher3/src/com/android/launcher3/pm/UserCache.kt:148:62 Unresolved reference 'UserType'.
e: file:///data/data/com.termux/files/home/Launcher3/src/com/android/launcher3/pm/UserCache.kt:149:41 Unresolved reference 'UserType'.
e: file:///data/data/com.termux/files/home/Launcher3/src/com/android/launcher3/pm/UserCache.kt:151:41 Unresolved reference 'userSerialNumber'.
e: file:///data/data/com.termux/files/home/Launcher3/src/com/android/launcher3/pm/UserCache.kt:155:47 Unresolved reference 'getPreInstalledSystemPackages'.
e: file:///data/data/com.termux/files/home/Launcher3/src/com/android/launcher3/pm/UserCache.kt:169:76 Unresolved reference 'userSerial'.
e: file:///data/data/com.termux/files/home/Launcher3/src/com/android/launcher3/pm/UserCache.kt:196:23 Unresolved reference 'UserIconInfo'.
e: file:///data/data/com.termux/files/home/Launcher3/src/com/android/launcher3/pm/UserManagerState.kt:22:35 Unresolved reference 'UserIconInfo'.
e: file:///data/data/com.termux/files/home/Launcher3/src/com/android/launcher3/pm/UserManagerState.kt:23:20 Unresolved reference 'users'.
e: file:///data/data/com.termux/files/home/Launcher3/src/com/android/launcher3/pm/UserManagerState.kt:28:41 Cannot infer type for this parameter. Please specify it explicitly.
e: file:///data/data/com.termux/files/home/Launcher3/src/com/android/launcher3/pm/UserManagerState.kt:28:49 Cannot infer type for this parameter. Please specify it explicitly.
e: file:///data/data/com.termux/files/home/Launcher3/src/com/android/launcher3/pm/UserManagerState.kt:28:69 Unresolved reference 'userSerial'.
e: file:///data/data/com.termux/files/home/Launcher3/src/com/android/launcher3/pm/UserManagerState.kt:38:44 Unresolved reference 'user'.
e: file:///data/data/com.termux/files/home/Launcher3/src/com/android/launcher3/pm/UserManagerState.kt:53:40 Unresolved reference 'UserIconInfo'.
e: file:///data/data/com.termux/files/home/Launcher3/src/com/android/launcher3/pm/UserManagerState.kt:68:28 Unresolved reference 'UserIconInfo'.
e: file:///data/data/com.termux/files/home/Launcher3/src/com/android/launcher3/pm/UserManagerState.kt:68:47 Unresolved reference 'UserType'.
e: file:///data/data/com.termux/files/home/Launcher3/src/com/android/launcher3/popup/AppLockShortcut.kt:65:30 Unresolved reference 'getEnableAppLockIntentForPackage'.
e: file:///data/data/com.termux/files/home/Launcher3/src/com/android/launcher3/popup/AppLockShortcut.kt:71:17 Argument type mismatch: actual type is 'com.android.launcher3.util.LooperExecutor!', but 'java.util.concurrent.Executor!' was expected.
e: file:///data/data/com.termux/files/home/Launcher3/src/com/android/launcher3/popup/AppLockShortcut.kt:91:17 Argument type mismatch: actual type is 'com.android.launcher3.util.LooperExecutor!', but 'java.util.concurrent.Executor!' was expected.
e: file:///data/data/com.termux/files/home/Launcher3/src/com/android/launcher3/popup/LauncherDeepShortcutDragHandler.kt:52:45 Cannot access class 'BitmapInfo'. Check your module classpath for missing or conflicting dependencies.
e: file:///data/data/com.termux/files/home/Launcher3/src/com/android/launcher3/popup/LauncherDeepShortcutDragHandler.kt:52:52 Unresolved reference 'icon'.
e: file:///data/data/com.termux/files/home/Launcher3/src/com/android/launcher3/popup/PinToTaskbarShortcut.kt:85:43 Cannot access class 'ComponentKey'. Check your module classpath for missing or conflicting dependencies.
e: file:///data/data/com.termux/files/home/Launcher3/src/com/android/launcher3/popup/PinToTaskbarShortcut.kt:88:38 Cannot access class 'ComponentKey'. Check your module classpath for missing or conflicting dependencies.
e: file:///data/data/com.termux/files/home/Launcher3/src/com/android/launcher3/popup/PinToTaskbarShortcut.kt:88:54 Cannot access class 'ComponentKey'. Check your module classpath for missing or conflicting dependencies.
e: file:///data/data/com.termux/files/home/Launcher3/src/com/android/launcher3/popup/PinToTaskbarShortcut.kt:256:51 Cannot access class 'ComponentKey'. Check your module classpath for missing or conflicting dependencies.
e: file:///data/data/com.termux/files/home/Launcher3/src/com/android/launcher3/popup/PinToTaskbarShortcut.kt:256:81 Cannot access class 'ComponentKey'. Check your module classpath for missing or conflicting dependencies.
e: file:///data/data/com.termux/files/home/Launcher3/src/com/android/launcher3/popup/PopupContainer.kt:33:30 Unresolved reference 'Flags'.
e: file:///data/data/com.termux/files/home/Launcher3/src/com/android/launcher3/popup/PopupContainer.kt:125:13 Unresolved reference 'Flags'.
e: file:///data/data/com.termux/files/home/Launcher3/src/com/android/launcher3/popup/PopupContainerWithArrow.kt:33:30 Unresolved reference 'Flags'.
e: file:///data/data/com.termux/files/home/Launcher3/src/com/android/launcher3/popup/PopupContainerWithArrow.kt:196:13 Unresolved reference 'Flags'.
e: file:///data/data/com.termux/files/home/Launcher3/src/com/android/launcher3/popup/PopupContainerWithArrow.kt:396:29 Unresolved reference 'wm'.
e: file:///data/data/com.termux/files/home/Launcher3/src/com/android/launcher3/popup/PopupContainerWithArrow.kt:444:17 Unresolved reference 'Flags'.
e: file:///data/data/com.termux/files/home/Launcher3/src/com/android/launcher3/popup/PopupControllerAppIcons.kt:23:30 Unresolved reference 'Flags'.
e: file:///data/data/com.termux/files/home/Launcher3/src/com/android/launcher3/popup/PopupControllerAppIcons.kt:73:17 Unresolved reference 'Flags'.
e: file:///data/data/com.termux/files/home/Launcher3/src/com/android/launcher3/popup/PopupDataSource.kt:28:30 Unresolved reference 'Flags'.
e: file:///data/data/com.termux/files/home/Launcher3/src/com/android/launcher3/popup/PopupDataSource.kt:29:30 Unresolved reference 'Flags'.
e: file:///data/data/com.termux/files/home/Launcher3/src/com/android/launcher3/popup/PopupDataSource.kt:58:20 Unresolved reference 'wm'.
e: file:///data/data/com.termux/files/home/Launcher3/src/com/android/launcher3/popup/PopupDataSource.kt:192:21 Unresolved reference 'enableHomeScreenFilesCopyPaste'.
e: file:///data/data/com.termux/files/home/Launcher3/src/com/android/launcher3/popup/PopupDataSource.kt:195:21 Unresolved reference 'enableHomeScreenFilesRenaming'.
e: file:///data/data/com.termux/files/home/Launcher3/src/com/android/launcher3/popup/PopupDataSource.kt:367:32 Unresolved reference 'EntryPoint'.
e: file:///data/data/com.termux/files/home/Launcher3/src/com/android/launcher3/popup/PopupDataSource.kt:370:25 Unresolved reference 'EntryPoint'.
e: file:///data/data/com.termux/files/home/Launcher3/src/com/android/launcher3/popup/PopupDataSource.kt:372:25 Unresolved reference 'EntryPoint'.
e: file:///data/data/com.termux/files/home/Launcher3/src/com/android/launcher3/popup/PopupDataSource.kt:374:25 Unresolved reference 'EntryPoint'.
e: file:///data/data/com.termux/files/home/Launcher3/src/com/android/launcher3/popup/PopupDataSource.kt:381:25 Cannot access class 'EntryPoint'. Check your module classpath for missing or conflicting dependencies.
e: file:///data/data/com.termux/files/home/Launcher3/src/com/android/launcher3/popup/PopupDataSource.kt:392:21 Cannot access class 'EntryPoint'. Check your module classpath for missing or conflicting dependencies.
e: file:///data/data/com.termux/files/home/Launcher3/src/com/android/launcher3/popup/WorkspaceLongPressOptions.kt:24:30 Unresolved reference 'BuildConfig'.
e: file:///data/data/com.termux/files/home/Launcher3/src/com/android/launcher3/popup/WorkspaceLongPressOptions.kt:25:30 Unresolved reference 'Flags'.
e: file:///data/data/com.termux/files/home/Launcher3/src/com/android/launcher3/popup/WorkspaceLongPressOptions.kt:46:38 Unresolved reference 'shared'.
e: file:///data/data/com.termux/files/home/Launcher3/src/com/android/launcher3/popup/WorkspaceLongPressOptions.kt:65:13 Unresolved reference 'BuildConfig'.
e: file:///data/data/com.termux/files/home/Launcher3/src/com/android/launcher3/popup/WorkspaceLongPressOptions.kt:104:13 Unresolved reference 'Flags'.
e: file:///data/data/com.termux/files/home/Launcher3/src/com/android/launcher3/popup/WorkspaceLongPressOptions.kt:146:41 Unresolved reference 'TestProtocol'.
e: file:///data/data/com.termux/files/home/Launcher3/src/com/android/launcher3/popup/ui/ComposePopup.kt:63:38 Unresolved reference 'shared'.
e: file:///data/data/com.termux/files/home/Launcher3/src/com/android/launcher3/popup/ui/ComposePopup.kt:64:38 Unresolved reference 'shared'.
e: file:///data/data/com.termux/files/home/Launcher3/src/com/android/launcher3/popup/ui/ComposePopup.kt:444:40 Unresolved reference 'SYSTEM_SHORTCUTS_CONTAINER'.
e: file:///data/data/com.termux/files/home/Launcher3/src/com/android/launcher3/popup/ui/ComposePopup.kt:509:40 Unresolved reference 'DEEP_SHORTCUTS_CONTAINER'.
e: file:///data/data/com.termux/files/home/Launcher3/src/com/android/launcher3/popup/ui/ExpandPopupMenuButtons.kt:87:40 Unresolved reference 'materialColorSurfaceVariant'.
e: file:///data/data/com.termux/files/home/Launcher3/src/com/android/launcher3/popup/ui/ExpandPopupMenuButtons.kt:92:58 Unresolved reference 'materialColorSecondary'.
e: file:///data/data/com.termux/files/home/Launcher3/src/com/android/launcher3/popup/ui/ExpandPopupMenuButtons.kt:118:59 Unresolved reference 'materialColorTertiary'.
e: file:///data/data/com.termux/files/home/Launcher3/src/com/android/launcher3/popup/ui/ExpandPopupMenuButtons.kt:124:74 Unresolved reference 'materialColorOnTertiary'.
e: file:///data/data/com.termux/files/home/Launcher3/src/com/android/launcher3/popup/ui/PopupMenuItems.kt:116:43 Unresolved reference 'materialColorSurfaceVariant'.
e: file:///data/data/com.termux/files/home/Launcher3/src/com/android/launcher3/popup/ui/PopupMenuItems.kt:121:58 Unresolved reference 'materialColorSecondary'.
e: file:///data/data/com.termux/files/home/Launcher3/src/com/android/launcher3/popup/ui/PopupMenuItems.kt:133:26 This foundation API is experimental and is likely to change or be removed in the future.
e: file:///data/data/com.termux/files/home/Launcher3/src/com/android/launcher3/popup/ui/PopupMenuItems.kt:223:44 Unresolved reference 'materialColorSurfaceVariant'.
e: file:///data/data/com.termux/files/home/Launcher3/src/com/android/launcher3/popup/ui/PopupMenuItems.kt:228:62 Unresolved reference 'materialColorSecondary'.
e: file:///data/data/com.termux/files/home/Launcher3/src/com/android/launcher3/popup/ui/PopupMenuItems.kt:304:35 Cannot access class 'BitmapInfo'. Check your module classpath for missing or conflicting dependencies.
e: file:///data/data/com.termux/files/home/Launcher3/src/com/android/launcher3/popup/ui/PopupMenuItems.kt:304:42 Unresolved reference 'icon'.
e: file:///data/data/com.termux/files/home/Launcher3/src/com/android/launcher3/popup/ui/PopupMenuItems.kt:334:69 Unresolved reference 'materialColorSurfaceVariant'.
e: file:///data/data/com.termux/files/home/Launcher3/src/com/android/launcher3/popup/ui/PopupMenuItems.kt:338:74 Unresolved reference 'materialColorSecondary'.
e: file:///data/data/com.termux/files/home/Launcher3/src/com/android/launcher3/popup/ui/PopupMenuItems.kt:347:62 Unresolved reference 'materialColorSecondary'.
e: file:///data/data/com.termux/files/home/Launcher3/src/com/android/launcher3/preview/PreviewContext.kt:26:37 Unresolved reference 'ApplicationContext'.
e: file:///data/data/com.termux/files/home/Launcher3/src/com/android/launcher3/preview/PreviewContext.kt:29:37 Unresolved reference 'LauncherAppSingleton'.
e: file:///data/data/com.termux/files/home/Launcher3/src/com/android/launcher3/preview/PreviewContext.kt:61:1 Cannot access 'AppFunctionConfiguration.Provider' which is a supertype of 'com.android.launcher3.preview.PreviewContext'. Check your module classpath for missing or conflicting dependencies.
e: file:///data/data/com.termux/files/home/Launcher3/src/com/android/launcher3/preview/PreviewContext.kt:77:9 Cannot access 'AppFunctionConfiguration.Provider' which is a supertype of 'com.android.launcher3.preview.PreviewContext'. Check your module classpath for missing or conflicting dependencies.
e: file:///data/data/com.termux/files/home/Launcher3/src/com/android/launcher3/preview/PreviewContext.kt:78:59 Cannot access 'AppFunctionConfiguration.Provider' which is a supertype of 'com.android.launcher3.preview.PreviewContext'. Check your module classpath for missing or conflicting dependencies.
e: file:///data/data/com.termux/files/home/Launcher3/src/com/android/launcher3/preview/PreviewContext.kt:79:15 Cannot access 'AppFunctionConfiguration.Provider' which is a supertype of 'com.android.launcher3.preview.PreviewContext'. Check your module classpath for missing or conflicting dependencies.
e: file:///data/data/com.termux/files/home/Launcher3/src/com/android/launcher3/preview/PreviewContext.kt:81:25 Unresolved reference 'systemui'.
e: file:///data/data/com.termux/files/home/Launcher3/src/com/android/launcher3/preview/PreviewContext.kt:92:23 Unresolved reference 'DaggerPreviewContext_PreviewAppComponent'.
e: file:///data/data/com.termux/files/home/Launcher3/src/com/android/launcher3/preview/PreviewContext.kt:108:13 Cannot access 'AppFunctionConfiguration.Provider' which is a supertype of 'com.android.launcher3.preview.PreviewContext'. Check your module classpath for missing or conflicting dependencies.
e: file:///data/data/com.termux/files/home/Launcher3/src/com/android/launcher3/preview/PreviewContext.kt:109:13 Cannot access 'AppFunctionConfiguration.Provider' which is a supertype of 'com.android.launcher3.LauncherApplication'. Check your module classpath for missing or conflicting dependencies.
e: file:///data/data/com.termux/files/home/Launcher3/src/com/android/launcher3/preview/PreviewContext.kt:111:13 Cannot access 'AppFunctionConfiguration.Provider' which is a supertype of 'com.android.launcher3.preview.PreviewContext'. Check your module classpath for missing or conflicting dependencies.
e: file:///data/data/com.termux/files/home/Launcher3/src/com/android/launcher3/preview/PreviewContext.kt:112:13 Cannot access 'AppFunctionConfiguration.Provider' which is a supertype of 'com.android.launcher3.preview.PreviewContext'. Check your module classpath for missing or conflicting dependencies.
e: file:///data/data/com.termux/files/home/Launcher3/src/com/android/launcher3/preview/PreviewContext.kt:113:13 Cannot access 'AppFunctionConfiguration.Provider' which is a supertype of 'com.android.launcher3.preview.PreviewContext'. Check your module classpath for missing or conflicting dependencies.
e: file:///data/data/com.termux/files/home/Launcher3/src/com/android/launcher3/preview/PreviewContext.kt:114:13 Cannot access 'AppFunctionConfiguration.Provider' which is a supertype of 'com.android.launcher3.LauncherApplication'. Check your module classpath for missing or conflicting dependencies.
e: file:///data/data/com.termux/files/home/Launcher3/src/com/android/launcher3/preview/PreviewContext.kt:115:69 Unresolved reference 'it'.
e: file:///data/data/com.termux/files/home/Launcher3/src/com/android/launcher3/preview/PreviewContext.kt:117:13 Cannot access 'AppFunctionConfiguration.Provider' which is a supertype of 'com.android.launcher3.LauncherApplication'. Check your module classpath for missing or conflicting dependencies.
e: file:///data/data/com.termux/files/home/Launcher3/src/com/android/launcher3/preview/PreviewContext.kt:131:13 Cannot access 'AppFunctionConfiguration.Provider' which is a supertype of 'com.android.launcher3.preview.PreviewContext'. Check your module classpath for missing or conflicting dependencies.
e: file:///data/data/com.termux/files/home/Launcher3/src/com/android/launcher3/preview/PreviewContext.kt:131:31 Cannot access 'AppFunctionConfiguration.Provider' which is a supertype of 'com.android.launcher3.preview.PreviewContext'. Check your module classpath for missing or conflicting dependencies.
e: file:///data/data/com.termux/files/home/Launcher3/src/com/android/launcher3/preview/PreviewContext.kt:132:27 Cannot access 'AppFunctionConfiguration.Provider' which is a supertype of 'com.android.launcher3.preview.PreviewContext'. Check your module classpath for missing or conflicting dependencies.
e: file:///data/data/com.termux/files/home/Launcher3/src/com/android/launcher3/preview/PreviewContext.kt:137:15 Cannot access 'AppFunctionConfiguration.Provider' which is a supertype of 'com.android.launcher3.util.SandboxContext'. Check your module classpath for missing or conflicting dependencies.
e: file:///data/data/com.termux/files/home/Launcher3/src/com/android/launcher3/preview/PreviewContext.kt:138:33 Cannot access 'AppFunctionConfiguration.Provider' which is a supertype of 'com.android.launcher3.preview.PreviewContext'. Check your module classpath for missing or conflicting dependencies.
e: file:///data/data/com.termux/files/home/Launcher3/src/com/android/launcher3/preview/PreviewContext.kt:139:13 Cannot access 'AppFunctionConfiguration.Provider' which is a supertype of 'com.android.launcher3.preview.PreviewContext'. Check your module classpath for missing or conflicting dependencies.
e: file:///data/data/com.termux/files/home/Launcher3/src/com/android/launcher3/preview/PreviewContext.kt:140:13 Cannot access 'AppFunctionConfiguration.Provider' which is a supertype of 'com.android.launcher3.preview.PreviewContext'. Check your module classpath for missing or conflicting dependencies.
e: file:///data/data/com.termux/files/home/Launcher3/src/com/android/launcher3/preview/PreviewContext.kt:141:13 Cannot access 'AppFunctionConfiguration.Provider' which is a supertype of 'com.android.launcher3.preview.PreviewContext'. Check your module classpath for missing or conflicting dependencies.
e: file:///data/data/com.termux/files/home/Launcher3/src/com/android/launcher3/preview/PreviewContext.kt:146:13 Cannot access 'AppFunctionConfiguration.Provider' which is a supertype of 'com.android.launcher3.preview.PreviewContext'. Check your module classpath for missing or conflicting dependencies.
e: file:///data/data/com.termux/files/home/Launcher3/src/com/android/launcher3/preview/PreviewContext.kt:146:34 Cannot access 'AppFunctionConfiguration.Provider' which is a supertype of 'com.android.launcher3.preview.PreviewContext'. Check your module classpath for missing or conflicting dependencies.
e: file:///data/data/com.termux/files/home/Launcher3/src/com/android/launcher3/preview/PreviewContext.kt:151:10 Unresolved reference 'ApplicationContext'.
e: file:///data/data/com.termux/files/home/Launcher3/src/com/android/launcher3/preview/PreviewContext.kt:182:6 Unresolved reference 'LauncherAppSingleton'.
e: file:///data/data/com.termux/files/home/Launcher3/src/com/android/launcher3/provider/LauncherDbUtils.kt:43:36 Unresolved reference 'GraphicsUtils'.
e: file:///data/data/com.termux/files/home/Launcher3/src/com/android/launcher3/provider/LauncherDbUtils.kt:44:36 Unresolved reference 'GraphicsUtils'.
e: file:///data/data/com.termux/files/home/Launcher3/src/com/android/launcher3/provider/LauncherDbUtils.kt:232:37 Cannot access 'ComponentKey' which is a supertype of 'com.android.launcher3.shortcuts.ShortcutKey'. Check your module classpath for missing or conflicting dependencies.
e: file:///data/data/com.termux/files/home/Launcher3/src/com/android/launcher3/provider/LauncherDbUtils.kt:295:37 Unresolved reference 'GraphicsUtils'.
e: file:///data/data/com.termux/files/home/Launcher3/src/com/android/launcher3/provider/LauncherDbUtils.kt:295:84 Cannot access class 'BitmapInfo'. Check your module classpath for missing or conflicting dependencies.
e: file:///data/data/com.termux/files/home/Launcher3/src/com/android/launcher3/provider/LauncherDbUtils.kt:297:37 Unresolved reference 'flattenBitmap'.
e: file:///data/data/com.termux/files/home/Launcher3/src/com/android/launcher3/provider/LauncherDbUtils.kt:297:60 Cannot access class 'BitmapInfo'. Check your module classpath for missing or conflicting dependencies.
e: file:///data/data/com.termux/files/home/Launcher3/src/com/android/launcher3/provider/LauncherDbUtils.kt:297:67 Unresolved reference 'icon'.
e: file:///data/data/com.termux/files/home/Launcher3/src/com/android/launcher3/provider/RestoreDbTask.kt:29:30 Unresolved reference 'BuildConfig'.
e: file:///data/data/com.termux/files/home/Launcher3/src/com/android/launcher3/provider/RestoreDbTask.kt:303:14 Unresolved reference 'BuildConfig'.
e: file:///data/data/com.termux/files/home/Launcher3/src/com/android/launcher3/qsb/OSEManager.kt:37:37 Unresolved reference 'ApplicationContext'.
e: file:///data/data/com.termux/files/home/Launcher3/src/com/android/launcher3/qsb/OSEManager.kt:38:37 Unresolved reference 'LauncherAppSingleton'.
e: file:///data/data/com.termux/files/home/Launcher3/src/com/android/launcher3/qsb/OSEManager.kt:48:35 Unresolved reference 'MutableListenableRef'.
e: file:///data/data/com.termux/files/home/Launcher3/src/com/android/launcher3/qsb/OSEManager.kt:62:2 Unresolved reference 'LauncherAppSingleton'.
e: file:///data/data/com.termux/files/home/Launcher3/src/com/android/launcher3/qsb/OSEManager.kt:81:9 Unresolved reference 'MutableListenableRef'.
e: file:///data/data/com.termux/files/home/Launcher3/src/com/android/launcher3/qsb/OSEManager.kt:91:10 Unresolved reference 'ApplicationContext'.
e: file:///data/data/com.termux/files/home/Launcher3/src/com/android/launcher3/qsb/OSEManager.kt:227:18 Cannot access 'SafeCloseable' which is a supertype of 'com.android.launcher3.pm.InstallSessionTracker'. Check your module classpath for missing or conflicting dependencies.
e: file:///data/data/com.termux/files/home/Launcher3/src/com/android/launcher3/qsb/OseCustomWidget.kt:34:14 Cannot access 'CachedObject' which is a supertype of 'com.android.launcher3.widget.LauncherAppWidgetProviderInfo'. Check your module classpath for missing or conflicting dependencies.
e: file:///data/data/com.termux/files/home/Launcher3/src/com/android/launcher3/qsb/OseCustomWidget.kt:35:14 Cannot access 'CachedObject' which is a supertype of 'com.android.launcher3.widget.LauncherAppWidgetProviderInfo'. Check your module classpath for missing or conflicting dependencies.
e: file:///data/data/com.termux/files/home/Launcher3/src/com/android/launcher3/qsb/OseCustomWidget.kt:37:14 Cannot access 'CachedObject' which is a supertype of 'com.android.launcher3.widget.LauncherAppWidgetProviderInfo'. Check your module classpath for missing or conflicting dependencies.
e: file:///data/data/com.termux/files/home/Launcher3/src/com/android/launcher3/qsb/OseCustomWidget.kt:38:14 Cannot access 'CachedObject' which is a supertype of 'com.android.launcher3.widget.LauncherAppWidgetProviderInfo'. Check your module classpath for missing or conflicting dependencies.
e: file:///data/data/com.termux/files/home/Launcher3/src/com/android/launcher3/qsb/OseCustomWidget.kt:39:14 Cannot access 'CachedObject' which is a supertype of 'com.android.launcher3.widget.LauncherAppWidgetProviderInfo'. Check your module classpath for missing or conflicting dependencies.
e: file:///data/data/com.termux/files/home/Launcher3/src/com/android/launcher3/qsb/OseCustomWidget.kt:40:14 Cannot access 'CachedObject' which is a supertype of 'com.android.launcher3.widget.LauncherAppWidgetProviderInfo'. Check your module classpath for missing or conflicting dependencies.
e: file:///data/data/com.termux/files/home/Launcher3/src/com/android/launcher3/qsb/OseWidgetManager.kt:36:37 Unresolved reference 'ApplicationContext'.
e: file:///data/data/com.termux/files/home/Launcher3/src/com/android/launcher3/qsb/OseWidgetManager.kt:37:37 Unresolved reference 'LauncherAppSingleton'.
e: file:///data/data/com.termux/files/home/Launcher3/src/com/android/launcher3/qsb/OseWidgetManager.kt:52:2 Unresolved reference 'LauncherAppSingleton'.
e: file:///data/data/com.termux/files/home/Launcher3/src/com/android/launcher3/qsb/OseWidgetManager.kt:56:6 Unresolved reference 'ApplicationContext'.
e: file:///data/data/com.termux/files/home/Launcher3/src/com/android/launcher3/qsb/OseWidgetManager.kt:78:46 Unresolved reference 'forEach'.
e: file:///data/data/com.termux/files/home/Launcher3/src/com/android/launcher3/qsb/OseWidgetManager.kt:134:67 Argument type mismatch: actual type is 'com.android.launcher3.util.LooperExecutor', but 'java.util.concurrent.Executor' was expected.
e: file:///data/data/com.termux/files/home/Launcher3/src/com/android/launcher3/qsb/OseWidgetView.kt:42:35 Unresolved reference 'ComponentKey'.
e: file:///data/data/com.termux/files/home/Launcher3/src/com/android/launcher3/qsb/OseWidgetView.kt:44:35 Unresolved reference 'SafeCloseable'.
e: file:///data/data/com.termux/files/home/Launcher3/src/com/android/launcher3/qsb/OseWidgetView.kt:88:52 Unresolved reference 'it'.
e: file:///data/data/com.termux/files/home/Launcher3/src/com/android/launcher3/qsb/OseWidgetView.kt:92:53 Unresolved reference 'it'.
e: file:///data/data/com.termux/files/home/Launcher3/src/com/android/launcher3/qsb/OseWidgetView.kt:93:56 Unresolved reference 'it'.
e: file:///data/data/com.termux/files/home/Launcher3/src/com/android/launcher3/qsb/OseWidgetView.kt:94:16 Unresolved reference 'close'.
e: file:///data/data/com.termux/files/home/Launcher3/src/com/android/launcher3/qsb/OseWidgetView.kt:98:33 Unresolved reference 'it'.
e: file:///data/data/com.termux/files/home/Launcher3/src/com/android/launcher3/qsb/OseWidgetView.kt:99:51 Unresolved reference 'it'.
e: file:///data/data/com.termux/files/home/Launcher3/src/com/android/launcher3/qsb/OseWidgetView.kt:100:16 Unresolved reference 'close'.
e: file:///data/data/com.termux/files/home/Launcher3/src/com/android/launcher3/qsb/OseWidgetView.kt:138:39 Cannot access class 'ComponentKey'. Check your module classpath for missing or conflicting dependencies.
e: file:///data/data/com.termux/files/home/Launcher3/src/com/android/launcher3/qsb/OseWidgetView.kt:139:33 Unresolved reference 'ComponentKey'.
e: file:///data/data/com.termux/files/home/Launcher3/src/com/android/launcher3/qsb/OseWidgetView.kt:175:13 Unresolved reference 'SafeCloseable'.
e: file:///data/data/com.termux/files/home/Launcher3/src/com/android/launcher3/qsb/QsbAppWidgetHost.kt:26:35 Unresolved reference 'MutableListenableRef'.
e: file:///data/data/com.termux/files/home/Launcher3/src/com/android/launcher3/qsb/QsbAppWidgetHost.kt:27:35 Unresolved reference 'SafeCloseable'.
e: file:///data/data/com.termux/files/home/Launcher3/src/com/android/launcher3/qsb/QsbAppWidgetHost.kt:37:40 Unresolved reference 'SafeCloseable'.
e: file:///data/data/com.termux/files/home/Launcher3/src/com/android/launcher3/qsb/QsbAppWidgetHost.kt:41:16 Unresolved reference 'SafeCloseable'.
e: file:///data/data/com.termux/files/home/Launcher3/src/com/android/launcher3/qsb/QsbAppWidgetHost.kt:86:28 Unresolved reference 'MutableListenableRef'.
e: file:///data/data/com.termux/files/home/Launcher3/src/com/android/launcher3/qsb/QsbAppWidgetHost.kt:87:21 Unresolved reference 'MutableListenableRef'.
e: file:///data/data/com.termux/files/home/Launcher3/src/com/android/launcher3/recyclerview/AllAppsRecyclerViewPool.kt:28:30 Unresolved reference 'BuildConfig'.
e: file:///data/data/com.termux/files/home/Launcher3/src/com/android/launcher3/recyclerview/AllAppsRecyclerViewPool.kt:31:37 Unresolved reference 'ActivityContextSingleton'.
e: file:///data/data/com.termux/files/home/Launcher3/src/com/android/launcher3/recyclerview/AllAppsRecyclerViewPool.kt:34:35 Unresolved reference 'SafeCloseable'.
e: file:///data/data/com.termux/files/home/Launcher3/src/com/android/launcher3/recyclerview/AllAppsRecyclerViewPool.kt:46:2 Unresolved reference 'ActivityContextSingleton'.
e: file:///data/data/com.termux/files/home/Launcher3/src/com/android/launcher3/recyclerview/AllAppsRecyclerViewPool.kt:59:69 Unresolved reference 'SafeCloseable'.
e: file:///data/data/com.termux/files/home/Launcher3/src/com/android/launcher3/recyclerview/AllAppsRecyclerViewPool.kt:82:68 Unresolved reference 'isWork'.
e: file:///data/data/com.termux/files/home/Launcher3/src/com/android/launcher3/recyclerview/AllAppsRecyclerViewPool.kt:102:17 Unresolved reference 'BuildConfig'.
e: file:///data/data/com.termux/files/home/Launcher3/src/com/android/launcher3/recyclerview/AllAppsRecyclerViewPool.kt:142:13 Argument type mismatch: actual type is 'com.android.launcher3.util.LooperExecutor!', but 'java.util.concurrent.Executor' was expected.
e: file:///data/data/com.termux/files/home/Launcher3/src/com/android/launcher3/recyclerview/AllAppsRecyclerViewPool.kt:160:27 Unresolved reference 'close'.
e: file:///data/data/com.termux/files/home/Launcher3/src/com/android/launcher3/recyclerview/AllAppsRecyclerViewPool.kt:184:27 Unresolved reference 'close'.
e: file:///data/data/com.termux/files/home/Launcher3/src/com/android/launcher3/responsive/ResponsiveCellSpecsProvider.kt:21:30 Unresolved reference 'Flags'.
e: file:///data/data/com.termux/files/home/Launcher3/src/com/android/launcher3/responsive/ResponsiveCellSpecsProvider.kt:112:17 Unresolved reference 'enableScalabilityForDesktopExperience'.
e: file:///data/data/com.termux/files/home/Launcher3/src/com/android/launcher3/responsive/ResponsiveCellSpecsProvider.kt:116:13 Unresolved reference 'enableScalabilityForDesktopExperience'.
e: file:///data/data/com.termux/files/home/Launcher3/src/com/android/launcher3/shapes/ShapesProvider.kt:19:30 Unresolved reference 'Flags'.
e: file:///data/data/com.termux/files/home/Launcher3/src/com/android/launcher3/shapes/ShapesProvider.kt:39:13 Unresolved reference 'LauncherFlags'.
e: file:///data/data/com.termux/files/home/Launcher3/src/com/android/launcher3/touch/CustomEventsTouchHandler.kt:25:30 Unresolved reference 'Flags'.
e: file:///data/data/com.termux/files/home/Launcher3/src/com/android/launcher3/touch/CustomEventsTouchHandler.kt:88:14 Unresolved reference 'Flags'.
e: file:///data/data/com.termux/files/home/Launcher3/src/com/android/launcher3/util/ApplicationInfoWrapper.kt:30:30 Unresolved reference 'Flags'.
e: file:///data/data/com.termux/files/home/Launcher3/src/com/android/launcher3/util/ApplicationInfoWrapper.kt:54:47 Unresolved reference 'enableSupportForArchiving'.
e: file:///data/data/com.termux/files/home/Launcher3/src/com/android/launcher3/util/ApplicationInfoWrapper.kt:54:81 Unresolved reference 'isArchived'.
e: file:///data/data/com.termux/files/home/Launcher3/src/com/android/launcher3/util/ApplicationInfoWrapper.kt:109:37 Unresolved reference 'enableSupportForArchiving'.
e: file:///data/data/com.termux/files/home/Launcher3/src/com/android/launcher3/util/ApplicationInfoWrapper.kt:109:77 Unresolved reference 'isArchived'.
e: file:///data/data/com.termux/files/home/Launcher3/src/com/android/launcher3/util/ApplicationInfoWrapper.kt:118:26 Unresolved reference 'Flags'.
e: file:///data/data/com.termux/files/home/Launcher3/src/com/android/launcher3/util/ApplicationInfoWrapper.kt:118:58 Unresolved reference 'isAppLockSupported'.
e: file:///data/data/com.termux/files/home/Launcher3/src/com/android/launcher3/util/ApplicationInfoWrapper.kt:122:26 Unresolved reference 'Flags'.
e: file:///data/data/com.termux/files/home/Launcher3/src/com/android/launcher3/util/ApplicationInfoWrapper.kt:122:58 Unresolved reference 'isAppLockEnabled'.
e: file:///data/data/com.termux/files/home/Launcher3/src/com/android/launcher3/util/AsyncObjectAllocator.kt:59:8 Unresolved reference 'SafeCloseable'.
e: file:///data/data/com.termux/files/home/Launcher3/src/com/android/launcher3/util/AsyncObjectAllocator.kt:60:32 Unresolved reference 'SafeCloseable'.
e: file:///data/data/com.termux/files/home/Launcher3/src/com/android/launcher3/util/AsyncObjectAllocator.kt:108:9 Unresolved reference 'SafeCloseable'.
e: file:///data/data/com.termux/files/home/Launcher3/src/com/android/launcher3/util/AsyncObjectAllocator.kt:113:9 'close' overrides nothing.
e: file:///data/data/com.termux/files/home/Launcher3/src/com/android/launcher3/util/BlurBackgroundHelper.kt:21:37 Unresolved reference 'ActivityContextSingleton'.
e: file:///data/data/com.termux/files/home/Launcher3/src/com/android/launcher3/util/BlurBackgroundHelper.kt:30:2 Unresolved reference 'ActivityContextSingleton'.
e: file:///data/data/com.termux/files/home/Launcher3/src/com/android/launcher3/util/CannedAnimationCoordinator.kt:24:20 Unresolved reference 'app'.
e: file:///data/data/com.termux/files/home/Launcher3/src/com/android/launcher3/util/CannedAnimationCoordinator.kt:79:32 Unresolved reference 'LINEAR'.
e: file:///data/data/com.termux/files/home/Launcher3/src/com/android/launcher3/util/DaggerSingletonTracker.kt:18:30 Unresolved reference 'concurrent'.
e: file:///data/data/com.termux/files/home/Launcher3/src/com/android/launcher3/util/DaggerSingletonTracker.kt:19:37 Unresolved reference 'LauncherAppSingleton'.
e: file:///data/data/com.termux/files/home/Launcher3/src/com/android/launcher3/util/DaggerSingletonTracker.kt:29:2 Unresolved reference 'LauncherAppSingleton'.
e: file:///data/data/com.termux/files/home/Launcher3/src/com/android/launcher3/util/DaggerSingletonTracker.kt:32:23 Unresolved reference 'Ui'.
e: file:///data/data/com.termux/files/home/Launcher3/src/com/android/launcher3/util/DaggerSingletonTracker.kt:37:33 Unresolved reference 'SafeCloseable'.
e: file:///data/data/com.termux/files/home/Launcher3/src/com/android/launcher3/util/DaggerSingletonTracker.kt:37:63 Argument type mismatch: actual type is 'com.android.launcher3.util.LooperExecutor', but 'java.util.concurrent.Executor' was expected.
e: file:///data/data/com.termux/files/home/Launcher3/src/com/android/launcher3/util/DaggerSingletonTracker.kt:40:53 Unresolved reference 'SafeCloseable'.
e: file:///data/data/com.termux/files/home/Launcher3/src/com/android/launcher3/util/DefaultsValueProvider.kt:20:37 Unresolved reference 'LauncherAppSingleton'.
e: file:///data/data/com.termux/files/home/Launcher3/src/com/android/launcher3/util/DefaultsValueProvider.kt:28:2 Unresolved reference 'LauncherAppSingleton'.
e: file:///data/data/com.termux/files/home/Launcher3/src/com/android/launcher3/util/DefaultsValueProvider.kt:44:2 Unresolved reference 'LauncherAppSingleton'.
e: file:///data/data/com.termux/files/home/Launcher3/src/com/android/launcher3/util/LayoutImportExportHelper.kt:39:30 Unresolved reference 'concurrent'.
e: file:///data/data/com.termux/files/home/Launcher3/src/com/android/launcher3/util/LayoutImportExportHelper.kt:40:30 Unresolved reference 'concurrent'.
e: file:///data/data/com.termux/files/home/Launcher3/src/com/android/launcher3/util/LayoutImportExportHelper.kt:41:37 Unresolved reference 'ApplicationContext'.
e: file:///data/data/com.termux/files/home/Launcher3/src/com/android/launcher3/util/LayoutImportExportHelper.kt:52:20 Unresolved reference 'users'.
e: file:///data/data/com.termux/files/home/Launcher3/src/com/android/launcher3/util/LayoutImportExportHelper.kt:68:6 Unresolved reference 'ApplicationContext'.
e: file:///data/data/com.termux/files/home/Launcher3/src/com/android/launcher3/util/LayoutImportExportHelper.kt:72:6 Unresolved reference 'Background'.
e: file:///data/data/com.termux/files/home/Launcher3/src/com/android/launcher3/util/LayoutImportExportHelper.kt:73:6 Unresolved reference 'Ui'.
e: file:///data/data/com.termux/files/home/Launcher3/src/com/android/launcher3/util/LayoutImportExportHelper.kt:168:74 Unresolved reference 'type'.
e: file:///data/data/com.termux/files/home/Launcher3/src/com/android/launcher3/util/LayoutImportExportHelper.kt:169:17 Unresolved reference 'UserType'.
e: file:///data/data/com.termux/files/home/Launcher3/src/com/android/launcher3/util/LayoutImportExportHelper.kt:170:17 Unresolved reference 'UserType'.
e: file:///data/data/com.termux/files/home/Launcher3/src/com/android/launcher3/util/LayoutImportExportHelper.kt:177:29 Cannot access 'ComponentKey' which is a supertype of 'com.android.launcher3.shortcuts.ShortcutKey'. Check your module classpath for missing or conflicting dependencies.
e: file:///data/data/com.termux/files/home/Launcher3/src/com/android/launcher3/util/LayoutImportExportHelper.kt:178:37 Cannot access 'ComponentKey' which is a supertype of 'com.android.launcher3.shortcuts.ShortcutKey'. Check your module classpath for missing or conflicting dependencies.
e: file:///data/data/com.termux/files/home/Launcher3/src/com/android/launcher3/util/LayoutImportExportHelper.kt:178:54 Cannot access 'ComponentKey' which is a supertype of 'com.android.launcher3.shortcuts.ShortcutKey'. Check your module classpath for missing or conflicting dependencies.
e: file:///data/data/com.termux/files/home/Launcher3/src/com/android/launcher3/util/LockedUserState.kt:24:30 Unresolved reference 'concurrent'.
e: file:///data/data/com.termux/files/home/Launcher3/src/com/android/launcher3/util/LockedUserState.kt:25:30 Unresolved reference 'concurrent'.
e: file:///data/data/com.termux/files/home/Launcher3/src/com/android/launcher3/util/LockedUserState.kt:26:30 Unresolved reference 'concurrent'.
e: file:///data/data/com.termux/files/home/Launcher3/src/com/android/launcher3/util/LockedUserState.kt:27:37 Unresolved reference 'ApplicationContext'.
e: file:///data/data/com.termux/files/home/Launcher3/src/com/android/launcher3/util/LockedUserState.kt:28:37 Unresolved reference 'LauncherAppSingleton'.
e: file:///data/data/com.termux/files/home/Launcher3/src/com/android/launcher3/util/LockedUserState.kt:34:2 Unresolved reference 'LauncherAppSingleton'.
e: file:///data/data/com.termux/files/home/Launcher3/src/com/android/launcher3/util/LockedUserState.kt:38:6 Unresolved reference 'ApplicationContext'.
e: file:///data/data/com.termux/files/home/Launcher3/src/com/android/launcher3/util/LockedUserState.kt:39:6 Unresolved reference 'LightweightBackground'.
e: file:///data/data/com.termux/files/home/Launcher3/src/com/android/launcher3/util/LockedUserState.kt:39:39 Unresolved reference 'UI'.
e: file:///data/data/com.termux/files/home/Launcher3/src/com/android/launcher3/util/LockedUserState.kt:40:6 Unresolved reference 'Ui'.
e: file:///data/data/com.termux/files/home/Launcher3/src/com/android/launcher3/util/LockedUserState.kt:98:48 Initializer type mismatch: expected 'java.util.concurrent.Executor', actual 'com.android.launcher3.util.LooperExecutor'.
e: file:///data/data/com.termux/files/home/Launcher3/src/com/android/launcher3/util/LooperExecutor.kt:25:19 Unresolved reference 'common'.
e: file:///data/data/com.termux/files/home/Launcher3/src/com/android/launcher3/util/LooperExecutor.kt:31:74 Unresolved reference 'AbstractListeningExecutorService'.
e: file:///data/data/com.termux/files/home/Launcher3/src/com/android/launcher3/util/LooperExecutor.kt:50:5 'execute' overrides nothing.
e: file:///data/data/com.termux/files/home/Launcher3/src/com/android/launcher3/util/LooperExecutor.kt:64:5 'shutdown' overrides nothing.
e: file:///data/data/com.termux/files/home/Launcher3/src/com/android/launcher3/util/LooperExecutor.kt:69:5 'shutdownNow' overrides nothing.
e: file:///data/data/com.termux/files/home/Launcher3/src/com/android/launcher3/util/LooperExecutor.kt:73:5 'isShutdown' overrides nothing.
e: file:///data/data/com.termux/files/home/Launcher3/src/com/android/launcher3/util/LooperExecutor.kt:75:5 'isTerminated' overrides nothing.
e: file:///data/data/com.termux/files/home/Launcher3/src/com/android/launcher3/util/LooperExecutor.kt:78:5 'awaitTermination' overrides nothing.
e: file:///data/data/com.termux/files/home/Launcher3/src/com/android/launcher3/util/OverviewReleaseFlags.kt:19:30 Unresolved reference 'Flags'.
e: file:///data/data/com.termux/files/home/Launcher3/src/com/android/launcher3/util/OverviewReleaseFlags.kt:23:49 Unresolved reference 'Flags'.
e: file:///data/data/com.termux/files/home/Launcher3/src/com/android/launcher3/util/OverviewReleaseFlags.kt:25:55 Unresolved reference 'Flags'.
e: file:///data/data/com.termux/files/home/Launcher3/src/com/android/launcher3/util/OverviewReleaseFlags.kt:29:9 Unresolved reference 'Flags'.
e: file:///data/data/com.termux/files/home/Launcher3/src/com/android/launcher3/util/OverviewReleaseFlags.kt:33:9 Unresolved reference 'Flags'.
e: file:///data/data/com.termux/files/home/Launcher3/src/com/android/launcher3/util/OverviewReleaseFlags.kt:35:49 Unresolved reference 'Flags'.
e: file:///data/data/com.termux/files/home/Launcher3/src/com/android/launcher3/util/OverviewReleaseFlags.kt:37:53 Unresolved reference 'Flags'.
e: file:///data/data/com.termux/files/home/Launcher3/src/com/android/launcher3/util/OverviewReleaseFlags.kt:39:57 Unresolved reference 'Flags'.
e: file:///data/data/com.termux/files/home/Launcher3/src/com/android/launcher3/util/OverviewReleaseFlags.kt:41:48 Unresolved reference 'Flags'.
e: file:///data/data/com.termux/files/home/Launcher3/src/com/android/launcher3/util/OverviewReleaseFlags.kt:43:55 Unresolved reference 'Flags'.
e: file:///data/data/com.termux/files/home/Launcher3/src/com/android/launcher3/util/OverviewReleaseFlags.kt:45:55 Unresolved reference 'Flags'.
e: file:///data/data/com.termux/files/home/Launcher3/src/com/android/launcher3/util/OverviewReleaseFlags.kt:47:56 Unresolved reference 'Flags'.
e: file:///data/data/com.termux/files/home/Launcher3/src/com/android/launcher3/util/PostUnlockObject.kt:31:5 Unresolved reference 'SafeCloseable'.
e: file:///data/data/com.termux/files/home/Launcher3/src/com/android/launcher3/util/PostUnlockObject.kt:58:5 'close' overrides nothing.
e: file:///data/data/com.termux/files/home/Launcher3/src/com/android/launcher3/util/SandboxContext.kt:23:1 Cannot access 'AppFunctionConfiguration.Provider' which is a supertype of 'com.android.launcher3.util.SandboxContext'. Check your module classpath for missing or conflicting dependencies.
e: file:///data/data/com.termux/files/home/Launcher3/src/com/android/launcher3/util/SandboxContext.kt:40:15 Cannot access 'AppFunctionConfiguration.Provider' which is a supertype of 'com.android.launcher3.util.SandboxContext'. Check your module classpath for missing or conflicting dependencies.
e: file:///data/data/com.termux/files/home/Launcher3/src/com/android/launcher3/util/SandboxContext.kt:44:13 Cannot access 'AppFunctionConfiguration.Provider' which is a supertype of 'com.android.launcher3.util.SandboxContext'. Check your module classpath for missing or conflicting dependencies.
e: file:///data/data/com.termux/files/home/Launcher3/src/com/android/launcher3/util/SandboxContext.kt:45:13 Cannot access 'AppFunctionConfiguration.Provider' which is a supertype of 'com.android.launcher3.util.SandboxContext'. Check your module classpath for missing or conflicting dependencies.
e: file:///data/data/com.termux/files/home/Launcher3/src/com/android/launcher3/util/SandboxContext.kt:50:9 Cannot access 'AppFunctionConfiguration.Provider' which is a supertype of 'com.android.launcher3.LauncherApplication'. Check your module classpath for missing or conflicting dependencies.
e: file:///data/data/com.termux/files/home/Launcher3/src/com/android/launcher3/util/SimpleBroadcastReceiver.kt:25:37 Unresolved reference 'ApplicationContext'.
e: file:///data/data/com.termux/files/home/Launcher3/src/com/android/launcher3/util/SimpleBroadcastReceiver.kt:40:6 Unresolved reference 'ApplicationContext'.
e: file:///data/data/com.termux/files/home/Launcher3/src/com/android/launcher3/util/SimpleBroadcastReceiver.kt:44:26 Unresolved reference 'SafeCloseable'.
e: file:///data/data/com.termux/files/home/Launcher3/src/com/android/launcher3/util/SimpleBroadcastReceiver.kt:88:5 'close' overrides nothing.
e: file:///data/data/com.termux/files/home/Launcher3/src/com/android/launcher3/util/SimpleContentObserver.kt:23:37 Unresolved reference 'ApplicationContext'.
e: file:///data/data/com.termux/files/home/Launcher3/src/com/android/launcher3/util/SimpleContentObserver.kt:33:6 Unresolved reference 'ApplicationContext'.
e: file:///data/data/com.termux/files/home/Launcher3/src/com/android/launcher3/util/ThreadSafeRunnableList.kt:37:53 Unresolved reference 'SafeCloseable'.
e: file:///data/data/com.termux/files/home/Launcher3/src/com/android/launcher3/util/ThreadSafeRunnableList.kt:38:20 Cannot infer type for this parameter. Please specify it explicitly.
e: file:///data/data/com.termux/files/home/Launcher3/src/com/android/launcher3/util/ThreadSafeRunnableList.kt:38:20 Unresolved reference. None of the following candidates is applicable because of a receiver type mismatch:
fun <T, R> T.let(block: (T) -> R): R
    [R|Contract description]
     <
        CallsInPlace(block, EXACTLY_ONCE)
    >
e: file:///data/data/com.termux/files/home/Launcher3/src/com/android/launcher3/util/ThreadSafeRunnableList.kt:38:24 Cannot infer type for this parameter. Please specify it explicitly.
e: file:///data/data/com.termux/files/home/Launcher3/src/com/android/launcher3/util/ThreadSafeRunnableList.kt:38:55 Unresolved reference 'close'.
e: file:///data/data/com.termux/files/home/Launcher3/src/com/android/launcher3/util/ViewEx.kt:32:30 Unresolved reference 'BuildConfig'.
e: file:///data/data/com.termux/files/home/Launcher3/src/com/android/launcher3/util/ViewEx.kt:108:25 Unresolved reference 'BuildConfig'.
e: file:///data/data/com.termux/files/home/Launcher3/src/com/android/launcher3/util/ViewEx.kt:141:48 Unresolved reference 'SafeCloseable'.
e: file:///data/data/com.termux/files/home/Launcher3/src/com/android/launcher3/util/ViewEx.kt:147:65 Unresolved reference 'SafeCloseable'.
e: file:///data/data/com.termux/files/home/Launcher3/src/com/android/launcher3/util/ViewEx.kt:150:41 Unresolved reference 'SafeCloseable'.
e: file:///data/data/com.termux/files/home/Launcher3/src/com/android/launcher3/util/ViewEx.kt:156:44 Unresolved reference 'SafeCloseable'.
e: file:///data/data/com.termux/files/home/Launcher3/src/com/android/launcher3/util/ViewEx.kt:157:33 Unresolved reference 'close'.
e: file:///data/data/com.termux/files/home/Launcher3/src/com/android/launcher3/util/WallpaperColorHints.kt:26:37 Unresolved reference 'ApplicationContext'.
e: file:///data/data/com.termux/files/home/Launcher3/src/com/android/launcher3/util/WallpaperColorHints.kt:28:37 Unresolved reference 'LauncherAppSingleton'.
e: file:///data/data/com.termux/files/home/Launcher3/src/com/android/launcher3/util/WallpaperColorHints.kt:37:2 Unresolved reference 'LauncherAppSingleton'.
e: file:///data/data/com.termux/files/home/Launcher3/src/com/android/launcher3/util/WallpaperColorHints.kt:40:14 Unresolved reference 'ApplicationContext'.
e: file:///data/data/com.termux/files/home/Launcher3/src/com/android/launcher3/util/WindowBlurState.kt:29:36 Unresolved reference 'ListenableRef'.
e: file:///data/data/com.termux/files/home/Launcher3/src/com/android/launcher3/util/WindowBlurState.kt:29:78 Cannot access class 'ListenableRef'. Check your module classpath for missing or conflicting dependencies.
e: file:///data/data/com.termux/files/home/Launcher3/src/com/android/launcher3/util/compose/TestModifiers.kt:34:43 This API is experimental and is likely to change in the future.
e: file:///data/data/com.termux/files/home/Launcher3/src/com/android/launcher3/util/coroutines/DispatcherProvider.kt:19:30 Unresolved reference 'concurrent'.
e: file:///data/data/com.termux/files/home/Launcher3/src/com/android/launcher3/util/coroutines/DispatcherProvider.kt:20:30 Unresolved reference 'concurrent'.
e: file:///data/data/com.termux/files/home/Launcher3/src/com/android/launcher3/util/coroutines/DispatcherProvider.kt:21:30 Unresolved reference 'concurrent'.
e: file:///data/data/com.termux/files/home/Launcher3/src/com/android/launcher3/util/coroutines/DispatcherProvider.kt:22:30 Unresolved reference 'concurrent'.
e: file:///data/data/com.termux/files/home/Launcher3/src/com/android/launcher3/util/coroutines/DispatcherProvider.kt:23:30 Unresolved reference 'concurrent'.
e: file:///data/data/com.termux/files/home/Launcher3/src/com/android/launcher3/util/coroutines/DispatcherProvider.kt:25:37 Unresolved reference 'LauncherAppSingleton'.
e: file:///data/data/com.termux/files/home/Launcher3/src/com/android/launcher3/util/coroutines/DispatcherProvider.kt:68:2 Unresolved reference 'LauncherAppSingleton'.
e: file:///data/data/com.termux/files/home/Launcher3/src/com/android/launcher3/util/coroutines/DispatcherProvider.kt:72:6 Unresolved reference 'Background'.
e: file:///data/data/com.termux/files/home/Launcher3/src/com/android/launcher3/util/coroutines/DispatcherProvider.kt:73:6 Unresolved reference 'LightweightBackground'.
e: file:///data/data/com.termux/files/home/Launcher3/src/com/android/launcher3/util/coroutines/DispatcherProvider.kt:73:28 Unresolved reference 'LightweightBackgroundPriority'.
e: file:///data/data/com.termux/files/home/Launcher3/src/com/android/launcher3/util/coroutines/DispatcherProvider.kt:75:6 Unresolved reference 'Ui'.
e: file:///data/data/com.termux/files/home/Launcher3/src/com/android/launcher3/util/coroutines/DispatcherProvider.kt:76:6 Unresolved reference 'TaskbarUi'.
e: file:///data/data/com.termux/files/home/Launcher3/src/com/android/launcher3/util/dagger/LauncherExecutorsModule.kt:18:30 Unresolved reference 'concurrent'.
e: file:///data/data/com.termux/files/home/Launcher3/src/com/android/launcher3/util/dagger/LauncherExecutorsModule.kt:19:30 Unresolved reference 'concurrent'.
e: file:///data/data/com.termux/files/home/Launcher3/src/com/android/launcher3/util/dagger/LauncherExecutorsModule.kt:20:30 Unresolved reference 'concurrent'.
e: file:///data/data/com.termux/files/home/Launcher3/src/com/android/launcher3/util/dagger/LauncherExecutorsModule.kt:21:30 Unresolved reference 'concurrent'.
e: file:///data/data/com.termux/files/home/Launcher3/src/com/android/launcher3/util/dagger/LauncherExecutorsModule.kt:22:30 Unresolved reference 'concurrent'.
e: file:///data/data/com.termux/files/home/Launcher3/src/com/android/launcher3/util/dagger/LauncherExecutorsModule.kt:23:30 Unresolved reference 'concurrent'.
e: file:///data/data/com.termux/files/home/Launcher3/src/com/android/launcher3/util/dagger/LauncherExecutorsModule.kt:24:30 Unresolved reference 'concurrent'.
e: file:///data/data/com.termux/files/home/Launcher3/src/com/android/launcher3/util/dagger/LauncherExecutorsModule.kt:25:37 Unresolved reference 'LauncherAppSingleton'.
e: file:///data/data/com.termux/files/home/Launcher3/src/com/android/launcher3/util/dagger/LauncherExecutorsModule.kt:32:19 Unresolved reference 'common'.
e: file:///data/data/com.termux/files/home/Launcher3/src/com/android/launcher3/util/dagger/LauncherExecutorsModule.kt:33:19 Unresolved reference 'common'.
e: file:///data/data/com.termux/files/home/Launcher3/src/com/android/launcher3/util/dagger/LauncherExecutorsModule.kt:48:6 Unresolved reference 'LauncherAppSingleton'.
e: file:///data/data/com.termux/files/home/Launcher3/src/com/android/launcher3/util/dagger/LauncherExecutorsModule.kt:49:6 Unresolved reference 'Ui'.
e: file:///data/data/com.termux/files/home/Launcher3/src/com/android/launcher3/util/dagger/LauncherExecutorsModule.kt:50:37 Unresolved reference 'Ui'.
e: file:///data/data/com.termux/files/home/Launcher3/src/com/android/launcher3/util/dagger/LauncherExecutorsModule.kt:50:67 Unresolved reference 'ListeningExecutorService'.
e: file:///data/data/com.termux/files/home/Launcher3/src/com/android/launcher3/util/dagger/LauncherExecutorsModule.kt:53:6 Unresolved reference 'LauncherAppSingleton'.
e: file:///data/data/com.termux/files/home/Launcher3/src/com/android/launcher3/util/dagger/LauncherExecutorsModule.kt:54:6 Unresolved reference 'TaskbarUi'.
e: file:///data/data/com.termux/files/home/Launcher3/src/com/android/launcher3/util/dagger/LauncherExecutorsModule.kt:56:10 Unresolved reference 'TaskbarUi'.
e: file:///data/data/com.termux/files/home/Launcher3/src/com/android/launcher3/util/dagger/LauncherExecutorsModule.kt:57:8 Unresolved reference 'ListeningExecutorService'.
e: file:///data/data/com.termux/files/home/Launcher3/src/com/android/launcher3/util/dagger/LauncherExecutorsModule.kt:60:6 Unresolved reference 'LauncherAppSingleton'.
e: file:///data/data/com.termux/files/home/Launcher3/src/com/android/launcher3/util/dagger/LauncherExecutorsModule.kt:61:6 Unresolved reference 'LightweightBackground'.
e: file:///data/data/com.termux/files/home/Launcher3/src/com/android/launcher3/util/dagger/LauncherExecutorsModule.kt:61:28 Unresolved reference 'LightweightBackgroundPriority'.
e: file:///data/data/com.termux/files/home/Launcher3/src/com/android/launcher3/util/dagger/LauncherExecutorsModule.kt:63:10 Unresolved reference 'LightweightBackground'.
e: file:///data/data/com.termux/files/home/Launcher3/src/com/android/launcher3/util/dagger/LauncherExecutorsModule.kt:63:32 Unresolved reference 'LightweightBackgroundPriority'.
e: file:///data/data/com.termux/files/home/Launcher3/src/com/android/launcher3/util/dagger/LauncherExecutorsModule.kt:64:8 Unresolved reference 'ListeningExecutorService'.
e: file:///data/data/com.termux/files/home/Launcher3/src/com/android/launcher3/util/dagger/LauncherExecutorsModule.kt:67:6 Unresolved reference 'LauncherAppSingleton'.
e: file:///data/data/com.termux/files/home/Launcher3/src/com/android/launcher3/util/dagger/LauncherExecutorsModule.kt:68:6 Unresolved reference 'Background'.
e: file:///data/data/com.termux/files/home/Launcher3/src/com/android/launcher3/util/dagger/LauncherExecutorsModule.kt:70:10 Unresolved reference 'Background'.
e: file:///data/data/com.termux/files/home/Launcher3/src/com/android/launcher3/util/dagger/LauncherExecutorsModule.kt:71:8 Unresolved reference 'ListeningExecutorService'.
e: file:///data/data/com.termux/files/home/Launcher3/src/com/android/launcher3/util/dagger/LauncherExecutorsModule.kt:80:10 Unresolved reference 'LauncherAppSingleton'.
e: file:///data/data/com.termux/files/home/Launcher3/src/com/android/launcher3/util/dagger/LauncherExecutorsModule.kt:81:10 Unresolved reference 'Ui'.
e: file:///data/data/com.termux/files/home/Launcher3/src/com/android/launcher3/util/dagger/LauncherExecutorsModule.kt:85:10 Unresolved reference 'LauncherAppSingleton'.
e: file:///data/data/com.termux/files/home/Launcher3/src/com/android/launcher3/util/dagger/LauncherExecutorsModule.kt:86:10 Unresolved reference 'TaskbarUi'.
e: file:///data/data/com.termux/files/home/Launcher3/src/com/android/launcher3/util/dagger/LauncherExecutorsModule.kt:90:10 Unresolved reference 'LauncherAppSingleton'.
e: file:///data/data/com.termux/files/home/Launcher3/src/com/android/launcher3/util/dagger/LauncherExecutorsModule.kt:91:10 Unresolved reference 'LightweightBackground'.
e: file:///data/data/com.termux/files/home/Launcher3/src/com/android/launcher3/util/dagger/LauncherExecutorsModule.kt:91:32 Unresolved reference 'LightweightBackgroundPriority'.
e: file:///data/data/com.termux/files/home/Launcher3/src/com/android/launcher3/util/dagger/LauncherExecutorsModule.kt:95:10 Unresolved reference 'LauncherAppSingleton'.
e: file:///data/data/com.termux/files/home/Launcher3/src/com/android/launcher3/util/dagger/LauncherExecutorsModule.kt:96:10 Unresolved reference 'LightweightBackground'.
e: file:///data/data/com.termux/files/home/Launcher3/src/com/android/launcher3/util/dagger/LauncherExecutorsModule.kt:96:32 Unresolved reference 'LightweightBackgroundPriority'.
e: file:///data/data/com.termux/files/home/Launcher3/src/com/android/launcher3/util/dagger/LauncherExecutorsModule.kt:97:43 Unresolved reference 'ListeningExecutorService'.
e: file:///data/data/com.termux/files/home/Launcher3/src/com/android/launcher3/util/dagger/LauncherExecutorsModule.kt:100:10 Unresolved reference 'LauncherAppSingleton'.
e: file:///data/data/com.termux/files/home/Launcher3/src/com/android/launcher3/util/dagger/LauncherExecutorsModule.kt:101:10 Unresolved reference 'Background'.
e: file:///data/data/com.termux/files/home/Launcher3/src/com/android/launcher3/util/dagger/LauncherExecutorsModule.kt:105:10 Unresolved reference 'LauncherAppSingleton'.
e: file:///data/data/com.termux/files/home/Launcher3/src/com/android/launcher3/util/dagger/LauncherExecutorsModule.kt:106:10 Unresolved reference 'ThreadPool'.
e: file:///data/data/com.termux/files/home/Launcher3/src/com/android/launcher3/util/dagger/LauncherExecutorsModule.kt:107:49 Unresolved reference 'ListeningExecutorService'.
e: file:///data/data/com.termux/files/home/Launcher3/src/com/android/launcher3/util/dagger/LauncherExecutorsModule.kt:108:13 Unresolved reference 'MoreExecutors'.
e: file:///data/data/com.termux/files/home/Launcher3/src/com/android/launcher3/util/dagger/LauncherExecutorsModule.kt:112:10 Unresolved reference 'Ui'.
e: file:///data/data/com.termux/files/home/Launcher3/src/com/android/launcher3/util/dagger/LauncherExecutorsModule.kt:113:34 Unresolved reference 'Ui'.
e: file:///data/data/com.termux/files/home/Launcher3/src/com/android/launcher3/util/dagger/LauncherExecutorsModule.kt:117:10 Unresolved reference 'TaskbarUi'.
e: file:///data/data/com.termux/files/home/Launcher3/src/com/android/launcher3/util/dagger/LauncherExecutorsModule.kt:119:14 Unresolved reference 'TaskbarUi'.
e: file:///data/data/com.termux/files/home/Launcher3/src/com/android/launcher3/util/dagger/LauncherExecutorsModule.kt:124:10 Unresolved reference 'LightweightBackground'.
e: file:///data/data/com.termux/files/home/Launcher3/src/com/android/launcher3/util/dagger/LauncherExecutorsModule.kt:124:32 Unresolved reference 'LightweightBackgroundPriority'.
e: file:///data/data/com.termux/files/home/Launcher3/src/com/android/launcher3/util/dagger/LauncherExecutorsModule.kt:126:14 Unresolved reference 'LightweightBackground'.
e: file:///data/data/com.termux/files/home/Launcher3/src/com/android/launcher3/util/dagger/LauncherExecutorsModule.kt:126:36 Unresolved reference 'LightweightBackgroundPriority'.
e: file:///data/data/com.termux/files/home/Launcher3/src/com/android/launcher3/util/dagger/LauncherExecutorsModule.kt:131:10 Unresolved reference 'LightweightBackground'.
e: file:///data/data/com.termux/files/home/Launcher3/src/com/android/launcher3/util/dagger/LauncherExecutorsModule.kt:131:32 Unresolved reference 'LightweightBackgroundPriority'.
e: file:///data/data/com.termux/files/home/Launcher3/src/com/android/launcher3/util/dagger/LauncherExecutorsModule.kt:133:14 Unresolved reference 'LightweightBackground'.
e: file:///data/data/com.termux/files/home/Launcher3/src/com/android/launcher3/util/dagger/LauncherExecutorsModule.kt:133:36 Unresolved reference 'LightweightBackgroundPriority'.
e: file:///data/data/com.termux/files/home/Launcher3/src/com/android/launcher3/util/dagger/LauncherExecutorsModule.kt:138:10 Unresolved reference 'Background'.
e: file:///data/data/com.termux/files/home/Launcher3/src/com/android/launcher3/util/dagger/LauncherExecutorsModule.kt:140:14 Unresolved reference 'Background'.
e: file:///data/data/com.termux/files/home/Launcher3/src/com/android/launcher3/util/dagger/LauncherExecutorsModule.kt:145:10 Unresolved reference 'ThreadPool'.
e: file:///data/data/com.termux/files/home/Launcher3/src/com/android/launcher3/util/dagger/LauncherExecutorsModule.kt:147:14 Unresolved reference 'ThreadPool'.
e: file:///data/data/com.termux/files/home/Launcher3/src/com/android/launcher3/util/window/RefreshRateTracker.kt:23:37 Unresolved reference 'ApplicationContext'.
e: file:///data/data/com.termux/files/home/Launcher3/src/com/android/launcher3/util/window/RefreshRateTracker.kt:24:37 Unresolved reference 'LauncherAppSingleton'.
e: file:///data/data/com.termux/files/home/Launcher3/src/com/android/launcher3/util/window/RefreshRateTracker.kt:35:6 Unresolved reference 'LauncherAppSingleton'.
e: file:///data/data/com.termux/files/home/Launcher3/src/com/android/launcher3/util/window/RefreshRateTracker.kt:38:18 Unresolved reference 'ApplicationContext'.
e: file:///data/data/com.termux/files/home/Launcher3/src/com/android/launcher3/widget/ListenableAppWidgetHost.kt:65:50 Cannot access 'CachedObject' which is a supertype of 'com.android.launcher3.widget.LauncherAppWidgetProviderInfo'. Check your module classpath for missing or conflicting dependencies.
e: file:///data/data/com.termux/files/home/Launcher3/src/com/android/launcher3/widget/ListenableAppWidgetHost.kt:70:14 Cannot access 'CachedObject' which is a supertype of 'com.android.launcher3.widget.LauncherAppWidgetProviderInfo'. Check your module classpath for missing or conflicting dependencies.
e: file:///data/data/com.termux/files/home/Launcher3/src/com/android/launcher3/widget/ProvidersUpdateDispatcher.kt:19:37 Unresolved reference 'LauncherAppSingleton'.
e: file:///data/data/com.termux/files/home/Launcher3/src/com/android/launcher3/widget/ProvidersUpdateDispatcher.kt:20:35 Unresolved reference 'MutableListenableStream'.
e: file:///data/data/com.termux/files/home/Launcher3/src/com/android/launcher3/widget/ProvidersUpdateDispatcher.kt:24:2 Unresolved reference 'LauncherAppSingleton'.
e: file:///data/data/com.termux/files/home/Launcher3/src/com/android/launcher3/widget/ProvidersUpdateDispatcher.kt:27:28 Unresolved reference 'MutableListenableStream'.
e: file:///data/data/com.termux/files/home/Launcher3/src/com/android/launcher3/widget/WidgetInflater.kt:20:30 Unresolved reference 'BuildConfig'.
e: file:///data/data/com.termux/files/home/Launcher3/src/com/android/launcher3/widget/WidgetInflater.kt:23:37 Unresolved reference 'ApplicationContext'.
e: file:///data/data/com.termux/files/home/Launcher3/src/com/android/launcher3/widget/WidgetInflater.kt:33:6 Unresolved reference 'ApplicationContext'.
e: file:///data/data/com.termux/files/home/Launcher3/src/com/android/launcher3/widget/WidgetInflater.kt:51:22 Unresolved reference 'BuildConfig'.
e: file:///data/data/com.termux/files/home/Launcher3/src/com/android/launcher3/widget/WidgetInflater.kt:85:27 Cannot access 'CachedObject' which is a supertype of 'com.android.launcher3.widget.LauncherAppWidgetProviderInfo'. Check your module classpath for missing or conflicting dependencies.
e: file:///data/data/com.termux/files/home/Launcher3/src/com/android/launcher3/widget/WidgetInflater.kt:86:27 Cannot access 'CachedObject' which is a supertype of 'com.android.launcher3.widget.LauncherAppWidgetProviderInfo'. Check your module classpath for missing or conflicting dependencies.
e: file:///data/data/com.termux/files/home/Launcher3/src/com/android/launcher3/widget/WidgetInflater.kt:181:43 Cannot access 'CachedObject' which is a supertype of 'com.android.launcher3.widget.LauncherAppWidgetProviderInfo'. Check your module classpath for missing or conflicting dependencies.
e: file:///data/data/com.termux/files/home/Launcher3/src/com/android/launcher3/widget/WidgetInflater.kt:182:43 Cannot access 'CachedObject' which is a supertype of 'com.android.launcher3.widget.LauncherAppWidgetProviderInfo'. Check your module classpath for missing or conflicting dependencies.
e: file:///data/data/com.termux/files/home/Launcher3/src/com/android/launcher3/widget/WidgetVisibilityTracker.kt:73:22 Unresolved reference 'startVisibilityTracking'.
e: file:///data/data/com.termux/files/home/Launcher3/src/com/android/launcher3/widget/WidgetVisibilityTracker.kt:75:22 Unresolved reference 'stopVisibilityTracking'.
e: file:///data/data/com.termux/files/home/Launcher3/src/com/android/launcher3/widget/custom/CustomWidgetPluginWrapper.kt:30:16 Cannot access 'Plugin' which is a supertype of 'com.android.systemui.plugins.CustomWidgetPlugin'. Check your module classpath for missing or conflicting dependencies.
e: file:///data/data/com.termux/files/home/Launcher3/src/com/android/launcher3/widget/custom/CustomWidgetPluginWrapper.kt:35:20 Cannot access 'Plugin' which is a supertype of 'com.android.systemui.plugins.CustomWidgetPlugin'. Check your module classpath for missing or conflicting dependencies.
e: file:///data/data/com.termux/files/home/Launcher3/src/com/android/launcher3/widget/picker/model/WidgetPickerDataProvider.kt:19:35 Unresolved reference 'SafeCloseable'.
e: file:///data/data/com.termux/files/home/Launcher3/src/com/android/launcher3/widget/picker/model/WidgetPickerDataProvider.kt:38:76 Unresolved reference 'SafeCloseable'.
e: file:///data/data/com.termux/files/home/Launcher3/src/com/android/launcher3/widget/picker/model/WidgetPickerDataProvider.kt:41:16 Unresolved reference 'SafeCloseable'.
e: file:///data/data/com.termux/files/home/Launcher3/src/com/android/launcher3/widget/picker/util/WidgetPreviewContainerSize.kt:47:49 Cannot access 'ComponentKey' which is a supertype of 'com.android.launcher3.model.WidgetItem'. Check your module classpath for missing or conflicting dependencies.
e: file:///data/data/com.termux/files/home/Launcher3/src/com/android/launcher3/widget/picker/util/WidgetPreviewContainerSize.kt:47:86 Cannot access 'ComponentKey' which is a supertype of 'com.android.launcher3.model.WidgetItem'. Check your module classpath for missing or conflicting dependencies.
e: file:///data/data/com.termux/files/home/Launcher3/src/com/android/launcher3/widget/picker/util/WidgetPreviewContainerSize.kt:50:49 Cannot access 'ComponentKey' which is a supertype of 'com.android.launcher3.model.WidgetItem'. Check your module classpath for missing or conflicting dependencies.
e: file:///data/data/com.termux/files/home/Launcher3/src/com/android/launcher3/widget/picker/util/WidgetPreviewContainerSize.kt:50:86 Cannot access 'ComponentKey' which is a supertype of 'com.android.launcher3.model.WidgetItem'. Check your module classpath for missing or conflicting dependencies.
e: file:///data/data/com.termux/files/home/Launcher3/src/com/android/launcher3/widget/picker/util/WidgetPreviewContainerSize.kt:71:45 Cannot access 'ComponentKey' which is a supertype of 'com.android.launcher3.model.WidgetItem'. Check your module classpath for missing or conflicting dependencies.
e: file:///data/data/com.termux/files/home/Launcher3/src/com/android/launcher3/widget/picker/util/WidgetPreviewContainerSize.kt:71:78 Cannot access 'ComponentKey' which is a supertype of 'com.android.launcher3.model.WidgetItem'. Check your module classpath for missing or conflicting dependencies.
e: file:///data/data/com.termux/files/home/Launcher3/src/com/android/launcher3/widget/picker/util/WidgetPreviewContainerSize.kt:73:27 Cannot access 'ComponentKey' which is a supertype of 'com.android.launcher3.model.WidgetItem'. Check your module classpath for missing or conflicting dependencies.
e: file:///data/data/com.termux/files/home/Launcher3/src/com/android/launcher3/widget/picker/util/WidgetPreviewContainerSize.kt:73:66 Cannot access 'ComponentKey' which is a supertype of 'com.android.launcher3.model.WidgetItem'. Check your module classpath for missing or conflicting dependencies.
e: file:///data/data/com.termux/files/home/Launcher3/src/com/android/launcher3/widget/picker/util/WidgetPreviewContainerSize.kt:80:42 Cannot access 'ComponentKey' which is a supertype of 'com.android.launcher3.model.WidgetItem'. Check your module classpath for missing or conflicting dependencies.
e: file:///data/data/com.termux/files/home/Launcher3/src/com/android/launcher3/widget/picker/util/WidgetPreviewContainerSize.kt:80:65 Cannot access 'ComponentKey' which is a supertype of 'com.android.launcher3.model.WidgetItem'. Check your module classpath for missing or conflicting dependencies.
e: file:///data/data/com.termux/files/home/Launcher3/src/com/android/launcher3/widget/resize/ResizeFrame.kt:55:47 Unresolved reference 'Remove'.
e: file:///data/data/com.termux/files/home/Launcher3/src/com/android/launcher3/widget/resize/ResizeFrame.kt:85:38 Unresolved reference 'hideFromAccessibility'.
e: file:///data/data/com.termux/files/home/Launcher3/src/com/android/launcher3/widget/resize/ResizeFrame.kt:361:52 Unresolved reference 'materialColorTertiaryContainer'.
e: file:///data/data/com.termux/files/home/Launcher3/src/com/android/launcher3/widget/resize/ResizeFrame.kt:362:48 Unresolved reference 'materialColorOnTertiaryContainer'.
e: file:///data/data/com.termux/files/home/Launcher3/src/com/android/launcher3/widget/resize/ResizeFrame.kt:437:38 Unresolved reference 'Remove'.
e: file:///data/data/com.termux/files/home/Launcher3/src/com/android/launcher3/widget/resize/ResizeFrame.kt:469:52 Unresolved reference 'materialColorTertiaryContainer'.
e: file:///data/data/com.termux/files/home/Launcher3/src/com/android/launcher3/widget/resize/ResizeFrame.kt:470:49 Unresolved reference 'materialColorOnTertiaryContainer'.
e: file:///data/data/com.termux/files/home/Launcher3/src/com/android/launcher3/widget/resize/ResizeFrame.kt:533:25 Unresolved reference 'hideFromAccessibility'.
e: file:///data/data/com.termux/files/home/Launcher3/src/com/android/launcher3/widget/resize/ResizeManager.kt:82:69 Cannot access 'PluginListener' which is a supertype of 'com.android.launcher3.widget.custom.CustomWidgetManager'. Check your module classpath for missing or conflicting dependencies.
e: file:///data/data/com.termux/files/home/Launcher3/src/com/android/launcher3/widget/resize/ResizeManager.kt:91:48 Cannot access 'CachedObject' which is a supertype of 'com.android.launcher3.widget.LauncherAppWidgetProviderInfo'. Check your module classpath for missing or conflicting dependencies.
e: file:///data/data/com.termux/files/home/Launcher3/src/com/android/launcher3/widget/resize/ResizeManager.kt:92:48 Cannot access 'CachedObject' which is a supertype of 'com.android.launcher3.widget.LauncherAppWidgetProviderInfo'. Check your module classpath for missing or conflicting dependencies.
e: file:///data/data/com.termux/files/home/Launcher3/src/com/android/launcher3/widget/resize/ResizeManager.kt:93:48 Cannot access 'CachedObject' which is a supertype of 'com.android.launcher3.widget.LauncherAppWidgetProviderInfo'. Check your module classpath for missing or conflicting dependencies.
e: file:///data/data/com.termux/files/home/Launcher3/src/com/android/launcher3/widget/resize/ResizeManager.kt:94:48 Cannot access 'CachedObject' which is a supertype of 'com.android.launcher3.widget.LauncherAppWidgetProviderInfo'. Check your module classpath for missing or conflicting dependencies.
e: file:///data/data/com.termux/files/home/Launcher3/src/com/android/launcher3/widget/util/WidgetSizeHandler.kt:28:37 Unresolved reference 'ApplicationContext'.
e: file:///data/data/com.termux/files/home/Launcher3/src/com/android/launcher3/widget/util/WidgetSizeHandler.kt:39:6 Unresolved reference 'ApplicationContext'.
e: file:///data/data/com.termux/files/home/Launcher3/src/com/android/launcher3/widget/util/WidgetSizeHandler.kt:59:30 Initializer type mismatch: expected 'java.util.concurrent.Executor', actual 'com.android.launcher3.util.LooperExecutor!'.
e: file:///data/data/com.termux/files/home/Launcher3/src/com/android/launcher3/widget/util/WidgetSizeHandler.kt:67:30 Initializer type mismatch: expected 'java.util.concurrent.Executor', actual 'com.android.launcher3.util.LooperExecutor!'.
e: file:///data/data/com.termux/files/home/Launcher3/src/com/android/launcher3/widget/util/WidgetSizeHandler.kt:73:73 Unresolved reference 'value'.
e: file:///data/data/com.termux/files/home/Launcher3/src/com/android/launcher3/widget/util/WidgetSizeHandler.kt:83:30 Initializer type mismatch: expected 'java.util.concurrent.Executor', actual 'com.android.launcher3.util.LooperExecutor!'.
e: file:///data/data/com.termux/files/home/Launcher3/src/com/android/launcher3/widgetpicker/LauncherWidgetPickerModule.kt:19:43 Unresolved reference 'data'.
e: file:///data/data/com.termux/files/home/Launcher3/src/com/android/launcher3/widgetpicker/LauncherWidgetPickerModule.kt:20:43 Unresolved reference 'data'.
e: file:///data/data/com.termux/files/home/Launcher3/src/com/android/launcher3/widgetpicker/LauncherWidgetPickerModule.kt:21:43 Unresolved reference 'data'.
e: file:///data/data/com.termux/files/home/Launcher3/src/com/android/launcher3/widgetpicker/LauncherWidgetPickerModule.kt:33:25 Only 'const val' can be used in constant expressions.
e: file:///data/data/com.termux/files/home/Launcher3/src/com/android/launcher3/widgetpicker/LauncherWidgetPickerModule.kt:33:26 Unresolved reference 'WidgetPickerComponent'.
e: file:///data/data/com.termux/files/home/Launcher3/src/com/android/launcher3/widgetpicker/LauncherWidgetPickerModule.kt:33:26 Annotation argument must be a compile-time constant.
e: file:///data/data/com.termux/files/home/Launcher3/src/com/android/launcher3/widgetpicker/LauncherWidgetPickerModule.kt:40:76 Unresolved reference 'WidgetUsersRepository'.
e: file:///data/data/com.termux/files/home/Launcher3/src/com/android/launcher3/widgetpicker/LauncherWidgetPickerModule.kt:42:68 Unresolved reference 'WidgetsRepository'.
e: file:///data/data/com.termux/files/home/Launcher3/src/com/android/launcher3/widgetpicker/LauncherWidgetPickerModule.kt:45:75 Unresolved reference 'WidgetAppIconsRepository'.
e: file:///data/data/com.termux/files/home/Launcher3/src/com/android/launcher3/widgetpicker/WidgetPickerComposeWrapperImpl.kt:36:30 Unresolved reference 'Flags'.
e: file:///data/data/com.termux/files/home/Launcher3/src/com/android/launcher3/widgetpicker/WidgetPickerComposeWrapperImpl.kt:41:30 Unresolved reference 'concurrent'.
e: file:///data/data/com.termux/files/home/Launcher3/src/com/android/launcher3/widgetpicker/WidgetPickerComposeWrapperImpl.kt:42:37 Unresolved reference 'ApplicationContext'.
e: file:///data/data/com.termux/files/home/Launcher3/src/com/android/launcher3/widgetpicker/WidgetPickerComposeWrapperImpl.kt:43:37 Unresolved reference 'LauncherAppSingleton'.
e: file:///data/data/com.termux/files/home/Launcher3/src/com/android/launcher3/widgetpicker/WidgetPickerComposeWrapperImpl.kt:50:43 Unresolved reference 'data'.
e: file:///data/data/com.termux/files/home/Launcher3/src/com/android/launcher3/widgetpicker/WidgetPickerComposeWrapperImpl.kt:51:43 Unresolved reference 'data'.
e: file:///data/data/com.termux/files/home/Launcher3/src/com/android/launcher3/widgetpicker/WidgetPickerComposeWrapperImpl.kt:52:43 Unresolved reference 'data'.
e: file:///data/data/com.termux/files/home/Launcher3/src/com/android/launcher3/widgetpicker/WidgetPickerComposeWrapperImpl.kt:53:43 Unresolved reference 'data'.
e: file:///data/data/com.termux/files/home/Launcher3/src/com/android/launcher3/widgetpicker/WidgetPickerComposeWrapperImpl.kt:57:43 Unresolved reference 'shared'.
e: file:///data/data/com.termux/files/home/Launcher3/src/com/android/launcher3/widgetpicker/WidgetPickerComposeWrapperImpl.kt:58:43 Unresolved reference 'shared'.
e: file:///data/data/com.termux/files/home/Launcher3/src/com/android/launcher3/widgetpicker/WidgetPickerComposeWrapperImpl.kt:59:43 Unresolved reference 'shared'.
e: file:///data/data/com.termux/files/home/Launcher3/src/com/android/launcher3/widgetpicker/WidgetPickerComposeWrapperImpl.kt:60:43 Unresolved reference 'shared'.
e: file:///data/data/com.termux/files/home/Launcher3/src/com/android/launcher3/widgetpicker/WidgetPickerComposeWrapperImpl.kt:61:43 Unresolved reference 'shared'.
e: file:///data/data/com.termux/files/home/Launcher3/src/com/android/launcher3/widgetpicker/WidgetPickerComposeWrapperImpl.kt:62:43 Unresolved reference 'shared'.
e: file:///data/data/com.termux/files/home/Launcher3/src/com/android/launcher3/widgetpicker/WidgetPickerComposeWrapperImpl.kt:63:43 Unresolved reference 'shared'.
e: file:///data/data/com.termux/files/home/Launcher3/src/com/android/launcher3/widgetpicker/WidgetPickerComposeWrapperImpl.kt:64:43 Unresolved reference 'shared'.
e: file:///data/data/com.termux/files/home/Launcher3/src/com/android/launcher3/widgetpicker/WidgetPickerComposeWrapperImpl.kt:66:43 Unresolved reference 'ui'.
e: file:///data/data/com.termux/files/home/Launcher3/src/com/android/launcher3/widgetpicker/WidgetPickerComposeWrapperImpl.kt:67:43 Unresolved reference 'ui'.
e: file:///data/data/com.termux/files/home/Launcher3/src/com/android/launcher3/widgetpicker/WidgetPickerComposeWrapperImpl.kt:68:43 Unresolved reference 'ui'.
e: file:///data/data/com.termux/files/home/Launcher3/src/com/android/launcher3/widgetpicker/WidgetPickerComposeWrapperImpl.kt:69:43 Unresolved reference 'ui'.
e: file:///data/data/com.termux/files/home/Launcher3/src/com/android/launcher3/widgetpicker/WidgetPickerComposeWrapperImpl.kt:84:57 Unresolved reference 'WidgetPickerComponent'.
e: file:///data/data/com.termux/files/home/Launcher3/src/com/android/launcher3/widgetpicker/WidgetPickerComposeWrapperImpl.kt:85:36 Unresolved reference 'WidgetsRepository'.
e: file:///data/data/com.termux/files/home/Launcher3/src/com/android/launcher3/widgetpicker/WidgetPickerComposeWrapperImpl.kt:86:40 Unresolved reference 'WidgetUsersRepository'.
e: file:///data/data/com.termux/files/home/Launcher3/src/com/android/launcher3/widgetpicker/WidgetPickerComposeWrapperImpl.kt:87:43 Unresolved reference 'WidgetAppIconsRepository'.
e: file:///data/data/com.termux/files/home/Launcher3/src/com/android/launcher3/widgetpicker/WidgetPickerComposeWrapperImpl.kt:88:6 Unresolved reference 'BackgroundContext'.
e: file:///data/data/com.termux/files/home/Launcher3/src/com/android/launcher3/widgetpicker/WidgetPickerComposeWrapperImpl.kt:89:6 Unresolved reference 'ApplicationContext'.
e: file:///data/data/com.termux/files/home/Launcher3/src/com/android/launcher3/widgetpicker/WidgetPickerComposeWrapperImpl.kt:95:56 Unresolved reference 'getFullWidgetsCatalog'.
e: file:///data/data/com.termux/files/home/Launcher3/src/com/android/launcher3/widgetpicker/WidgetPickerComposeWrapperImpl.kt:98:13 Unresolved reference 'WidgetPickerEventListeners'.
e: file:///data/data/com.termux/files/home/Launcher3/src/com/android/launcher3/widgetpicker/WidgetPickerComposeWrapperImpl.kt:115:13 Unresolved reference 'WidgetAppId'.
e: file:///data/data/com.termux/files/home/Launcher3/src/com/android/launcher3/widgetpicker/WidgetPickerComposeWrapperImpl.kt:122:54 Unresolved reference 'getSingleAppWidgetsCatalog'.
e: file:///data/data/com.termux/files/home/Launcher3/src/com/android/launcher3/widgetpicker/WidgetPickerComposeWrapperImpl.kt:128:13 Unresolved reference 'WidgetPickerEventListeners'.
e: file:///data/data/com.termux/files/home/Launcher3/src/com/android/launcher3/widgetpicker/WidgetPickerComposeWrapperImpl.kt:146:57 Unresolved reference 'getPinAppWidgetCatalog'.
e: file:///data/data/com.termux/files/home/Launcher3/src/com/android/launcher3/widgetpicker/WidgetPickerComposeWrapperImpl.kt:149:13 Unresolved reference 'WidgetAppId'.
e: file:///data/data/com.termux/files/home/Launcher3/src/com/android/launcher3/widgetpicker/WidgetPickerComposeWrapperImpl.kt:160:13 Unresolved reference 'WidgetPickerEventListeners'.
e: file:///data/data/com.termux/files/home/Launcher3/src/com/android/launcher3/widgetpicker/WidgetPickerComposeWrapperImpl.kt:178:33 Unresolved reference 'WidgetId'.
e: file:///data/data/com.termux/files/home/Launcher3/src/com/android/launcher3/widgetpicker/WidgetPickerComposeWrapperImpl.kt:182:43 Unresolved reference 'WidgetPreview'.
e: file:///data/data/com.termux/files/home/Launcher3/src/com/android/launcher3/widgetpicker/WidgetPickerComposeWrapperImpl.kt:184:44 Cannot infer type for this parameter. Please specify it explicitly.
e: file:///data/data/com.termux/files/home/Launcher3/src/com/android/launcher3/widgetpicker/WidgetPickerComposeWrapperImpl.kt:184:50 Argument type mismatch: actual type is 'kotlin.Pair<A, B>', but 'kotlin.Pair<K, V>' was expected.
e: file:///data/data/com.termux/files/home/Launcher3/src/com/android/launcher3/widgetpicker/WidgetPickerComposeWrapperImpl.kt:184:59 Cannot infer type for this parameter. Please specify it explicitly.
e: file:///data/data/com.termux/files/home/Launcher3/src/com/android/launcher3/widgetpicker/WidgetPickerComposeWrapperImpl.kt:187:21 Cannot infer type for this parameter. Please specify it explicitly.
e: file:///data/data/com.termux/files/home/Launcher3/src/com/android/launcher3/widgetpicker/WidgetPickerComposeWrapperImpl.kt:196:22 Unresolved reference 'WidgetAppId'.
e: file:///data/data/com.termux/files/home/Launcher3/src/com/android/launcher3/widgetpicker/WidgetPickerComposeWrapperImpl.kt:199:31 Unresolved reference 'WidgetPickerEventListeners'.
e: file:///data/data/com.termux/files/home/Launcher3/src/com/android/launcher3/widgetpicker/WidgetPickerComposeWrapperImpl.kt:213:13 Unresolved reference 'Flags'.
e: file:///data/data/com.termux/files/home/Launcher3/src/com/android/launcher3/widgetpicker/WidgetPickerComposeWrapperImpl.kt:220:67 Unresolved reference 'value'.
e: file:///data/data/com.termux/files/home/Launcher3/src/com/android/launcher3/widgetpicker/WidgetPickerComposeWrapperImpl.kt:248:8 Unresolved reference 'WidgetPickerComponent'.
e: file:///data/data/com.termux/files/home/Launcher3/src/com/android/launcher3/widgetpicker/WidgetPickerComposeWrapperImpl.kt:251:14 Unresolved reference 'build'.
e: file:///data/data/com.termux/files/home/Launcher3/src/com/android/launcher3/widgetpicker/WidgetPickerComposeWrapperImpl.kt:256:21 Unresolved reference 'WidgetHostInfo'.
e: file:///data/data/com.termux/files/home/Launcher3/src/com/android/launcher3/widgetpicker/WidgetPickerComposeWrapperImpl.kt:265:73 Unresolved reference 'CloseBehavior'.
e: file:///data/data/com.termux/files/home/Launcher3/src/com/android/launcher3/widgetpicker/WidgetPickerComposeWrapperImpl.kt:266:34 Unresolved reference 'CloseBehavior'.
e: file:///data/data/com.termux/files/home/Launcher3/src/com/android/launcher3/widgetpicker/WidgetPickerComposeWrapperImpl.kt:269:33 Unresolved reference 'SheetStyle'.
e: file:///data/data/com.termux/files/home/Launcher3/src/com/android/launcher3/widgetpicker/WidgetPickerComposeWrapperImpl.kt:270:34 Unresolved reference 'SheetStyle'.
e: file:///data/data/com.termux/files/home/Launcher3/src/com/android/launcher3/widgetpicker/WidgetPickerComposeWrapperImpl.kt:277:22 Unresolved reference 'WidgetAppId'.
e: file:///data/data/com.termux/files/home/Launcher3/src/com/android/launcher3/widgetpicker/WidgetPickerComposeWrapperImpl.kt:282:27 Unresolved reference 'initialize'.
e: file:///data/data/com.termux/files/home/Launcher3/src/com/android/launcher3/widgetpicker/WidgetPickerComposeWrapperImpl.kt:285:44 Unresolved reference 'InitializationOptions'.
e: file:///data/data/com.termux/files/home/Launcher3/src/com/android/launcher3/widgetpicker/WidgetPickerComposeWrapperImpl.kt:286:47 Unresolved reference 'InitializationOptions'.
e: file:///data/data/com.termux/files/home/Launcher3/src/com/android/launcher3/widgetpicker/WidgetPickerComposeWrapperImpl.kt:287:29 Unresolved reference 'InitializationOptions'.
e: file:///data/data/com.termux/files/home/Launcher3/src/com/android/launcher3/widgetpicker/WidgetPickerComposeWrapperImpl.kt:292:35 Unresolved reference 'initialize'.
e: file:///data/data/com.termux/files/home/Launcher3/src/com/android/launcher3/widgetpicker/WidgetPickerComposeWrapperImpl.kt:293:38 Unresolved reference 'initialize'.
e: file:///data/data/com.termux/files/home/Launcher3/src/com/android/launcher3/widgetpicker/WidgetPickerComposeWrapperImpl.kt:298:27 Unresolved reference 'cleanUp'.
e: file:///data/data/com.termux/files/home/Launcher3/src/com/android/launcher3/widgetpicker/WidgetPickerComposeWrapperImpl.kt:299:31 Unresolved reference 'cleanUp'.
e: file:///data/data/com.termux/files/home/Launcher3/src/com/android/launcher3/widgetpicker/WidgetPickerComposeWrapperImpl.kt:300:34 Unresolved reference 'cleanUp'.
e: file:///data/data/com.termux/files/home/Launcher3/src/com/android/launcher3/widgetpicker/WidgetPickerComposeWrapperImpl.kt:310:22 Unresolved reference 'WidgetPickerHostStateProvider'.
e: file:///data/data/com.termux/files/home/Launcher3/src/com/android/launcher3/widgetpicker/WidgetPickerComposeWrapperImpl.kt:314:17 'observeIsTopResumed' overrides nothing.
e: file:///data/data/com.termux/files/home/Launcher3/src/com/android/launcher3/widgetpicker/WidgetPickerComposeWrapperImpl.kt:327:17 'stopObservingIsTopResumed' overrides nothing.
e: file:///data/data/com.termux/files/home/Launcher3/src/com/android/launcher3/widgetpicker/WidgetPickerComposeWrapperImpl.kt:343:22 Unresolved reference 'WidgetPickerEventListeners'.
e: file:///data/data/com.termux/files/home/Launcher3/src/com/android/launcher3/widgetpicker/WidgetPickerComposeWrapperImpl.kt:344:17 'onSheetProgress' overrides nothing.
e: file:///data/data/com.termux/files/home/Launcher3/src/com/android/launcher3/widgetpicker/WidgetPickerComposeWrapperImpl.kt:350:17 'onClose' overrides nothing.
e: file:///data/data/com.termux/files/home/Launcher3/src/com/android/launcher3/widgetpicker/WidgetPickerComposeWrapperImpl.kt:355:17 'onWidgetInteraction' overrides nothing.
e: file:///data/data/com.termux/files/home/Launcher3/src/com/android/launcher3/widgetpicker/WidgetPickerComposeWrapperImpl.kt:355:73 Unresolved reference 'WidgetInteractionInfo'.
e: file:///data/data/com.termux/files/home/Launcher3/src/com/android/launcher3/widgetpicker/WidgetPickerComposeWrapperImpl.kt:358:54 Unresolved reference 'WidgetInteractionInfo'.
e: file:///data/data/com.termux/files/home/Launcher3/src/com/android/launcher3/widgetpicker/WidgetPickerComposeWrapperImpl.kt:388:30 Unresolved reference 'WidgetInteractionInfo'.
e: file:///data/data/com.termux/files/home/Launcher3/src/com/android/launcher3/widgetpicker/WidgetPickerComposeWrapperImpl.kt:393:17 'when' expression must be exhaustive. Add an 'else' branch.
e: file:///data/data/com.termux/files/home/Launcher3/src/com/android/launcher3/widgetpicker/WidgetPickerComposeWrapperImpl.kt:394:24 Unresolved reference 'WidgetInteractionInfo'.
e: file:///data/data/com.termux/files/home/Launcher3/src/com/android/launcher3/widgetpicker/WidgetPickerComposeWrapperImpl.kt:398:66 Unresolved reference 'bounds'.
e: file:///data/data/com.termux/files/home/Launcher3/src/com/android/launcher3/widgetpicker/WidgetPickerComposeWrapperImpl.kt:399:73 Unresolved reference 'widthPx'.
e: file:///data/data/com.termux/files/home/Launcher3/src/com/android/launcher3/widgetpicker/WidgetPickerComposeWrapperImpl.kt:400:71 Unresolved reference 'widthPx'.
e: file:///data/data/com.termux/files/home/Launcher3/src/com/android/launcher3/widgetpicker/WidgetPickerComposeWrapperImpl.kt:401:63 Unresolved reference 'mimeType'.
e: file:///data/data/com.termux/files/home/Launcher3/src/com/android/launcher3/widgetpicker/WidgetPickerComposeWrapperImpl.kt:405:61 Unresolved reference 'source'.
e: file:///data/data/com.termux/files/home/Launcher3/src/com/android/launcher3/widgetpicker/WidgetPickerComposeWrapperImpl.kt:406:60 Unresolved reference 'mimeType'.
e: file:///data/data/com.termux/files/home/Launcher3/src/com/android/launcher3/widgetpicker/WidgetPickerComposeWrapperImpl.kt:407:62 Unresolved reference 'widgetInfo'.
e: file:///data/data/com.termux/files/home/Launcher3/src/com/android/launcher3/widgetpicker/WidgetPickerComposeWrapperImpl.kt:408:65 Unresolved reference 'previewInfo'.
e: file:///data/data/com.termux/files/home/Launcher3/src/com/android/launcher3/widgetpicker/WidgetPickerComposeWrapperImpl.kt:409:63 Unresolved reference 'bounds'.
e: file:///data/data/com.termux/files/home/Launcher3/src/com/android/launcher3/widgetpicker/WidgetPickerComposeWrapperImpl.kt:410:64 Unresolved reference 'widthPx'.
e: file:///data/data/com.termux/files/home/Launcher3/src/com/android/launcher3/widgetpicker/WidgetPickerComposeWrapperImpl.kt:414:24 Unresolved reference 'WidgetInteractionInfo'.
e: file:///data/data/com.termux/files/home/Launcher3/src/com/android/launcher3/widgetpicker/WidgetPickerComposeWrapperImpl.kt:416:57 Unresolved reference 'source'.
e: file:///data/data/com.termux/files/home/Launcher3/src/com/android/launcher3/widgetpicker/WidgetPickerComposeWrapperImpl.kt:417:58 Unresolved reference 'widgetInfo'.
e: file:///data/data/com.termux/files/home/Launcher3/src/com/android/launcher3/widgetpicker/WidgetPickerComposeWrapperImpl.kt:444:36 Unresolved reference 'WidgetInteractionInfo'.
e: file:///data/data/com.termux/files/home/Launcher3/src/com/android/launcher3/widgetpicker/WidgetPickerComposeWrapperImpl.kt:447:20 Unresolved reference 'WidgetInteractionInfo'.
e: file:///data/data/com.termux/files/home/Launcher3/src/com/android/launcher3/widgetpicker/WidgetPickerComposeWrapperImpl.kt:450:20 Unresolved reference 'WidgetInteractionInfo'.
e: file:///data/data/com.termux/files/home/Launcher3/src/com/android/launcher3/widgetpicker/WidgetPickerComposeWrapperImpl.kt:451:60 Unresolved reference 'widgetInfo'.
e: file:///data/data/com.termux/files/home/Launcher3/src/com/android/launcher3/widgetpicker/WidgetPickerComposeWrapperImpl.kt:473:54 Cannot infer type for this parameter. Please specify it explicitly.
e: file:///data/data/com.termux/files/home/Launcher3/src/com/android/launcher3/widgetpicker/WidgetPickerComposeWrapperImpl.kt:473:54 Not enough information to infer type argument for 'E'.
e: file:///data/data/com.termux/files/home/Launcher3/src/com/android/launcher3/widgetpicker/WidgetPickerComposeWrapperImpl.kt:475:21 Unresolved reference 'HostConstraint'.
e: file:///data/data/com.termux/files/home/Launcher3/src/com/android/launcher3/widgetpicker/WidgetPickerComposeWrapperImpl.kt:478:21 Unresolved reference 'HostConstraint'.
e: file:///data/data/com.termux/files/home/Launcher3/src/com/android/launcher3/widgetpicker/WidgetPickerComposeWrapperImpl.kt:482:21 Unresolved reference 'HostConstraint'.
e: file:///data/data/com.termux/files/home/Launcher3/src/com/android/launcher3/widgetpicker/WidgetPickerComposeWrapperImpl.kt:490:21 Unresolved reference 'WidgetInteractionSource'.
e: file:///data/data/com.termux/files/home/Launcher3/src/com/android/launcher3/widgetpicker/WidgetPickerComposeWrapperImpl.kt:491:13 'when' expression must be exhaustive. Add an 'else' branch.
e: file:///data/data/com.termux/files/home/Launcher3/src/com/android/launcher3/widgetpicker/WidgetPickerComposeWrapperImpl.kt:491:19 Unresolved reference 'WidgetInteractionSource'.
e: file:///data/data/com.termux/files/home/Launcher3/src/com/android/launcher3/widgetpicker/WidgetPickerComposeWrapperImpl.kt:492:17 Unresolved reference 'WidgetInteractionSource'.
e: file:///data/data/com.termux/files/home/Launcher3/src/com/android/launcher3/widgetpicker/WidgetPickerComposeWrapperImpl.kt:493:17 Unresolved reference 'WidgetInteractionSource'.
e: file:///data/data/com.termux/files/home/Launcher3/src/com/android/launcher3/widgetpicker/WidgetPickerComposeWrapperImpl.kt:494:17 Unresolved reference 'WidgetInteractionSource'.
e: file:///data/data/com.termux/files/home/Launcher3/src/com/android/launcher3/widgetpicker/WidgetPickerComposeWrapperImpl.kt:496:17 Unresolved reference 'WidgetInteractionSource'.
e: file:///data/data/com.termux/files/home/Launcher3/src/com/android/launcher3/widgetpicker/WidgetPickerComposeWrapperImpl.kt:499:17 Unresolved reference 'WidgetInteractionSource'.
e: file:///data/data/com.termux/files/home/Launcher3/src/com/android/launcher3/widgetpicker/datasource/ConfigResourceFeaturedWidgetsDataSource.kt:22:37 Unresolved reference 'ApplicationContext'.
e: file:///data/data/com.termux/files/home/Launcher3/src/com/android/launcher3/widgetpicker/datasource/ConfigResourceFeaturedWidgetsDataSource.kt:23:37 Unresolved reference 'LauncherAppSingleton'.
e: file:///data/data/com.termux/files/home/Launcher3/src/com/android/launcher3/widgetpicker/datasource/ConfigResourceFeaturedWidgetsDataSource.kt:25:43 Unresolved reference 'shared'.
e: file:///data/data/com.termux/files/home/Launcher3/src/com/android/launcher3/widgetpicker/datasource/ConfigResourceFeaturedWidgetsDataSource.kt:26:43 Unresolved reference 'shared'.
e: file:///data/data/com.termux/files/home/Launcher3/src/com/android/launcher3/widgetpicker/datasource/ConfigResourceFeaturedWidgetsDataSource.kt:27:43 Unresolved reference 'shared'.
e: file:///data/data/com.termux/files/home/Launcher3/src/com/android/launcher3/widgetpicker/datasource/ConfigResourceFeaturedWidgetsDataSource.kt:38:2 Unresolved reference 'LauncherAppSingleton'.
e: file:///data/data/com.termux/files/home/Launcher3/src/com/android/launcher3/widgetpicker/datasource/ConfigResourceFeaturedWidgetsDataSource.kt:39:1 Class 'ConfigResourceFeaturedWidgetsDataSource' is not abstract and does not implement abstract member 'getFeaturedWidgets'.
e: file:///data/data/com.termux/files/home/Launcher3/src/com/android/launcher3/widgetpicker/datasource/ConfigResourceFeaturedWidgetsDataSource.kt:42:6 Unresolved reference 'ApplicationContext'.
e: file:///data/data/com.termux/files/home/Launcher3/src/com/android/launcher3/widgetpicker/datasource/ConfigResourceFeaturedWidgetsDataSource.kt:58:5 'getFeaturedWidgets' overrides nothing.
e: file:///data/data/com.termux/files/home/Launcher3/src/com/android/launcher3/widgetpicker/datasource/ConfigResourceFeaturedWidgetsDataSource.kt:58:62 Unresolved reference 'WidgetApp'.
e: file:///data/data/com.termux/files/home/Launcher3/src/com/android/launcher3/widgetpicker/datasource/ConfigResourceFeaturedWidgetsDataSource.kt:58:80 Unresolved reference 'PickableWidget'.
e: file:///data/data/com.termux/files/home/Launcher3/src/com/android/launcher3/widgetpicker/datasource/ConfigResourceFeaturedWidgetsDataSource.kt:61:18 None of the following candidates is applicable:
fun <T> Iterable<T>.shuffled(): List<T>
fun <T> Iterable<T>.shuffled(random: Random): List<T>
fun <T> Iterable<T>.shuffled(random: Random): List<T>
e: file:///data/data/com.termux/files/home/Launcher3/src/com/android/launcher3/widgetpicker/datasource/ConfigResourceFeaturedWidgetsDataSource.kt:63:18 Overload resolution ambiguity between candidates:
fun <T, K> Array<out T>.distinctBy(selector: (T) -> K): List<T>
fun <K> BooleanArray.distinctBy(selector: (Boolean) -> K): List<Boolean>
fun <K> ByteArray.distinctBy(selector: (Byte) -> K): List<Byte>
fun <K> CharArray.distinctBy(selector: (Char) -> K): List<Char>
fun <K> DoubleArray.distinctBy(selector: (Double) -> K): List<Double>
fun <K> FloatArray.distinctBy(selector: (Float) -> K): List<Float>
fun <K> IntArray.distinctBy(selector: (Int) -> K): List<Int>
fun <K> LongArray.distinctBy(selector: (Long) -> K): List<Long>
fun <K> ShortArray.distinctBy(selector: (Short) -> K): List<Short>
fun <T, K> Iterable<T>.distinctBy(selector: (T) -> K): List<T>
fun <T, K> Sequence<T>.distinctBy(selector: (T) -> K): Sequence<T>
e: file:///data/data/com.termux/files/home/Launcher3/src/com/android/launcher3/widgetpicker/datasource/ConfigResourceFeaturedWidgetsDataSource.kt:63:31 Cannot infer type for this parameter. Please specify it explicitly.
e: file:///data/data/com.termux/files/home/Launcher3/src/com/android/launcher3/widgetpicker/datasource/ConfigResourceFeaturedWidgetsDataSource.kt:63:36 Unresolved reference 'it'.
e: file:///data/data/com.termux/files/home/Launcher3/src/com/android/launcher3/widgetpicker/datasource/ConfigResourceFeaturedWidgetsDataSource.kt:63:55 Unresolved reference 'it'.
e: file:///data/data/com.termux/files/home/Launcher3/src/com/android/launcher3/widgetpicker/datasource/ConfigResourceFeaturedWidgetsDataSource.kt:64:18 Overload resolution ambiguity between candidates:
fun <T, R> Array<out T>.flatMap(transform: (T) -> Iterable<R>): List<R>
fun <T, R> Array<out T>.flatMap(transform: (T) -> Sequence<R>): List<R>
fun <R> BooleanArray.flatMap(transform: (Boolean) -> Iterable<R>): List<R>
fun <R> ByteArray.flatMap(transform: (Byte) -> Iterable<R>): List<R>
fun <R> CharArray.flatMap(transform: (Char) -> Iterable<R>): List<R>
fun <R> DoubleArray.flatMap(transform: (Double) -> Iterable<R>): List<R>
fun <R> FloatArray.flatMap(transform: (Float) -> Iterable<R>): List<R>
fun <R> IntArray.flatMap(transform: (Int) -> Iterable<R>): List<R>
fun <R> LongArray.flatMap(transform: (Long) -> Iterable<R>): List<R>
fun <R> ShortArray.flatMap(transform: (Short) -> Iterable<R>): List<R>
fun <T, R> Iterable<T>.flatMap(transform: (T) -> Iterable<R>): List<R>
fun <T, R> Iterable<T>.flatMap(transform: (T) -> Sequence<R>): List<R>
fun <K, V, R> Map<out K, V>.flatMap(transform: (Map.Entry<K, V>) -> Iterable<R>): List<R>
fun <K, V, R> Map<out K, V>.flatMap(transform: (Map.Entry<K, V>) -> Sequence<R>): List<R>
fun <R> UByteArray.flatMap(transform: (UByte) -> Iterable<R>): List<R>
fun <R> UIntArray.flatMap(transform: (UInt) -> Iterable<R>): List<R>
fun <R> ULongArray.flatMap(transform: (ULong) -> Iterable<R>): List<R>
fun <R> UShortArray.flatMap(transform: (UShort) -> Iterable<R>): List<R>
fun <T, R> Sequence<T>.flatMap(transform: (T) -> Iterable<R>): Sequence<R>
fun <T, R> Sequence<T>.flatMap(transform: (T) -> Sequence<R>): Sequence<R>
fun <R> CharSequence.flatMap(transform: (Char) -> Iterable<R>): List<R>
e: file:///data/data/com.termux/files/home/Launcher3/src/com/android/launcher3/widgetpicker/datasource/ConfigResourceFeaturedWidgetsDataSource.kt:64:26 Unresolved reference 'widgets'.
e: file:///data/data/com.termux/files/home/Launcher3/src/com/android/launcher3/widgetpicker/datasource/ConfigResourceFeaturedWidgetsDataSource.kt:64:28 Unresolved reference 'it'.
e: file:///data/data/com.termux/files/home/Launcher3/src/com/android/launcher3/widgetpicker/datasource/ConfigResourceFeaturedWidgetsDataSource.kt:65:18 Overload resolution ambiguity between candidates:
fun <T> Array<out T>.filter(predicate: (T) -> Boolean): List<T>
fun BooleanArray.filter(predicate: (Boolean) -> Boolean): List<Boolean>
fun ByteArray.filter(predicate: (Byte) -> Boolean): List<Byte>
fun CharArray.filter(predicate: (Char) -> Boolean): List<Char>
fun DoubleArray.filter(predicate: (Double) -> Boolean): List<Double>
fun FloatArray.filter(predicate: (Float) -> Boolean): List<Float>
fun IntArray.filter(predicate: (Int) -> Boolean): List<Int>
fun LongArray.filter(predicate: (Long) -> Boolean): List<Long>
fun ShortArray.filter(predicate: (Short) -> Boolean): List<Short>
fun <T> Iterable<T>.filter(predicate: (T) -> Boolean): List<T>
fun <K, V> Map<out K, V>.filter(predicate: (Map.Entry<K, V>) -> Boolean): Map<K, V>
fun UByteArray.filter(predicate: (UByte) -> Boolean): List<UByte>
fun UIntArray.filter(predicate: (UInt) -> Boolean): List<UInt>
fun ULongArray.filter(predicate: (ULong) -> Boolean): List<ULong>
fun UShortArray.filter(predicate: (UShort) -> Boolean): List<UShort>
fun <T> Sequence<T>.filter(predicate: (T) -> Boolean): Sequence<T>
fun CharSequence.filter(predicate: (Char) -> Boolean): CharSequence
fun String.filter(predicate: (Char) -> Boolean): String
e: file:///data/data/com.termux/files/home/Launcher3/src/com/android/launcher3/widgetpicker/datasource/ConfigResourceFeaturedWidgetsDataSource.kt:67:51 Unresolved reference 'it'.
e: file:///data/data/com.termux/files/home/Launcher3/src/com/android/launcher3/widgetpicker/datasource/ConfigResourceFeaturedWidgetsDataSource.kt:69:18 Overload resolution ambiguity between candidates:
fun <T, K> Array<out T>.groupBy(keySelector: (T) -> K): Map<K, List<T>>
fun <K> BooleanArray.groupBy(keySelector: (Boolean) -> K): Map<K, List<Boolean>>
fun <K> ByteArray.groupBy(keySelector: (Byte) -> K): Map<K, List<Byte>>
fun <K> CharArray.groupBy(keySelector: (Char) -> K): Map<K, List<Char>>
fun <K> DoubleArray.groupBy(keySelector: (Double) -> K): Map<K, List<Double>>
fun <K> FloatArray.groupBy(keySelector: (Float) -> K): Map<K, List<Float>>
fun <K> IntArray.groupBy(keySelector: (Int) -> K): Map<K, List<Int>>
fun <K> LongArray.groupBy(keySelector: (Long) -> K): Map<K, List<Long>>
fun <K> ShortArray.groupBy(keySelector: (Short) -> K): Map<K, List<Short>>
fun <T, K> Iterable<T>.groupBy(keySelector: (T) -> K): Map<K, List<T>>
fun <K> UByteArray.groupBy(keySelector: (UByte) -> K): Map<K, List<UByte>>
fun <K> UIntArray.groupBy(keySelector: (UInt) -> K): Map<K, List<UInt>>
fun <K> ULongArray.groupBy(keySelector: (ULong) -> K): Map<K, List<ULong>>
fun <K> UShortArray.groupBy(keySelector: (UShort) -> K): Map<K, List<UShort>>
fun <T, K> Sequence<T>.groupBy(keySelector: (T) -> K): Map<K, List<T>>
fun <K> CharSequence.groupBy(keySelector: (Char) -> K): Map<K, List<Char>>
e: file:///data/data/com.termux/files/home/Launcher3/src/com/android/launcher3/widgetpicker/datasource/ConfigResourceFeaturedWidgetsDataSource.kt:71:25 Unresolved reference 'it'.
e: file:///data/data/com.termux/files/home/Launcher3/src/com/android/launcher3/widgetpicker/datasource/ConfigResourceFeaturedWidgetsDataSource.kt:72:25 Unresolved reference 'it'.
e: file:///data/data/com.termux/files/home/Launcher3/src/com/android/launcher3/widgetpicker/datasource/ConfigResourceFeaturedWidgetsDataSource.kt:76:35 Unresolved reference 'PickableWidget'.
e: file:///data/data/com.termux/files/home/Launcher3/src/com/android/launcher3/widgetpicker/datasource/ConfigResourceFeaturedWidgetsDataSource.kt:76:53 Cannot infer type for this parameter. Please specify it explicitly.
e: file:///data/data/com.termux/files/home/Launcher3/src/com/android/launcher3/widgetpicker/datasource/ConfigResourceFeaturedWidgetsDataSource.kt:84:13 Cannot infer type for this parameter. Please specify it explicitly.
e: file:///data/data/com.termux/files/home/Launcher3/src/com/android/launcher3/widgetpicker/datasource/ConfigResourceFeaturedWidgetsDataSource.kt:84:13 Not enough information to infer type argument for 'V'.
e: file:///data/data/com.termux/files/home/Launcher3/src/com/android/launcher3/widgetpicker/datasource/ConfigResourceFeaturedWidgetsDataSource.kt:84:49 Overload resolution ambiguity between candidates:
fun <T> Iterable<T>.shuffled(): List<T>
fun <T> Sequence<T>.shuffled(): Sequence<T>
e: file:///data/data/com.termux/files/home/Launcher3/src/com/android/launcher3/widgetpicker/datasource/ConfigResourceFeaturedWidgetsDataSource.kt:84:61 Cannot infer type for this parameter. Please specify it explicitly.
e: file:///data/data/com.termux/files/home/Launcher3/src/com/android/launcher3/widgetpicker/datasource/ConfigResourceFeaturedWidgetsDataSource.kt:84:61 Unresolved reference. None of the following candidates is applicable because of a receiver type mismatch:
fun <T, R> T.let(block: (T) -> R): R
    [R|Contract description]
     <
        CallsInPlace(block, EXACTLY_ONCE)
    >
e: file:///data/data/com.termux/files/home/Launcher3/src/com/android/launcher3/widgetpicker/datasource/ConfigResourceFeaturedWidgetsDataSource.kt:84:67 Cannot infer type for this parameter. Please specify it explicitly.
e: file:///data/data/com.termux/files/home/Launcher3/src/com/android/launcher3/widgetpicker/datasource/ConfigResourceFeaturedWidgetsDataSource.kt:85:30 Method 'iterator()' is ambiguous for this expression. Applicable candidates:
fun <T> Enumeration<T>.iterator(): Iterator<T>
fun <T> Iterator<T>.iterator(): Iterator<T>
fun <K, V> Map<out K, V>.iterator(): Iterator<Map.Entry<K, V>>
fun <K, V> MutableMap<K, V>.iterator(): MutableIterator<MutableMap.MutableEntry<K, V>>
fun CharSequence.iterator(): CharIterator
fun BufferedInputStream.iterator(): ByteIterator
e: file:///data/data/com.termux/files/home/Launcher3/src/com/android/launcher3/widgetpicker/datasource/FeaturedWidgetsDataSource.kt:19:43 Unresolved reference 'shared'.
e: file:///data/data/com.termux/files/home/Launcher3/src/com/android/launcher3/widgetpicker/datasource/FeaturedWidgetsDataSource.kt:20:43 Unresolved reference 'shared'.
e: file:///data/data/com.termux/files/home/Launcher3/src/com/android/launcher3/widgetpicker/datasource/FeaturedWidgetsDataSource.kt:28:53 Unresolved reference 'WidgetApp'.
e: file:///data/data/com.termux/files/home/Launcher3/src/com/android/launcher3/widgetpicker/datasource/FeaturedWidgetsDataSource.kt:28:71 Unresolved reference 'PickableWidget'.
e: file:///data/data/com.termux/files/home/Launcher3/src/com/android/launcher3/widgetpicker/datasource/InMemoryWidgetsSearchAlgorithm.kt:19:30 Unresolved reference 'concurrent'.
e: file:///data/data/com.termux/files/home/Launcher3/src/com/android/launcher3/widgetpicker/datasource/InMemoryWidgetsSearchAlgorithm.kt:20:37 Unresolved reference 'LauncherAppSingleton'.
e: file:///data/data/com.termux/files/home/Launcher3/src/com/android/launcher3/widgetpicker/datasource/InMemoryWidgetsSearchAlgorithm.kt:21:43 Unresolved reference 'shared'.
e: file:///data/data/com.termux/files/home/Launcher3/src/com/android/launcher3/widgetpicker/datasource/InMemoryWidgetsSearchAlgorithm.kt:35:2 Unresolved reference 'LauncherAppSingleton'.
e: file:///data/data/com.termux/files/home/Launcher3/src/com/android/launcher3/widgetpicker/datasource/InMemoryWidgetsSearchAlgorithm.kt:36:1 Class 'InMemoryWidgetSearchAlgorithm' is not abstract and does not implement abstract member 'searchWidgets'.
e: file:///data/data/com.termux/files/home/Launcher3/src/com/android/launcher3/widgetpicker/datasource/InMemoryWidgetsSearchAlgorithm.kt:38:14 Unresolved reference 'BackgroundContext'.
e: file:///data/data/com.termux/files/home/Launcher3/src/com/android/launcher3/widgetpicker/datasource/InMemoryWidgetsSearchAlgorithm.kt:42:5 'searchWidgets' overrides nothing.
e: file:///data/data/com.termux/files/home/Launcher3/src/com/android/launcher3/widgetpicker/datasource/InMemoryWidgetsSearchAlgorithm.kt:42:68 Unresolved reference 'WidgetApp'.
e: file:///data/data/com.termux/files/home/Launcher3/src/com/android/launcher3/widgetpicker/datasource/InMemoryWidgetsSearchAlgorithm.kt:42:86 Unresolved reference 'WidgetApp'.
e: file:///data/data/com.termux/files/home/Launcher3/src/com/android/launcher3/widgetpicker/datasource/InMemoryWidgetsSearchAlgorithm.kt:49:39 Cannot infer type for this parameter. Please specify it explicitly.
e: file:///data/data/com.termux/files/home/Launcher3/src/com/android/launcher3/widgetpicker/datasource/InMemoryWidgetsSearchAlgorithm.kt:49:39 Argument type mismatch: actual type is 'kotlin.collections.List<T>', but 'kotlin.collections.List<ERROR CLASS: Symbol not found for WidgetApp>' was expected.
e: file:///data/data/com.termux/files/home/Launcher3/src/com/android/launcher3/widgetpicker/datasource/InMemoryWidgetsSearchAlgorithm.kt:53:24 Cannot infer type for this parameter. Please specify it explicitly.
e: file:///data/data/com.termux/files/home/Launcher3/src/com/android/launcher3/widgetpicker/datasource/InMemoryWidgetsSearchAlgorithm.kt:53:24 Unresolved reference. None of the following candidates is applicable because of a receiver type mismatch:
fun <T, R> Iterable<T>.map(transform: (T) -> R): List<R>
e: file:///data/data/com.termux/files/home/Launcher3/src/com/android/launcher3/widgetpicker/datasource/InMemoryWidgetsSearchAlgorithm.kt:53:30 Cannot infer type for this parameter. Please specify it explicitly.
e: file:///data/data/com.termux/files/home/Launcher3/src/com/android/launcher3/widgetpicker/datasource/InMemoryWidgetsSearchAlgorithm.kt:57:13 Argument type mismatch: actual type is 'kotlin.collections.List<R>', but 'kotlin.collections.List<ERROR CLASS: Symbol not found for WidgetApp>' was expected.
e: file:///data/data/com.termux/files/home/Launcher3/src/com/android/launcher3/widgetpicker/datasource/InMemoryWidgetsSearchAlgorithm.kt:58:18 Cannot infer type for this parameter. Please specify it explicitly.
e: file:///data/data/com.termux/files/home/Launcher3/src/com/android/launcher3/widgetpicker/datasource/InMemoryWidgetsSearchAlgorithm.kt:58:18 Not enough information to infer type argument for 'T'.
e: file:///data/data/com.termux/files/home/Launcher3/src/com/android/launcher3/widgetpicker/datasource/InMemoryWidgetsSearchAlgorithm.kt:59:18 Cannot infer type for this parameter. Please specify it explicitly.
e: file:///data/data/com.termux/files/home/Launcher3/src/com/android/launcher3/widgetpicker/datasource/InMemoryWidgetsSearchAlgorithm.kt:59:18 Not enough information to infer type argument for 'T'.
e: file:///data/data/com.termux/files/home/Launcher3/src/com/android/launcher3/widgetpicker/datasource/InMemoryWidgetsSearchAlgorithm.kt:59:25 Cannot infer type for this parameter. Please specify it explicitly.
e: file:///data/data/com.termux/files/home/Launcher3/src/com/android/launcher3/widgetpicker/datasource/InMemoryWidgetsSearchAlgorithm.kt:59:30 Function invocation 'first()' expected.
e: file:///data/data/com.termux/files/home/Launcher3/src/com/android/launcher3/widgetpicker/datasource/InMemoryWidgetsSearchAlgorithm.kt:59:36 Unresolved reference 'widgets'.
e: file:///data/data/com.termux/files/home/Launcher3/src/com/android/launcher3/widgetpicker/datasource/InMemoryWidgetsSearchAlgorithm.kt:59:63 Unresolved reference 'second'.
e: file:///data/data/com.termux/files/home/Launcher3/src/com/android/launcher3/widgetpicker/datasource/InMemoryWidgetsSearchAlgorithm.kt:60:18 Cannot infer type for this parameter. Please specify it explicitly.
e: file:///data/data/com.termux/files/home/Launcher3/src/com/android/launcher3/widgetpicker/datasource/InMemoryWidgetsSearchAlgorithm.kt:60:18 Not enough information to infer type argument for 'T'.
e: file:///data/data/com.termux/files/home/Launcher3/src/com/android/launcher3/widgetpicker/datasource/InMemoryWidgetsSearchAlgorithm.kt:60:18 Not enough information to infer type argument for 'R'.
e: file:///data/data/com.termux/files/home/Launcher3/src/com/android/launcher3/widgetpicker/datasource/InMemoryWidgetsSearchAlgorithm.kt:60:37 Cannot infer type for this parameter. Please specify it explicitly.
e: file:///data/data/com.termux/files/home/Launcher3/src/com/android/launcher3/widgetpicker/datasource/InMemoryWidgetsSearchAlgorithm.kt:60:42 Unresolved reference 'second'.
e: file:///data/data/com.termux/files/home/Launcher3/src/com/android/launcher3/widgetpicker/datasource/InMemoryWidgetsSearchAlgorithm.kt:61:18 Cannot infer type for this parameter. Please specify it explicitly.
e: file:///data/data/com.termux/files/home/Launcher3/src/com/android/launcher3/widgetpicker/datasource/InMemoryWidgetsSearchAlgorithm.kt:61:22 Cannot infer type for this parameter. Please specify it explicitly.
e: file:///data/data/com.termux/files/home/Launcher3/src/com/android/launcher3/widgetpicker/datasource/InMemoryWidgetsSearchAlgorithm.kt:61:27 Function invocation 'first()' expected.
e: file:///data/data/com.termux/files/home/Launcher3/src/com/android/launcher3/widgetpicker/datasource/InMemoryWidgetsSearchAlgorithm.kt:65:20 Unresolved reference 'WidgetApp'.
e: file:///data/data/com.termux/files/home/Launcher3/src/com/android/launcher3/widgetpicker/datasource/InMemoryWidgetsSearchAlgorithm.kt:67:13 Unresolved reference 'WidgetApp'.
e: file:///data/data/com.termux/files/home/Launcher3/src/com/android/launcher3/widgetpicker/datasource/InMemoryWidgetsSearchAlgorithm.kt:69:13 Argument type mismatch: actual type is 'R?', but 'K?' was expected.
e: file:///data/data/com.termux/files/home/Launcher3/src/com/android/launcher3/widgetpicker/datasource/InMemoryWidgetsSearchAlgorithm.kt:69:23 Unresolved reference 'title'.
e: file:///data/data/com.termux/files/home/Launcher3/src/com/android/launcher3/widgetpicker/datasource/InMemoryWidgetsSearchAlgorithm.kt:69:30 Cannot infer type for this parameter. Please specify it explicitly.
e: file:///data/data/com.termux/files/home/Launcher3/src/com/android/launcher3/widgetpicker/datasource/InMemoryWidgetsSearchAlgorithm.kt:69:34 Cannot infer type for this parameter. Please specify it explicitly.
e: file:///data/data/com.termux/files/home/Launcher3/src/com/android/launcher3/widgetpicker/datasource/InMemoryWidgetsSearchAlgorithm.kt:72:44 Unresolved reference 'title'.
e: file:///data/data/com.termux/files/home/Launcher3/src/com/android/launcher3/widgetpicker/datasource/InMemoryWidgetsSearchAlgorithm.kt:75:18 Argument type mismatch: actual type is 'kotlin.Int', but 'K' was expected.
e: file:///data/data/com.termux/files/home/Launcher3/src/com/android/launcher3/widgetpicker/datasource/InMemoryWidgetsSearchAlgorithm.kt:78:23 Unresolved reference 'widgets'.
e: file:///data/data/com.termux/files/home/Launcher3/src/com/android/launcher3/widgetpicker/datasource/InMemoryWidgetsSearchAlgorithm.kt:79:24 Cannot infer type for this parameter. Please specify it explicitly.
e: file:///data/data/com.termux/files/home/Launcher3/src/com/android/launcher3/widgetpicker/datasource/InMemoryWidgetsSearchAlgorithm.kt:83:49 Unresolved reference 'label'.
e: file:///data/data/com.termux/files/home/Launcher3/src/com/android/launcher3/widgetpicker/datasource/InMemoryWidgetsSearchAlgorithm.kt:87:25 Argument type mismatch: actual type is 'R?', but 'K?' was expected.
e: file:///data/data/com.termux/files/home/Launcher3/src/com/android/launcher3/widgetpicker/datasource/InMemoryWidgetsSearchAlgorithm.kt:87:32 Unresolved reference 'description'.
e: file:///data/data/com.termux/files/home/Launcher3/src/com/android/launcher3/widgetpicker/datasource/InMemoryWidgetsSearchAlgorithm.kt:87:45 Cannot infer type for this parameter. Please specify it explicitly.
e: file:///data/data/com.termux/files/home/Launcher3/src/com/android/launcher3/widgetpicker/datasource/InMemoryWidgetsSearchAlgorithm.kt:87:49 Cannot infer type for this parameter. Please specify it explicitly.
e: file:///data/data/com.termux/files/home/Launcher3/src/com/android/launcher3/widgetpicker/datasource/InMemoryWidgetsSearchAlgorithm.kt:93:30 Argument type mismatch: actual type is 'kotlin.Int', but 'K' was expected.
e: file:///data/data/com.termux/files/home/Launcher3/src/com/android/launcher3/widgetpicker/datasource/InMemoryWidgetsSearchAlgorithm.kt:96:28 Cannot infer type for this parameter. Please specify it explicitly.
e: file:///data/data/com.termux/files/home/Launcher3/src/com/android/launcher3/widgetpicker/datasource/InMemoryWidgetsSearchAlgorithm.kt:96:28 Unresolved reference. None of the following candidates is applicable because of a receiver type mismatch:
fun <A, B> A.to(that: B): Pair<A, B>
e: file:///data/data/com.termux/files/home/Launcher3/src/com/android/launcher3/widgetpicker/datasource/InMemoryWidgetsSearchAlgorithm.kt:98:18 Overload resolution ambiguity between candidates:
fun <T> Array<out T>.filter(predicate: (T) -> Boolean): List<T>
fun BooleanArray.filter(predicate: (Boolean) -> Boolean): List<Boolean>
fun ByteArray.filter(predicate: (Byte) -> Boolean): List<Byte>
fun CharArray.filter(predicate: (Char) -> Boolean): List<Char>
fun DoubleArray.filter(predicate: (Double) -> Boolean): List<Double>
fun FloatArray.filter(predicate: (Float) -> Boolean): List<Float>
fun IntArray.filter(predicate: (Int) -> Boolean): List<Int>
fun LongArray.filter(predicate: (Long) -> Boolean): List<Long>
fun ShortArray.filter(predicate: (Short) -> Boolean): List<Short>
fun <T> Iterable<T>.filter(predicate: (T) -> Boolean): List<T>
fun <K, V> Map<out K, V>.filter(predicate: (Map.Entry<K, V>) -> Boolean): Map<K, V>
fun UByteArray.filter(predicate: (UByte) -> Boolean): List<UByte>
fun UIntArray.filter(predicate: (UInt) -> Boolean): List<UInt>
fun ULongArray.filter(predicate: (ULong) -> Boolean): List<ULong>
fun UShortArray.filter(predicate: (UShort) -> Boolean): List<UShort>
fun <T> Sequence<T>.filter(predicate: (T) -> Boolean): Sequence<T>
fun CharSequence.filter(predicate: (Char) -> Boolean): CharSequence
fun String.filter(predicate: (Char) -> Boolean): String
e: file:///data/data/com.termux/files/home/Launcher3/src/com/android/launcher3/widgetpicker/datasource/InMemoryWidgetsSearchAlgorithm.kt:98:27 Unresolved reference 'it'.
e: file:///data/data/com.termux/files/home/Launcher3/src/com/android/launcher3/widgetpicker/datasource/InMemoryWidgetsSearchAlgorithm.kt:99:18 Overload resolution ambiguity between candidates:
fun <T, R : Comparable<R>> Array<out T>.sortedByDescending(crossinline selector: (T) -> R?): List<T>
fun <R : Comparable<R>> BooleanArray.sortedByDescending(crossinline selector: (Boolean) -> R?): List<Boolean>
fun <R : Comparable<R>> ByteArray.sortedByDescending(crossinline selector: (Byte) -> R?): List<Byte>
fun <R : Comparable<R>> CharArray.sortedByDescending(crossinline selector: (Char) -> R?): List<Char>
fun <R : Comparable<R>> DoubleArray.sortedByDescending(crossinline selector: (Double) -> R?): List<Double>
fun <R : Comparable<R>> FloatArray.sortedByDescending(crossinline selector: (Float) -> R?): List<Float>
fun <R : Comparable<R>> IntArray.sortedByDescending(crossinline selector: (Int) -> R?): List<Int>
fun <R : Comparable<R>> LongArray.sortedByDescending(crossinline selector: (Long) -> R?): List<Long>
fun <R : Comparable<R>> ShortArray.sortedByDescending(crossinline selector: (Short) -> R?): List<Short>
fun <T, R : Comparable<R>> Iterable<T>.sortedByDescending(crossinline selector: (T) -> R?): List<T>
fun <T, R : Comparable<R>> Sequence<T>.sortedByDescending(crossinline selector: (T) -> R?): Sequence<T>
e: file:///data/data/com.termux/files/home/Launcher3/src/com/android/launcher3/widgetpicker/datasource/InMemoryWidgetsSearchAlgorithm.kt:99:37 Unresolved reference 'second'.
e: file:///data/data/com.termux/files/home/Launcher3/src/com/android/launcher3/widgetpicker/datasource/InMemoryWidgetsSearchAlgorithm.kt:99:39 Unresolved reference 'it'.
e: file:///data/data/com.termux/files/home/Launcher3/src/com/android/launcher3/widgetpicker/datasource/InMemoryWidgetsSearchAlgorithm.kt:101:59 Overload resolution ambiguity between candidates:
fun <T> Array<out T>.sumOf(selector: (T) -> BigDecimal): BigDecimal
fun <T> Array<out T>.sumOf(selector: (T) -> BigInteger): BigInteger
fun BooleanArray.sumOf(selector: (Boolean) -> BigDecimal): BigDecimal
fun BooleanArray.sumOf(selector: (Boolean) -> BigInteger): BigInteger
fun ByteArray.sumOf(selector: (Byte) -> BigDecimal): BigDecimal
fun ByteArray.sumOf(selector: (Byte) -> BigInteger): BigInteger
fun CharArray.sumOf(selector: (Char) -> BigDecimal): BigDecimal
fun CharArray.sumOf(selector: (Char) -> BigInteger): BigInteger
fun DoubleArray.sumOf(selector: (Double) -> BigDecimal): BigDecimal
fun DoubleArray.sumOf(selector: (Double) -> BigInteger): BigInteger
fun FloatArray.sumOf(selector: (Float) -> BigDecimal): BigDecimal
fun FloatArray.sumOf(selector: (Float) -> BigInteger): BigInteger
fun IntArray.sumOf(selector: (Int) -> BigDecimal): BigDecimal
fun IntArray.sumOf(selector: (Int) -> BigInteger): BigInteger
fun LongArray.sumOf(selector: (Long) -> BigDecimal): BigDecimal
fun LongArray.sumOf(selector: (Long) -> BigInteger): BigInteger
fun ShortArray.sumOf(selector: (Short) -> BigDecimal): BigDecimal
fun ShortArray.sumOf(selector: (Short) -> BigInteger): BigInteger
fun <T> Array<out T>.sumOf(selector: (T) -> Double): Double
fun <T> Array<out T>.sumOf(selector: (T) -> Int): Int
fun <T> Array<out T>.sumOf(selector: (T) -> Long): Long
fun <T> Array<out T>.sumOf(selector: (T) -> UInt): UInt
fun <T> Array<out T>.sumOf(selector: (T) -> ULong): ULong
fun BooleanArray.sumOf(selector: (Boolean) -> Double): Double
fun BooleanArray.sumOf(selector: (Boolean) -> Int): Int
fun BooleanArray.sumOf(selector: (Boolean) -> Long): Long
fun BooleanArray.sumOf(selector: (Boolean) -> UInt): UInt
fun BooleanArray.sumOf(selector: (Boolean) -> ULong): ULong
fun ByteArray.sumOf(selector: (Byte) -> Double): Double
fun ByteArray.sumOf(selector: (Byte) -> Int): Int
fun ByteArray.sumOf(selector: (Byte) -> Long): Long
fun ByteArray.sumOf(selector: (Byte) -> UInt): UInt
fun ByteArray.sumOf(selector: (Byte) -> ULong): ULong
fun CharArray.sumOf(selector: (Char) -> Double): Double
fun CharArray.sumOf(selector: (Char) -> Int): Int
fun CharArray.sumOf(selector: (Char) -> Long): Long
fun CharArray.sumOf(selector: (Char) -> UInt): UInt
fun CharArray.sumOf(selector: (Char) -> ULong): ULong
fun DoubleArray.sumOf(selector: (Double) -> Double): Double
fun DoubleArray.sumOf(selector: (Double) -> Int): Int
fun DoubleArray.sumOf(selector: (Double) -> Long): Long
fun DoubleArray.sumOf(selector: (Double) -> UInt): UInt
fun DoubleArray.sumOf(selector: (Double) -> ULong): ULong
fun FloatArray.sumOf(selector: (Float) -> Double): Double
fun FloatArray.sumOf(selector: (Float) -> Int): Int
fun FloatArray.sumOf(selector: (Float) -> Long): Long
fun FloatArray.sumOf(selector: (Float) -> UInt): UInt
fun FloatArray.sumOf(selector: (Float) -> ULong): ULong
fun IntArray.sumOf(selector: (Int) -> Double): Double
fun IntArray.sumOf(selector: (Int) -> Int): Int
fun IntArray.sumOf(selector: (Int) -> Long): Long
fun IntArray.sumOf(selector: (Int) -> UInt): UInt
fun IntArray.sumOf(selector: (Int) -> ULong): ULong
fun LongArray.sumOf(selector: (Long) -> Double): Double
fun LongArray.sumOf(selector: (Long) -> Int): Int
fun LongArray.sumOf(selector: (Long) -> Long): Long
fun LongArray.sumOf(selector: (Long) -> UInt): UInt
fun LongArray.sumOf(selector: (Long) -> ULong): ULong
fun ShortArray.sumOf(selector: (Short) -> Double): Double
fun ShortArray.sumOf(selector: (Short) -> Int): Int
fun ShortArray.sumOf(selector: (Short) -> Long): Long
fun ShortArray.sumOf(selector: (Short) -> UInt): UInt
fun ShortArray.sumOf(selector: (Short) -> ULong): ULong
fun <T> Iterable<T>.sumOf(selector: (T) -> BigDecimal): BigDecimal
fun <T> Iterable<T>.sumOf(selector: (T) -> BigInteger): BigInteger
fun <T> Iterable<T>.sumOf(selector: (T) -> Double): Double
fun <T> Iterable<T>.sumOf(selector: (T) -> Int): Int
fun <T> Iterable<T>.sumOf(selector: (T) -> Long): Long
fun <T> Iterable<T>.sumOf(selector: (T) -> UInt): UInt
fun <T> Iterable<T>.sumOf(selector: (T) -> ULong): ULong
fun UByteArray.sumOf(selector: (UByte) -> BigDecimal): BigDecimal
fun UByteArray.sumOf(selector: (UByte) -> BigInteger): BigInteger
fun UIntArray.sumOf(selector: (UInt) -> BigDecimal): BigDecimal
fun UIntArray.sumOf(selector: (UInt) -> BigInteger): BigInteger
fun ULongArray.sumOf(selector: (ULong) -> BigDecimal): BigDecimal
fun ULongArray.sumOf(selector: (ULong) -> BigInteger): BigInteger
fun UShortArray.sumOf(selector: (UShort) -> BigDecimal): BigDecimal
fun UShortArray.sumOf(selector: (UShort) -> BigInteger): BigInteger
fun UByteArray.sumOf(selector: (UByte) -> Double): Double
fun UByteArray.sumOf(selector: (UByte) -> Int): Int
fun UByteArray.sumOf(selector: (UByte) -> Long): Long
fun UByteArray.sumOf(selector: (UByte) -> UInt): UInt
fun UByteArray.sumOf(selector: (UByte) -> ULong): ULong
fun UIntArray.sumOf(selector: (UInt) -> Double): Double
fun UIntArray.sumOf(selector: (UInt) -> Int): Int
fun UIntArray.sumOf(selector: (UInt) -> Long): Long
fun UIntArray.sumOf(selector: (UInt) -> UInt): UInt
fun UIntArray.sumOf(selector: (UInt) -> ULong): ULong
fun ULongArray.sumOf(selector: (ULong) -> Double): Double
fun ULongArray.sumOf(selector: (ULong) -> Int): Int
fun ULongArray.sumOf(selector: (ULong) -> Long): Long
fun ULongArray.sumOf(selector: (ULong) -> UInt): UInt
fun ULongArray.sumOf(selector: (ULong) -> ULong): ULong
fun UShortArray.sumOf(selector: (UShort) -> Double): Double
fun UShortArray.sumOf(selector: (UShort) -> Int): Int
fun UShortArray.sumOf(selector: (UShort) -> Long): Long
fun UShortArray.sumOf(selector: (UShort) -> UInt): UInt
fun UShortArray.sumOf(selector: (UShort) -> ULong): ULong
fun <T> Sequence<T>.sumOf(selector: (T) -> BigDecimal): BigDecimal
fun <T> Sequence<T>.sumOf(selector: (T) -> BigInteger): BigInteger
fun <T> Sequence<T>.sumOf(selector: (T) -> Double): Double
fun <T> Sequence<T>.sumOf(selector: (T) -> Int): Int
fun <T> Sequence<T>.sumOf(selector: (T) -> Long): Long
fun <T> Sequence<T>.sumOf(selector: (T) -> UInt): UInt
fun <T> Sequence<T>.sumOf(selector: (T) -> ULong): ULong
fun CharSequence.sumOf(selector: (Char) -> BigDecimal): BigDecimal
fun CharSequence.sumOf(selector: (Char) -> BigInteger): BigInteger
fun CharSequence.sumOf(selector: (Char) -> Double): Double
fun CharSequence.sumOf(selector: (Char) -> Int): Int
fun CharSequence.sumOf(selector: (Char) -> Long): Long
fun CharSequence.sumOf(selector: (Char) -> UInt): UInt
fun CharSequence.sumOf(selector: (Char) -> ULong): ULong
e: file:///data/data/com.termux/files/home/Launcher3/src/com/android/launcher3/widgetpicker/datasource/InMemoryWidgetsSearchAlgorithm.kt:101:65 Unresolved reference 'second'.
e: file:///data/data/com.termux/files/home/Launcher3/src/com/android/launcher3/widgetpicker/datasource/InMemoryWidgetsSearchAlgorithm.kt:101:67 Unresolved reference 'it'.
e: file:///data/data/com.termux/files/home/Launcher3/src/com/android/launcher3/widgetpicker/datasource/InMemoryWidgetsSearchAlgorithm.kt:103:34 'operator' modifier is required on 'FirNamedFunctionSymbol kotlin/compareTo' in 'compareTo'.
e: file:///data/data/com.termux/files/home/Launcher3/src/com/android/launcher3/widgetpicker/datasource/InMemoryWidgetsSearchAlgorithm.kt:104:13 Argument type mismatch: actual type is 'kotlin.Pair<A, B>', but 'K' was expected.
e: file:///data/data/com.termux/files/home/Launcher3/src/com/android/launcher3/widgetpicker/datasource/InMemoryWidgetsSearchAlgorithm.kt:104:23 Cannot infer type for this parameter. Please specify it explicitly.
e: file:///data/data/com.termux/files/home/Launcher3/src/com/android/launcher3/widgetpicker/datasource/InMemoryWidgetsSearchAlgorithm.kt:104:23 Unresolved reference. None of the following candidates is applicable because of a receiver type mismatch:
fun <A, B> A.to(that: B): Pair<A, B>
e: file:///data/data/com.termux/files/home/Launcher3/src/com/android/launcher3/widgetpicker/datasource/InMemoryWidgetsSearchAlgorithm.kt:106:13 Argument type mismatch: actual type is 'kotlin.Pair<A, B>', but 'K' was expected.
e: file:///data/data/com.termux/files/home/Launcher3/src/com/android/launcher3/widgetpicker/datasource/InMemoryWidgetsSearchAlgorithm.kt:106:23 Unresolved reference 'copy'.
e: file:///data/data/com.termux/files/home/Launcher3/src/com/android/launcher3/widgetpicker/datasource/InMemoryWidgetsSearchAlgorithm.kt:106:52 Overload resolution ambiguity between candidates:
fun <R, T> Result<T>.map(transform: (@ParameterName(...) T) -> R): Result<R>
    [R|Contract description]
     <
        CallsInPlace(transform, AT_MOST_ONCE)
    >
fun <T, R> Array<out T>.map(transform: (T) -> R): List<R>
fun <R> BooleanArray.map(transform: (Boolean) -> R): List<R>
fun <R> ByteArray.map(transform: (Byte) -> R): List<R>
fun <R> CharArray.map(transform: (Char) -> R): List<R>
fun <R> DoubleArray.map(transform: (Double) -> R): List<R>
fun <R> FloatArray.map(transform: (Float) -> R): List<R>
fun <R> IntArray.map(transform: (Int) -> R): List<R>
fun <R> LongArray.map(transform: (Long) -> R): List<R>
fun <R> ShortArray.map(transform: (Short) -> R): List<R>
fun <T, R> Iterable<T>.map(transform: (T) -> R): List<R>
fun <K, V, R> Map<out K, V>.map(transform: (Map.Entry<K, V>) -> R): List<R>
fun <R> UByteArray.map(transform: (UByte) -> R): List<R>
fun <R> UIntArray.map(transform: (UInt) -> R): List<R>
fun <R> ULongArray.map(transform: (ULong) -> R): List<R>
fun <R> UShortArray.map(transform: (UShort) -> R): List<R>
fun <T, R> Sequence<T>.map(transform: (T) -> R): Sequence<R>
fun <R> CharSequence.map(transform: (Char) -> R): List<R>
e: file:///data/data/com.termux/files/home/Launcher3/src/com/android/launcher3/widgetpicker/datasource/InMemoryWidgetsSearchAlgorithm.kt:106:56 Function invocation 'first()' expected.
e: file:///data/data/com.termux/files/home/Launcher3/src/com/android/launcher3/widgetpicker/datasource/InMemoryWidgetsSearchAlgorithm.kt:106:58 Unresolved reference 'it'.
e: file:///data/data/com.termux/files/home/Launcher3/src/com/android/launcher3/widgetpicker/datasource/InMemoryWidgetsSearchAlgorithm.kt:106:70 Cannot infer type for this parameter. Please specify it explicitly.
e: file:///data/data/com.termux/files/home/Launcher3/src/com/android/launcher3/widgetpicker/datasource/WidgetsSearchAlgorithm.kt:19:43 Unresolved reference 'shared'.
e: file:///data/data/com.termux/files/home/Launcher3/src/com/android/launcher3/widgetpicker/datasource/WidgetsSearchAlgorithm.kt:27:59 Unresolved reference 'WidgetApp'.
e: file:///data/data/com.termux/files/home/Launcher3/src/com/android/launcher3/widgetpicker/datasource/WidgetsSearchAlgorithm.kt:27:77 Unresolved reference 'WidgetApp'.
e: file:///data/data/com.termux/files/home/Launcher3/src/com/android/launcher3/widgetpicker/listeners/WidgetPickerAddItemListener.kt:29:43 Unresolved reference 'shared'.
e: file:///data/data/com.termux/files/home/Launcher3/src/com/android/launcher3/widgetpicker/listeners/WidgetPickerAddItemListener.kt:41:87 Unresolved reference 'WidgetInfo'.
e: file:///data/data/com.termux/files/home/Launcher3/src/com/android/launcher3/widgetpicker/listeners/WidgetPickerAddItemListener.kt:48:20 Unresolved reference 'WidgetInfo'.
e: file:///data/data/com.termux/files/home/Launcher3/src/com/android/launcher3/widgetpicker/listeners/WidgetPickerAddItemListener.kt:50:55 Cannot access 'CachedObject' which is a supertype of 'com.android.launcher3.widget.LauncherAppWidgetProviderInfo'. Check your module classpath for missing or conflicting dependencies.
e: file:///data/data/com.termux/files/home/Launcher3/src/com/android/launcher3/widgetpicker/listeners/WidgetPickerAddItemListener.kt:52:40 Unresolved reference 'appWidgetProviderInfo'.
e: file:///data/data/com.termux/files/home/Launcher3/src/com/android/launcher3/widgetpicker/listeners/WidgetPickerAddItemListener.kt:57:20 Unresolved reference 'WidgetInfo'.
e: file:///data/data/com.termux/files/home/Launcher3/src/com/android/launcher3/widgetpicker/listeners/WidgetPickerAddItemListener.kt:59:65 Unresolved reference 'launcherActivityInfo'.
e: file:///data/data/com.termux/files/home/Launcher3/src/com/android/launcher3/widgetpicker/listeners/WidgetPickerDragItemListener.kt:35:43 Unresolved reference 'shared'.
e: file:///data/data/com.termux/files/home/Launcher3/src/com/android/launcher3/widgetpicker/listeners/WidgetPickerDragItemListener.kt:36:43 Unresolved reference 'shared'.
e: file:///data/data/com.termux/files/home/Launcher3/src/com/android/launcher3/widgetpicker/listeners/WidgetPickerDragItemListener.kt:37:43 Unresolved reference 'shared'.
e: file:///data/data/com.termux/files/home/Launcher3/src/com/android/launcher3/widgetpicker/listeners/WidgetPickerDragItemListener.kt:58:29 Unresolved reference 'WidgetInfo'.
e: file:///data/data/com.termux/files/home/Launcher3/src/com/android/launcher3/widgetpicker/listeners/WidgetPickerDragItemListener.kt:59:32 Unresolved reference 'WidgetPreview'.
e: file:///data/data/com.termux/files/home/Launcher3/src/com/android/launcher3/widgetpicker/listeners/WidgetPickerDragItemListener.kt:85:20 Unresolved reference 'WidgetInfo'.
e: file:///data/data/com.termux/files/home/Launcher3/src/com/android/launcher3/widgetpicker/listeners/WidgetPickerDragItemListener.kt:87:55 Cannot access 'CachedObject' which is a supertype of 'com.android.launcher3.widget.LauncherAppWidgetProviderInfo'. Check your module classpath for missing or conflicting dependencies.
e: file:///data/data/com.termux/files/home/Launcher3/src/com/android/launcher3/widgetpicker/listeners/WidgetPickerDragItemListener.kt:89:40 Unresolved reference 'appWidgetProviderInfo'.
e: file:///data/data/com.termux/files/home/Launcher3/src/com/android/launcher3/widgetpicker/listeners/WidgetPickerDragItemListener.kt:93:20 Unresolved reference 'WidgetInfo'.
e: file:///data/data/com.termux/files/home/Launcher3/src/com/android/launcher3/widgetpicker/listeners/WidgetPickerDragItemListener.kt:95:65 Unresolved reference 'launcherActivityInfo'.
e: file:///data/data/com.termux/files/home/Launcher3/src/com/android/launcher3/widgetpicker/listeners/WidgetPickerDragItemListener.kt:120:28 Unresolved reference 'isAppWidget'.
e: file:///data/data/com.termux/files/home/Launcher3/src/com/android/launcher3/widgetpicker/listeners/WidgetPickerDragItemListener.kt:150:27 Unresolved reference 'WidgetPreview'.
e: file:///data/data/com.termux/files/home/Launcher3/src/com/android/launcher3/widgetpicker/listeners/WidgetPickerDragItemListener.kt:151:21 Unresolved reference 'WidgetInfo'.
e: file:///data/data/com.termux/files/home/Launcher3/src/com/android/launcher3/widgetpicker/listeners/WidgetPickerDragItemListener.kt:156:16 Unresolved reference 'WidgetPreview'.
e: file:///data/data/com.termux/files/home/Launcher3/src/com/android/launcher3/widgetpicker/listeners/WidgetPickerDragItemListener.kt:157:55 Unresolved reference 'bitmap'.
e: file:///data/data/com.termux/files/home/Launcher3/src/com/android/launcher3/widgetpicker/listeners/WidgetPickerDragItemListener.kt:158:48 Unresolved reference 'appWidgetProviderInfo'.
e: file:///data/data/com.termux/files/home/Launcher3/src/com/android/launcher3/widgetpicker/listeners/WidgetPickerDragItemListener.kt:161:16 Unresolved reference 'WidgetPreview'.
e: file:///data/data/com.termux/files/home/Launcher3/src/com/android/launcher3/widgetpicker/listeners/WidgetPickerDragItemListener.kt:162:54 Unresolved reference 'providerInfo'.
e: file:///data/data/com.termux/files/home/Launcher3/src/com/android/launcher3/widgetpicker/listeners/WidgetPickerDragItemListener.kt:165:16 Unresolved reference 'WidgetPreview'.
e: file:///data/data/com.termux/files/home/Launcher3/src/com/android/launcher3/widgetpicker/listeners/WidgetPickerDragItemListener.kt:166:53 Unresolved reference 'remoteViews'.
e: file:///data/data/com.termux/files/home/Launcher3/src/com/android/launcher3/widgetpicker/listeners/WidgetPickerDragItemListener.kt:167:48 Unresolved reference 'appWidgetProviderInfo'.
e: file:///data/data/com.termux/files/home/Launcher3/src/com/android/launcher3/widgetpicker/logging/LauncherWidgetPickerCuiReporter.kt:25:43 Unresolved reference 'ui'.
e: file:///data/data/com.termux/files/home/Launcher3/src/com/android/launcher3/widgetpicker/logging/LauncherWidgetPickerCuiReporter.kt:26:43 Unresolved reference 'ui'.
e: file:///data/data/com.termux/files/home/Launcher3/src/com/android/launcher3/widgetpicker/logging/LauncherWidgetPickerCuiReporter.kt:30:5 Unresolved reference 'WidgetPickerCuiReporter'.
e: file:///data/data/com.termux/files/home/Launcher3/src/com/android/launcher3/widgetpicker/logging/LauncherWidgetPickerCuiReporter.kt:31:5 'report' overrides nothing.
e: file:///data/data/com.termux/files/home/Launcher3/src/com/android/launcher3/widgetpicker/logging/LauncherWidgetPickerCuiReporter.kt:31:32 Unresolved reference 'WidgetPickerCui'.
e: file:///data/data/com.termux/files/home/Launcher3/src/com/android/launcher3/widgetpicker/logging/LauncherWidgetPickerCuiReporter.kt:33:13 'when' expression must be exhaustive. Add an 'else' branch.
e: file:///data/data/com.termux/files/home/Launcher3/src/com/android/launcher3/widgetpicker/logging/LauncherWidgetPickerCuiReporter.kt:34:17 Unresolved reference 'WidgetPickerCui'.
e: file:///data/data/com.termux/files/home/Launcher3/src/com/android/launcher3/widgetpicker/logging/LauncherWidgetPickerCuiReporter.kt:36:17 Unresolved reference 'WidgetPickerCui'.
e: file:///data/data/com.termux/files/home/Launcher3/src/com/android/launcher3/widgetpicker/logging/LauncherWidgetPickerCuiReporter.kt:38:17 Unresolved reference 'WidgetPickerCui'.
e: file:///data/data/com.termux/files/home/Launcher3/src/com/android/launcher3/widgetpicker/logging/LauncherWidgetPickerCuiReporter.kt:41:17 Unresolved reference 'WidgetPickerCui'.
e: file:///data/data/com.termux/files/home/Launcher3/src/com/android/launcher3/widgetpicker/repository/WidgetAppIconsRepositoryImpl.kt:19:36 Unresolved reference 'BitmapInfo'.
e: file:///data/data/com.termux/files/home/Launcher3/src/com/android/launcher3/widgetpicker/repository/WidgetAppIconsRepositoryImpl.kt:21:36 Unresolved reference 'cache'.
e: file:///data/data/com.termux/files/home/Launcher3/src/com/android/launcher3/widgetpicker/repository/WidgetAppIconsRepositoryImpl.kt:24:43 Unresolved reference 'data'.
e: file:///data/data/com.termux/files/home/Launcher3/src/com/android/launcher3/widgetpicker/repository/WidgetAppIconsRepositoryImpl.kt:25:43 Unresolved reference 'shared'.
e: file:///data/data/com.termux/files/home/Launcher3/src/com/android/launcher3/widgetpicker/repository/WidgetAppIconsRepositoryImpl.kt:26:43 Unresolved reference 'shared'.
e: file:///data/data/com.termux/files/home/Launcher3/src/com/android/launcher3/widgetpicker/repository/WidgetAppIconsRepositoryImpl.kt:27:43 Unresolved reference 'shared'.
e: file:///data/data/com.termux/files/home/Launcher3/src/com/android/launcher3/widgetpicker/repository/WidgetAppIconsRepositoryImpl.kt:28:43 Unresolved reference 'shared'.
e: file:///data/data/com.termux/files/home/Launcher3/src/com/android/launcher3/widgetpicker/repository/WidgetAppIconsRepositoryImpl.kt:38:5 Unresolved reference 'WidgetAppIconsRepository'.
e: file:///data/data/com.termux/files/home/Launcher3/src/com/android/launcher3/widgetpicker/repository/WidgetAppIconsRepositoryImpl.kt:39:5 'initialize' overrides nothing.
e: file:///data/data/com.termux/files/home/Launcher3/src/com/android/launcher3/widgetpicker/repository/WidgetAppIconsRepositoryImpl.kt:41:5 'getAppIcon' overrides nothing.
e: file:///data/data/com.termux/files/home/Launcher3/src/com/android/launcher3/widgetpicker/repository/WidgetAppIconsRepositoryImpl.kt:41:42 Unresolved reference 'WidgetAppId'.
e: file:///data/data/com.termux/files/home/Launcher3/src/com/android/launcher3/widgetpicker/repository/WidgetAppIconsRepositoryImpl.kt:41:57 Cannot infer type for this parameter. Please specify it explicitly.
e: file:///data/data/com.termux/files/home/Launcher3/src/com/android/launcher3/widgetpicker/repository/WidgetAppIconsRepositoryImpl.kt:41:57 Not enough information to infer type argument for 'T'.
e: file:///data/data/com.termux/files/home/Launcher3/src/com/android/launcher3/widgetpicker/repository/WidgetAppIconsRepositoryImpl.kt:42:17 Unresolved reference 'WidgetAppIcon'.
e: file:///data/data/com.termux/files/home/Launcher3/src/com/android/launcher3/widgetpicker/repository/WidgetAppIconsRepositoryImpl.kt:42:31 Unresolved reference 'AppIcon'.
e: file:///data/data/com.termux/files/home/Launcher3/src/com/android/launcher3/widgetpicker/repository/WidgetAppIconsRepositoryImpl.kt:42:59 Unresolved reference 'AppIconBadge'.
e: file:///data/data/com.termux/files/home/Launcher3/src/com/android/launcher3/widgetpicker/repository/WidgetAppIconsRepositoryImpl.kt:47:45 Unresolved reference 'packageName'.
e: file:///data/data/com.termux/files/home/Launcher3/src/com/android/launcher3/widgetpicker/repository/WidgetAppIconsRepositoryImpl.kt:47:58 Argument type mismatch: actual type is 'kotlin.text.CharCategory', but 'kotlin.Int' was expected.
e: file:///data/data/com.termux/files/home/Launcher3/src/com/android/launcher3/widgetpicker/repository/WidgetAppIconsRepositoryImpl.kt:47:80 Unresolved reference 'userHandle'.
e: file:///data/data/com.termux/files/home/Launcher3/src/com/android/launcher3/widgetpicker/repository/WidgetAppIconsRepositoryImpl.kt:49:45 Unresolved reference 'packageName'.
e: file:///data/data/com.termux/files/home/Launcher3/src/com/android/launcher3/widgetpicker/repository/WidgetAppIconsRepositoryImpl.kt:49:70 Unresolved reference 'userHandle'.
e: file:///data/data/com.termux/files/home/Launcher3/src/com/android/launcher3/widgetpicker/repository/WidgetAppIconsRepositoryImpl.kt:53:13 Argument type mismatch: actual type is 'com.android.launcher3.util.LooperExecutor!', but 'java.util.concurrent.Executor' was expected.
e: file:///data/data/com.termux/files/home/Launcher3/src/com/android/launcher3/widgetpicker/repository/WidgetAppIconsRepositoryImpl.kt:56:21 Not enough information to infer type argument for 'K'.
e: file:///data/data/com.termux/files/home/Launcher3/src/com/android/launcher3/widgetpicker/repository/WidgetAppIconsRepositoryImpl.kt:56:42 Cannot access class 'BitmapInfo'. Check your module classpath for missing or conflicting dependencies.
e: file:///data/data/com.termux/files/home/Launcher3/src/com/android/launcher3/widgetpicker/repository/WidgetAppIconsRepositoryImpl.kt:56:49 Unresolved reference 'isLowRes'.
e: file:///data/data/com.termux/files/home/Launcher3/src/com/android/launcher3/widgetpicker/repository/WidgetAppIconsRepositoryImpl.kt:57:25 Argument type mismatch: actual type is 'kotlinx.coroutines.channels.ChannelResult<kotlin.Unit>', but 'K' was expected.
e: file:///data/data/com.termux/files/home/Launcher3/src/com/android/launcher3/widgetpicker/repository/WidgetAppIconsRepositoryImpl.kt:58:29 Unresolved reference 'WidgetAppIcon'.
e: file:///data/data/com.termux/files/home/Launcher3/src/com/android/launcher3/widgetpicker/repository/WidgetAppIconsRepositoryImpl.kt:59:40 Unresolved reference 'AppIcon'.
e: file:///data/data/com.termux/files/home/Launcher3/src/com/android/launcher3/widgetpicker/repository/WidgetAppIconsRepositoryImpl.kt:59:81 Cannot access class 'BitmapInfo'. Check your module classpath for missing or conflicting dependencies.
e: file:///data/data/com.termux/files/home/Launcher3/src/com/android/launcher3/widgetpicker/repository/WidgetAppIconsRepositoryImpl.kt:59:88 Unresolved reference 'color'.
e: file:///data/data/com.termux/files/home/Launcher3/src/com/android/launcher3/widgetpicker/repository/WidgetAppIconsRepositoryImpl.kt:60:41 Unresolved reference 'AppIconBadge'.
e: file:///data/data/com.termux/files/home/Launcher3/src/com/android/launcher3/widgetpicker/repository/WidgetAppIconsRepositoryImpl.kt:64:25 Inapplicable candidate(s): fun trySend(element: <ERROR TYPE REF: Cannot infer argument for type parameter T>): ChannelResult<Unit>
e: file:///data/data/com.termux/files/home/Launcher3/src/com/android/launcher3/widgetpicker/repository/WidgetAppIconsRepositoryImpl.kt:64:25 Argument type mismatch: actual type is 'kotlinx.coroutines.channels.ChannelResult<kotlin.Unit>', but 'K' was expected.
e: file:///data/data/com.termux/files/home/Launcher3/src/com/android/launcher3/widgetpicker/repository/WidgetAppIconsRepositoryImpl.kt:65:29 Unresolved reference 'WidgetAppIcon'.
e: file:///data/data/com.termux/files/home/Launcher3/src/com/android/launcher3/widgetpicker/repository/WidgetAppIconsRepositoryImpl.kt:67:37 Unresolved reference 'AppIcon'.
e: file:///data/data/com.termux/files/home/Launcher3/src/com/android/launcher3/widgetpicker/repository/WidgetAppIconsRepositoryImpl.kt:68:67 Cannot access class 'BitmapInfo'. Check your module classpath for missing or conflicting dependencies.
e: file:///data/data/com.termux/files/home/Launcher3/src/com/android/launcher3/widgetpicker/repository/WidgetAppIconsRepositoryImpl.kt:68:74 Unresolved reference 'icon'.
e: file:///data/data/com.termux/files/home/Launcher3/src/com/android/launcher3/widgetpicker/repository/WidgetAppIconsRepositoryImpl.kt:70:62 Cannot access class 'BitmapInfo'. Check your module classpath for missing or conflicting dependencies.
e: file:///data/data/com.termux/files/home/Launcher3/src/com/android/launcher3/widgetpicker/repository/WidgetAppIconsRepositoryImpl.kt:70:69 Unresolved reference 'flags'.
e: file:///data/data/com.termux/files/home/Launcher3/src/com/android/launcher3/widgetpicker/repository/WidgetAppIconsRepositoryImpl.kt:71:49 Unresolved reference 'BitmapInfo'.
e: file:///data/data/com.termux/files/home/Launcher3/src/com/android/launcher3/widgetpicker/repository/WidgetAppIconsRepositoryImpl.kt:72:49 Unresolved reference 'BitmapInfo'.
e: file:///data/data/com.termux/files/home/Launcher3/src/com/android/launcher3/widgetpicker/repository/WidgetAppIconsRepositoryImpl.kt:75:37 Argument type mismatch: actual type is 'R?', but 'K?' was expected.
e: file:///data/data/com.termux/files/home/Launcher3/src/com/android/launcher3/widgetpicker/repository/WidgetAppIconsRepositoryImpl.kt:75:37 Not enough information to infer type argument for 'K'.
e: file:///data/data/com.termux/files/home/Launcher3/src/com/android/launcher3/widgetpicker/repository/WidgetAppIconsRepositoryImpl.kt:75:54 Cannot access class 'BitmapInfo'. Check your module classpath for missing or conflicting dependencies.
e: file:///data/data/com.termux/files/home/Launcher3/src/com/android/launcher3/widgetpicker/repository/WidgetAppIconsRepositoryImpl.kt:75:61 Unresolved reference 'getBadgeType'.
e: file:///data/data/com.termux/files/home/Launcher3/src/com/android/launcher3/widgetpicker/repository/WidgetAppIconsRepositoryImpl.kt:75:77 Cannot infer type for this parameter. Please specify it explicitly.
e: file:///data/data/com.termux/files/home/Launcher3/src/com/android/launcher3/widgetpicker/repository/WidgetAppIconsRepositoryImpl.kt:75:77 Not enough information to infer type argument for 'R'.
e: file:///data/data/com.termux/files/home/Launcher3/src/com/android/launcher3/widgetpicker/repository/WidgetAppIconsRepositoryImpl.kt:75:81 Cannot infer type for this parameter. Please specify it explicitly.
e: file:///data/data/com.termux/files/home/Launcher3/src/com/android/launcher3/widgetpicker/repository/WidgetAppIconsRepositoryImpl.kt:75:81 Unresolved reference 'DrawableBadge'.
e: file:///data/data/com.termux/files/home/Launcher3/src/com/android/launcher3/widgetpicker/repository/WidgetAppIconsRepositoryImpl.kt:76:41 Unresolved reference 'AppIconBadge'.
e: file:///data/data/com.termux/files/home/Launcher3/src/com/android/launcher3/widgetpicker/repository/WidgetAppIconsRepositoryImpl.kt:76:71 Unresolved reference 'drawableRes'.
e: file:///data/data/com.termux/files/home/Launcher3/src/com/android/launcher3/widgetpicker/repository/WidgetAppIconsRepositoryImpl.kt:76:87 Unresolved reference 'colorRes'.
e: file:///data/data/com.termux/files/home/Launcher3/src/com/android/launcher3/widgetpicker/repository/WidgetAppIconsRepositoryImpl.kt:77:42 Unresolved reference 'AppIconBadge'.
e: file:///data/data/com.termux/files/home/Launcher3/src/com/android/launcher3/widgetpicker/repository/WidgetAppIconsRepositoryImpl.kt:84:13 Unresolved reference 'CacheLookupFlag'.
e: file:///data/data/com.termux/files/home/Launcher3/src/com/android/launcher3/widgetpicker/repository/WidgetAppIconsRepositoryImpl.kt:87:9 Unresolved reference. None of the following candidates is applicable because of a receiver type mismatch:
suspend fun ProducerScope<*>.awaitClose(block: () -> Unit = ...): Unit
e: file:///data/data/com.termux/files/home/Launcher3/src/com/android/launcher3/widgetpicker/repository/WidgetAppIconsRepositoryImpl.kt:90:5 'cleanUp' overrides nothing.
e: file:///data/data/com.termux/files/home/Launcher3/src/com/android/launcher3/widgetpicker/repository/WidgetUsersRepositoryImpl.kt:21:30 Unresolved reference 'concurrent'.
e: file:///data/data/com.termux/files/home/Launcher3/src/com/android/launcher3/widgetpicker/repository/WidgetUsersRepositoryImpl.kt:22:30 Unresolved reference 'concurrent'.
e: file:///data/data/com.termux/files/home/Launcher3/src/com/android/launcher3/widgetpicker/repository/WidgetUsersRepositoryImpl.kt:23:37 Unresolved reference 'ApplicationContext'.
e: file:///data/data/com.termux/files/home/Launcher3/src/com/android/launcher3/widgetpicker/repository/WidgetUsersRepositoryImpl.kt:26:35 Unresolved reference 'SafeCloseable'.
e: file:///data/data/com.termux/files/home/Launcher3/src/com/android/launcher3/widgetpicker/repository/WidgetUsersRepositoryImpl.kt:27:43 Unresolved reference 'data'.
e: file:///data/data/com.termux/files/home/Launcher3/src/com/android/launcher3/widgetpicker/repository/WidgetUsersRepositoryImpl.kt:28:43 Unresolved reference 'shared'.
e: file:///data/data/com.termux/files/home/Launcher3/src/com/android/launcher3/widgetpicker/repository/WidgetUsersRepositoryImpl.kt:29:43 Unresolved reference 'shared'.
e: file:///data/data/com.termux/files/home/Launcher3/src/com/android/launcher3/widgetpicker/repository/WidgetUsersRepositoryImpl.kt:30:43 Unresolved reference 'shared'.
e: file:///data/data/com.termux/files/home/Launcher3/src/com/android/launcher3/widgetpicker/repository/WidgetUsersRepositoryImpl.kt:52:6 Unresolved reference 'ApplicationContext'.
e: file:///data/data/com.termux/files/home/Launcher3/src/com/android/launcher3/widgetpicker/repository/WidgetUsersRepositoryImpl.kt:54:6 Unresolved reference 'BackgroundContext'.
e: file:///data/data/com.termux/files/home/Launcher3/src/com/android/launcher3/widgetpicker/repository/WidgetUsersRepositoryImpl.kt:55:6 Unresolved reference 'Background'.
e: file:///data/data/com.termux/files/home/Launcher3/src/com/android/launcher3/widgetpicker/repository/WidgetUsersRepositoryImpl.kt:56:5 Unresolved reference 'WidgetUsersRepository'.
e: file:///data/data/com.termux/files/home/Launcher3/src/com/android/launcher3/widgetpicker/repository/WidgetUsersRepositoryImpl.kt:58:44 Unresolved reference 'SafeCloseable'.
e: file:///data/data/com.termux/files/home/Launcher3/src/com/android/launcher3/widgetpicker/repository/WidgetUsersRepositoryImpl.kt:59:50 Unresolved reference 'WidgetUserProfiles'.
e: file:///data/data/com.termux/files/home/Launcher3/src/com/android/launcher3/widgetpicker/repository/WidgetUsersRepositoryImpl.kt:59:71 Null cannot be a value of a non-null type 'T'.
e: file:///data/data/com.termux/files/home/Launcher3/src/com/android/launcher3/widgetpicker/repository/WidgetUsersRepositoryImpl.kt:68:5 'initialize' overrides nothing.
e: file:///data/data/com.termux/files/home/Launcher3/src/com/android/launcher3/widgetpicker/repository/WidgetUsersRepositoryImpl.kt:73:40 Unresolved reference 'close'.
e: file:///data/data/com.termux/files/home/Launcher3/src/com/android/launcher3/widgetpicker/repository/WidgetUsersRepositoryImpl.kt:77:39 Unresolved reference 'it'.
e: file:///data/data/com.termux/files/home/Launcher3/src/com/android/launcher3/widgetpicker/repository/WidgetUsersRepositoryImpl.kt:77:69 Unresolved reference 'it'.
e: file:///data/data/com.termux/files/home/Launcher3/src/com/android/launcher3/widgetpicker/repository/WidgetUsersRepositoryImpl.kt:83:5 'observeUserProfiles' overrides nothing.
e: file:///data/data/com.termux/files/home/Launcher3/src/com/android/launcher3/widgetpicker/repository/WidgetUsersRepositoryImpl.kt:83:46 Unresolved reference 'WidgetUserProfiles'.
e: file:///data/data/com.termux/files/home/Launcher3/src/com/android/launcher3/widgetpicker/repository/WidgetUsersRepositoryImpl.kt:83:83 Cannot infer type for this parameter. Please specify it explicitly.
e: file:///data/data/com.termux/files/home/Launcher3/src/com/android/launcher3/widgetpicker/repository/WidgetUsersRepositoryImpl.kt:83:83 Not enough information to infer type argument for 'T'.
e: file:///data/data/com.termux/files/home/Launcher3/src/com/android/launcher3/widgetpicker/repository/WidgetUsersRepositoryImpl.kt:85:5 'getWorkProfileUser' overrides nothing.
e: file:///data/data/com.termux/files/home/Launcher3/src/com/android/launcher3/widgetpicker/repository/WidgetUsersRepositoryImpl.kt:87:5 'cleanUp' overrides nothing.
e: file:///data/data/com.termux/files/home/Launcher3/src/com/android/launcher3/widgetpicker/repository/WidgetUsersRepositoryImpl.kt:88:36 Unresolved reference 'close'.
e: file:///data/data/com.termux/files/home/Launcher3/src/com/android/launcher3/widgetpicker/repository/WidgetUsersRepositoryImpl.kt:98:90 Unresolved reference 'isWork'.
e: file:///data/data/com.termux/files/home/Launcher3/src/com/android/launcher3/widgetpicker/repository/WidgetUsersRepositoryImpl.kt:105:27 Cannot infer type for this parameter. Please specify it explicitly.
e: file:///data/data/com.termux/files/home/Launcher3/src/com/android/launcher3/widgetpicker/repository/WidgetUsersRepositoryImpl.kt:105:27 Not enough information to infer type argument for 'T'.
e: file:///data/data/com.termux/files/home/Launcher3/src/com/android/launcher3/widgetpicker/repository/WidgetUsersRepositoryImpl.kt:105:34 Cannot infer type for this parameter. Please specify it explicitly.
e: file:///data/data/com.termux/files/home/Launcher3/src/com/android/launcher3/widgetpicker/repository/WidgetUsersRepositoryImpl.kt:106:17 Unresolved reference 'WidgetUserProfiles'.
e: file:///data/data/com.termux/files/home/Launcher3/src/com/android/launcher3/widgetpicker/repository/WidgetUsersRepositoryImpl.kt:108:25 Unresolved reference 'WidgetUserProfile'.
e: file:///data/data/com.termux/files/home/Launcher3/src/com/android/launcher3/widgetpicker/repository/WidgetUsersRepositoryImpl.kt:109:36 Unresolved reference 'WidgetUserProfileType'.
e: file:///data/data/com.termux/files/home/Launcher3/src/com/android/launcher3/widgetpicker/repository/WidgetUsersRepositoryImpl.kt:115:42 Cannot infer type for this parameter. Please specify it explicitly.
e: file:///data/data/com.termux/files/home/Launcher3/src/com/android/launcher3/widgetpicker/repository/WidgetUsersRepositoryImpl.kt:115:46 Cannot infer type for this parameter. Please specify it explicitly.
e: file:///data/data/com.termux/files/home/Launcher3/src/com/android/launcher3/widgetpicker/repository/WidgetUsersRepositoryImpl.kt:116:29 Unresolved reference 'WidgetUserProfile'.
e: file:///data/data/com.termux/files/home/Launcher3/src/com/android/launcher3/widgetpicker/repository/WidgetUsersRepositoryImpl.kt:117:40 Unresolved reference 'WidgetUserProfileType'.
e: file:///data/data/com.termux/files/home/Launcher3/src/com/android/launcher3/widgetpicker/repository/WidgetsRepositoryImpl.kt:23:30 Unresolved reference 'concurrent'.
e: file:///data/data/com.termux/files/home/Launcher3/src/com/android/launcher3/widgetpicker/repository/WidgetsRepositoryImpl.kt:24:37 Unresolved reference 'ApplicationContext'.
e: file:///data/data/com.termux/files/home/Launcher3/src/com/android/launcher3/widgetpicker/repository/WidgetsRepositoryImpl.kt:30:35 Unresolved reference 'ComponentKey'.
e: file:///data/data/com.termux/files/home/Launcher3/src/com/android/launcher3/widgetpicker/repository/WidgetsRepositoryImpl.kt:36:43 Unresolved reference 'data'.
e: file:///data/data/com.termux/files/home/Launcher3/src/com/android/launcher3/widgetpicker/repository/WidgetsRepositoryImpl.kt:37:43 Unresolved reference 'data'.
e: file:///data/data/com.termux/files/home/Launcher3/src/com/android/launcher3/widgetpicker/repository/WidgetsRepositoryImpl.kt:38:43 Unresolved reference 'data'.
e: file:///data/data/com.termux/files/home/Launcher3/src/com/android/launcher3/widgetpicker/repository/WidgetsRepositoryImpl.kt:41:43 Unresolved reference 'shared'.
e: file:///data/data/com.termux/files/home/Launcher3/src/com/android/launcher3/widgetpicker/repository/WidgetsRepositoryImpl.kt:42:43 Unresolved reference 'shared'.
e: file:///data/data/com.termux/files/home/Launcher3/src/com/android/launcher3/widgetpicker/repository/WidgetsRepositoryImpl.kt:43:43 Unresolved reference 'shared'.
e: file:///data/data/com.termux/files/home/Launcher3/src/com/android/launcher3/widgetpicker/repository/WidgetsRepositoryImpl.kt:44:43 Unresolved reference 'shared'.
e: file:///data/data/com.termux/files/home/Launcher3/src/com/android/launcher3/widgetpicker/repository/WidgetsRepositoryImpl.kt:45:43 Unresolved reference 'shared'.
e: file:///data/data/com.termux/files/home/Launcher3/src/com/android/launcher3/widgetpicker/repository/WidgetsRepositoryImpl.kt:46:43 Unresolved reference 'shared'.
e: file:///data/data/com.termux/files/home/Launcher3/src/com/android/launcher3/widgetpicker/repository/WidgetsRepositoryImpl.kt:47:43 Unresolved reference 'shared'.
e: file:///data/data/com.termux/files/home/Launcher3/src/com/android/launcher3/widgetpicker/repository/WidgetsRepositoryImpl.kt:73:12 Unresolved reference 'ApplicationContext'.
e: file:///data/data/com.termux/files/home/Launcher3/src/com/android/launcher3/widgetpicker/repository/WidgetsRepositoryImpl.kt:79:12 Unresolved reference 'BackgroundContext'.
e: file:///data/data/com.termux/files/home/Launcher3/src/com/android/launcher3/widgetpicker/repository/WidgetsRepositoryImpl.kt:80:5 Unresolved reference 'WidgetsRepository'.
e: file:///data/data/com.termux/files/home/Launcher3/src/com/android/launcher3/widgetpicker/repository/WidgetsRepositoryImpl.kt:85:63 Unresolved reference 'WidgetApp'.
e: file:///data/data/com.termux/files/home/Launcher3/src/com/android/launcher3/widgetpicker/repository/WidgetsRepositoryImpl.kt:85:75 Cannot infer type for this parameter. Please specify it explicitly.
e: file:///data/data/com.termux/files/home/Launcher3/src/com/android/launcher3/widgetpicker/repository/WidgetsRepositoryImpl.kt:85:75 Argument type mismatch: actual type is 'kotlin.collections.List<T>', but 'kotlin.collections.List<ERROR CLASS: Symbol not found for WidgetApp>' was expected.
e: file:///data/data/com.termux/files/home/Launcher3/src/com/android/launcher3/widgetpicker/repository/WidgetsRepositoryImpl.kt:87:5 'initialize' overrides nothing.
e: file:///data/data/com.termux/files/home/Launcher3/src/com/android/launcher3/widgetpicker/repository/WidgetsRepositoryImpl.kt:87:38 Unresolved reference 'InitializationOptions'.
e: file:///data/data/com.termux/files/home/Launcher3/src/com/android/launcher3/widgetpicker/repository/WidgetsRepositoryImpl.kt:91:28 Unresolved reference 'InitializationOptions'.
e: file:///data/data/com.termux/files/home/Launcher3/src/com/android/launcher3/widgetpicker/repository/WidgetsRepositoryImpl.kt:92:58 Unresolved reference 'pinItemRequest'.
e: file:///data/data/com.termux/files/home/Launcher3/src/com/android/launcher3/widgetpicker/repository/WidgetsRepositoryImpl.kt:98:29 Unresolved reference 'getWidgetAppId'.
e: file:///data/data/com.termux/files/home/Launcher3/src/com/android/launcher3/widgetpicker/repository/WidgetsRepositoryImpl.kt:98:47 Cannot infer type for this parameter. Please specify it explicitly.
e: file:///data/data/com.termux/files/home/Launcher3/src/com/android/launcher3/widgetpicker/repository/WidgetsRepositoryImpl.kt:98:51 Cannot infer type for this parameter. Please specify it explicitly.
e: file:///data/data/com.termux/files/home/Launcher3/src/com/android/launcher3/widgetpicker/repository/WidgetsRepositoryImpl.kt:99:25 Cannot infer type for this parameter. Please specify it explicitly.
e: file:///data/data/com.termux/files/home/Launcher3/src/com/android/launcher3/widgetpicker/repository/WidgetsRepositoryImpl.kt:99:41 Unresolved reference 'packageName'.
e: file:///data/data/com.termux/files/home/Launcher3/src/com/android/launcher3/widgetpicker/repository/WidgetsRepositoryImpl.kt:100:43 Unresolved reference 'packageName'.
e: file:///data/data/com.termux/files/home/Launcher3/src/com/android/launcher3/widgetpicker/repository/WidgetsRepositoryImpl.kt:100:59 Unresolved reference 'userHandle'.
e: file:///data/data/com.termux/files/home/Launcher3/src/com/android/launcher3/widgetpicker/repository/WidgetsRepositoryImpl.kt:109:24 Unresolved reference 'InitializationOptions'.
e: file:///data/data/com.termux/files/home/Launcher3/src/com/android/launcher3/widgetpicker/repository/WidgetsRepositoryImpl.kt:114:5 'observeWidgets' overrides nothing.
e: file:///data/data/com.termux/files/home/Launcher3/src/com/android/launcher3/widgetpicker/repository/WidgetsRepositoryImpl.kt:114:46 Unresolved reference 'WidgetApp'.
e: file:///data/data/com.termux/files/home/Launcher3/src/com/android/launcher3/widgetpicker/repository/WidgetsRepositoryImpl.kt:116:5 'observeWidgetApp' overrides nothing.
e: file:///data/data/com.termux/files/home/Launcher3/src/com/android/launcher3/widgetpicker/repository/WidgetsRepositoryImpl.kt:116:48 Unresolved reference 'WidgetAppId'.
e: file:///data/data/com.termux/files/home/Launcher3/src/com/android/launcher3/widgetpicker/repository/WidgetsRepositoryImpl.kt:116:67 Unresolved reference 'WidgetApp'.
e: file:///data/data/com.termux/files/home/Launcher3/src/com/android/launcher3/widgetpicker/repository/WidgetsRepositoryImpl.kt:118:14 Cannot infer type for this parameter. Please specify it explicitly.
e: file:///data/data/com.termux/files/home/Launcher3/src/com/android/launcher3/widgetpicker/repository/WidgetsRepositoryImpl.kt:118:18 Cannot infer type for this parameter. Please specify it explicitly.
e: file:///data/data/com.termux/files/home/Launcher3/src/com/android/launcher3/widgetpicker/repository/WidgetsRepositoryImpl.kt:118:33 None of the following candidates is applicable:
fun <T> Iterable<T>.firstOrNull(): T?
fun <T> Iterable<T>.firstOrNull(predicate: (T) -> Boolean): T?
fun <T> List<T>.firstOrNull(): T?
e: file:///data/data/com.termux/files/home/Launcher3/src/com/android/launcher3/widgetpicker/repository/WidgetsRepositoryImpl.kt:118:47 Unresolved reference 'it'.
e: file:///data/data/com.termux/files/home/Launcher3/src/com/android/launcher3/widgetpicker/repository/WidgetsRepositoryImpl.kt:119:14 Cannot infer type for this parameter. Please specify it explicitly.
e: file:///data/data/com.termux/files/home/Launcher3/src/com/android/launcher3/widgetpicker/repository/WidgetsRepositoryImpl.kt:119:14 Not enough information to infer type argument for 'T'.
e: file:///data/data/com.termux/files/home/Launcher3/src/com/android/launcher3/widgetpicker/repository/WidgetsRepositoryImpl.kt:121:5 'getWidgetPreview' overrides nothing.
e: file:///data/data/com.termux/files/home/Launcher3/src/com/android/launcher3/widgetpicker/repository/WidgetsRepositoryImpl.kt:121:47 Unresolved reference 'WidgetId'.
e: file:///data/data/com.termux/files/home/Launcher3/src/com/android/launcher3/widgetpicker/repository/WidgetsRepositoryImpl.kt:121:58 Unresolved reference 'WidgetPreview'.
e: file:///data/data/com.termux/files/home/Launcher3/src/com/android/launcher3/widgetpicker/repository/WidgetsRepositoryImpl.kt:122:28 Unresolved reference 'ComponentKey'.
e: file:///data/data/com.termux/files/home/Launcher3/src/com/android/launcher3/widgetpicker/repository/WidgetsRepositoryImpl.kt:122:44 Unresolved reference 'componentName'.
e: file:///data/data/com.termux/files/home/Launcher3/src/com/android/launcher3/widgetpicker/repository/WidgetsRepositoryImpl.kt:122:62 Unresolved reference 'userHandle'.
e: file:///data/data/com.termux/files/home/Launcher3/src/com/android/launcher3/widgetpicker/repository/WidgetsRepositoryImpl.kt:124:13 Cannot access class 'ComponentKey'. Check your module classpath for missing or conflicting dependencies.
e: file:///data/data/com.termux/files/home/Launcher3/src/com/android/launcher3/widgetpicker/repository/WidgetsRepositoryImpl.kt:125:27 Unresolved reference 'WidgetPreview'.
e: file:///data/data/com.termux/files/home/Launcher3/src/com/android/launcher3/widgetpicker/repository/WidgetsRepositoryImpl.kt:129:13 Cannot infer type for this parameter. Please specify it explicitly.
e: file:///data/data/com.termux/files/home/Launcher3/src/com/android/launcher3/widgetpicker/repository/WidgetsRepositoryImpl.kt:129:13 Not enough information to infer type argument for 'T'.
e: file:///data/data/com.termux/files/home/Launcher3/src/com/android/launcher3/widgetpicker/repository/WidgetsRepositoryImpl.kt:129:44 Cannot infer type for this parameter. Please specify it explicitly.
e: file:///data/data/com.termux/files/home/Launcher3/src/com/android/launcher3/widgetpicker/repository/WidgetsRepositoryImpl.kt:136:17 Not enough information to infer type argument for 'K'.
e: file:///data/data/com.termux/files/home/Launcher3/src/com/android/launcher3/widgetpicker/repository/WidgetsRepositoryImpl.kt:138:25 Unresolved reference 'WidgetPreview'.
e: file:///data/data/com.termux/files/home/Launcher3/src/com/android/launcher3/widgetpicker/repository/WidgetsRepositoryImpl.kt:141:25 Unresolved reference 'WidgetPreview'.
e: file:///data/data/com.termux/files/home/Launcher3/src/com/android/launcher3/widgetpicker/repository/WidgetsRepositoryImpl.kt:144:25 Unresolved reference 'WidgetPreview'.
e: file:///data/data/com.termux/files/home/Launcher3/src/com/android/launcher3/widgetpicker/repository/WidgetsRepositoryImpl.kt:146:29 Unresolved reference 'WidgetPreview'.
e: file:///data/data/com.termux/files/home/Launcher3/src/com/android/launcher3/widgetpicker/repository/WidgetsRepositoryImpl.kt:153:5 'searchWidgets' overrides nothing.
e: file:///data/data/com.termux/files/home/Launcher3/src/com/android/launcher3/widgetpicker/repository/WidgetsRepositoryImpl.kt:153:61 Unresolved reference 'WidgetApp'.
e: file:///data/data/com.termux/files/home/Launcher3/src/com/android/launcher3/widgetpicker/repository/WidgetsRepositoryImpl.kt:156:5 'cleanUp' overrides nothing.
e: file:///data/data/com.termux/files/home/Launcher3/src/com/android/launcher3/widgetpicker/repository/WidgetsRepositoryImpl.kt:157:40 Cannot infer type for this parameter. Please specify it explicitly.
e: file:///data/data/com.termux/files/home/Launcher3/src/com/android/launcher3/widgetpicker/repository/WidgetsRepositoryImpl.kt:165:5 'getFeaturedWidgets' overrides nothing.
e: file:///data/data/com.termux/files/home/Launcher3/src/com/android/launcher3/widgetpicker/repository/WidgetsRepositoryImpl.kt:165:50 Unresolved reference 'PickableWidget'.
e: file:///data/data/com.termux/files/home/Launcher3/src/com/android/launcher3/widgetpicker/repository/WidgetsRepositoryImpl.kt:174:13 Cannot infer type for this parameter. Please specify it explicitly.
e: file:///data/data/com.termux/files/home/Launcher3/src/com/android/launcher3/widgetpicker/repository/WidgetsRepositoryImpl.kt:174:17 Cannot infer type for this parameter. Please specify it explicitly.
e: file:///data/data/com.termux/files/home/Launcher3/src/com/android/launcher3/widgetpicker/repository/WidgetsRepositoryImpl.kt:176:17 Unresolved reference 'WidgetAppId'.
e: file:///data/data/com.termux/files/home/Launcher3/src/com/android/launcher3/widgetpicker/repository/WidgetsRepositoryImpl.kt:182:13 Unresolved reference 'WidgetApp'.
e: file:///data/data/com.termux/files/home/Launcher3/src/com/android/launcher3/widgetpicker/repository/WidgetsRepositoryImpl.kt:186:33 Cannot infer type for this parameter. Please specify it explicitly.
e: file:///data/data/com.termux/files/home/Launcher3/src/com/android/launcher3/widgetpicker/repository/WidgetsRepositoryImpl.kt:186:37 Cannot infer type for this parameter. Please specify it explicitly.
e: file:///data/data/com.termux/files/home/Launcher3/src/com/android/launcher3/widgetpicker/repository/WidgetsRepositoryImpl.kt:187:36 Cannot access 'ComponentKey' which is a supertype of 'com.android.launcher3.model.WidgetItem'. Check your module classpath for missing or conflicting dependencies.
e: file:///data/data/com.termux/files/home/Launcher3/src/com/android/launcher3/widgetpicker/repository/WidgetsRepositoryImpl.kt:194:26 Unresolved reference 'WidgetAppId'.
e: file:///data/data/com.termux/files/home/Launcher3/src/com/android/launcher3/widgetpicker/repository/WidgetsRepositoryImpl.kt:195:12 Unresolved reference 'PickableWidget'.
e: file:///data/data/com.termux/files/home/Launcher3/src/com/android/launcher3/widgetpicker/repository/WidgetsRepositoryImpl.kt:196:74 Cannot access 'ComponentKey' which is a supertype of 'com.android.launcher3.model.WidgetItem'. Check your module classpath for missing or conflicting dependencies.
e: file:///data/data/com.termux/files/home/Launcher3/src/com/android/launcher3/widgetpicker/repository/WidgetsRepositoryImpl.kt:196:81 Cannot access 'ComponentKey' which is a supertype of 'com.android.launcher3.model.WidgetItem'. Check your module classpath for missing or conflicting dependencies.
e: file:///data/data/com.termux/files/home/Launcher3/src/com/android/launcher3/widgetpicker/repository/WidgetsRepositoryImpl.kt:201:20 Unresolved reference 'PickableWidget'.
e: file:///data/data/com.termux/files/home/Launcher3/src/com/android/launcher3/widgetpicker/repository/WidgetsRepositoryImpl.kt:202:22 Unresolved reference 'WidgetId'.
e: file:///data/data/com.termux/files/home/Launcher3/src/com/android/launcher3/widgetpicker/repository/WidgetsRepositoryImpl.kt:202:47 Unresolved reference 'componentName'.
e: file:///data/data/com.termux/files/home/Launcher3/src/com/android/launcher3/widgetpicker/repository/WidgetsRepositoryImpl.kt:202:75 Unresolved reference 'user'.
e: file:///data/data/com.termux/files/home/Launcher3/src/com/android/launcher3/widgetpicker/repository/WidgetsRepositoryImpl.kt:204:25 Cannot access 'ComponentKey' which is a supertype of 'com.android.launcher3.model.WidgetItem'. Check your module classpath for missing or conflicting dependencies.
e: file:///data/data/com.termux/files/home/Launcher3/src/com/android/launcher3/widgetpicker/repository/WidgetsRepositoryImpl.kt:205:31 Cannot access 'ComponentKey' which is a supertype of 'com.android.launcher3.model.WidgetItem'. Check your module classpath for missing or conflicting dependencies.
e: file:///data/data/com.termux/files/home/Launcher3/src/com/android/launcher3/widgetpicker/repository/WidgetsRepositoryImpl.kt:207:25 Cannot access 'ComponentKey' which is a supertype of 'com.android.launcher3.model.WidgetItem'. Check your module classpath for missing or conflicting dependencies.
e: file:///data/data/com.termux/files/home/Launcher3/src/com/android/launcher3/widgetpicker/repository/WidgetsRepositoryImpl.kt:208:25 Unresolved reference 'WidgetInfo'.
e: file:///data/data/com.termux/files/home/Launcher3/src/com/android/launcher3/widgetpicker/repository/WidgetsRepositoryImpl.kt:208:74 Cannot access 'ComponentKey' which is a supertype of 'com.android.launcher3.model.WidgetItem'. Check your module classpath for missing or conflicting dependencies.
e: file:///data/data/com.termux/files/home/Launcher3/src/com/android/launcher3/widgetpicker/repository/WidgetsRepositoryImpl.kt:209:32 Cannot access 'ComponentKey' which is a supertype of 'com.android.launcher3.model.WidgetItem'. Check your module classpath for missing or conflicting dependencies.
e: file:///data/data/com.termux/files/home/Launcher3/src/com/android/launcher3/widgetpicker/repository/WidgetsRepositoryImpl.kt:210:25 Unresolved reference 'WidgetInfo'.
e: file:///data/data/com.termux/files/home/Launcher3/src/com/android/launcher3/widgetpicker/repository/WidgetsRepositoryImpl.kt:210:78 Cannot access 'ComponentKey' which is a supertype of 'com.android.launcher3.model.WidgetItem'. Check your module classpath for missing or conflicting dependencies.
e: file:///data/data/com.termux/files/home/Launcher3/src/com/android/launcher3/widgetpicker/repository/WidgetsRepositoryImpl.kt:210:91 Cannot access 'CachedObject' which is a supertype of 'com.android.launcher3.pm.ShortcutConfigActivityInfo.ShortcutConfigActivityInfoVO'. Check your module classpath for missing or conflicting dependencies.
e: file:///data/data/com.termux/files/home/Launcher3/src/com/android/launcher3/widgetpicker/repository/WidgetsRepositoryImpl.kt:212:31 Cannot access 'ComponentKey' which is a supertype of 'com.android.launcher3.model.WidgetItem'. Check your module classpath for missing or conflicting dependencies.
e: file:///data/data/com.termux/files/home/Launcher3/src/com/android/launcher3/widgetpicker/repository/WidgetsRepositoryImpl.kt:213:25 Unresolved reference 'WidgetInfo'.
e: file:///data/data/com.termux/files/home/Launcher3/src/com/android/launcher3/widgetpicker/repository/WidgetsRepositoryImpl.kt:214:45 Cannot access 'ComponentKey' which is a supertype of 'com.android.launcher3.model.WidgetItem'. Check your module classpath for missing or conflicting dependencies.
e: file:///data/data/com.termux/files/home/Launcher3/src/com/android/launcher3/widgetpicker/repository/WidgetsRepositoryImpl.kt:214:58 Cannot access 'CachedObject' which is a supertype of 'com.android.launcher3.pm.ShortcutConfigActivityInfo'. Check your module classpath for missing or conflicting dependencies.
e: file:///data/data/com.termux/files/home/Launcher3/src/com/android/launcher3/widgetpicker/repository/WidgetsRepositoryImpl.kt:215:36 Cannot access 'ComponentKey' which is a supertype of 'com.android.launcher3.model.WidgetItem'. Check your module classpath for missing or conflicting dependencies.
e: file:///data/data/com.termux/files/home/Launcher3/src/com/android/launcher3/widgetpicker/repository/WidgetsRepositoryImpl.kt:215:49 Cannot access 'CachedObject' which is a supertype of 'com.android.launcher3.pm.ShortcutConfigActivityInfo'. Check your module classpath for missing or conflicting dependencies.
e: file:///data/data/com.termux/files/home/Launcher3/src/com/android/launcher3/widgetpicker/repository/WidgetsRepositoryImpl.kt:219:21 Unresolved reference 'WidgetSizeInfo'.
e: file:///data/data/com.termux/files/home/Launcher3/src/com/android/launcher3/widgetpicker/repository/WidgetsRepositoryImpl.kt:220:33 Cannot access 'ComponentKey' which is a supertype of 'com.android.launcher3.model.WidgetItem'. Check your module classpath for missing or conflicting dependencies.
e: file:///data/data/com.termux/files/home/Launcher3/src/com/android/launcher3/widgetpicker/repository/WidgetsRepositoryImpl.kt:221:33 Cannot access 'ComponentKey' which is a supertype of 'com.android.launcher3.model.WidgetItem'. Check your module classpath for missing or conflicting dependencies.
e: file:///data/data/com.termux/files/home/Launcher3/src/com/android/launcher3/widgetpicker/theme/LauncherWidgetPickerColors.kt:25:43 Unresolved reference 'ui'.
e: file:///data/data/com.termux/files/home/Launcher3/src/com/android/launcher3/widgetpicker/theme/LauncherWidgetPickerColors.kt:35:4 Unresolved reference 'WidgetPickerColors'.
e: file:///data/data/com.termux/files/home/Launcher3/src/com/android/launcher3/widgetpicker/theme/LauncherWidgetPickerColors.kt:50:12 Unresolved reference 'WidgetPickerColors'.
e: file:///data/data/com.termux/files/home/Launcher3/src/com/android/launcher3/widgetpicker/theme/LauncherWidgetPickerColors.kt:142:4 Unresolved reference 'WidgetPickerColors'.
e: file:///data/data/com.termux/files/home/Launcher3/src/com/android/launcher3/widgetpicker/theme/LauncherWidgetPickerColors.kt:157:12 Unresolved reference 'WidgetPickerColors'.
e: file:///data/data/com.termux/files/home/Launcher3/src/com/android/launcher3/widgetpicker/theme/LauncherWidgetPickerTheme.kt:22:43 Unresolved reference 'ui'.
e: file:///data/data/com.termux/files/home/Launcher3/src/com/android/launcher3/widgetpicker/theme/LauncherWidgetPickerTheme.kt:45:9 Unresolved reference 'WidgetPickerTheme'.
e: file:///data/data/com.termux/files/home/Launcher3/src/com/android/launcher3/widgetpicker/theme/LauncherWidgetPickerTheme.kt:49:13 @Composable invocations can only happen from the context of a @Composable function
e: file:///data/data/com.termux/files/home/Launcher3/src/com/android/launcher3/widgetpicker/theme/LauncherWidgetPickerTypography.kt:22:43 Unresolved reference 'ui'.
e: file:///data/data/com.termux/files/home/Launcher3/src/com/android/launcher3/widgetpicker/theme/LauncherWidgetPickerTypography.kt:29:39 Unresolved reference 'WidgetPickerTextStyles'.
e: file:///data/data/com.termux/files/home/Launcher3/src/com/android/launcher3/widgetpicker/theme/LauncherWidgetPickerTypography.kt:34:12 Unresolved reference 'WidgetPickerTextStyles'.
e: file:///data/data/com.termux/files/home/Launcher3/src/com/android/launcher3/workspacefunctions/LauncherInstalledAppsProvider.kt:21:30 Unresolved reference 'appfunctions'.
e: file:///data/data/com.termux/files/home/Launcher3/src/com/android/launcher3/workspacefunctions/LauncherInstalledAppsProvider.kt:22:37 Unresolved reference 'ApplicationContext'.
e: file:///data/data/com.termux/files/home/Launcher3/src/com/android/launcher3/workspacefunctions/LauncherInstalledAppsProvider.kt:35:6 Unresolved reference 'ApplicationContext'.
e: file:///data/data/com.termux/files/home/Launcher3/src/com/android/launcher3/workspacefunctions/LauncherInstalledAppsProvider.kt:37:5 Unresolved reference 'InstalledItemsProvider'.
e: file:///data/data/com.termux/files/home/Launcher3/src/com/android/launcher3/workspacefunctions/LauncherInstalledAppsProvider.kt:41:5 'getInstalledItems' overrides nothing.
e: file:///data/data/com.termux/files/home/Launcher3/src/com/android/launcher3/workspacefunctions/LauncherInstalledAppsProvider.kt:47:42 Unresolved reference 'it'.
e: file:///data/data/com.termux/files/home/Launcher3/src/com/android/launcher3/workspacefunctions/LauncherInstalledAppsProvider.kt:47:53 Unresolved reference 'it'.
e: file:///data/data/com.termux/files/home/Launcher3/src/com/android/launcher3/workspacefunctions/LauncherInstalledWidgetsProvider.kt:18:30 Unresolved reference 'appfunctions'.
e: file:///data/data/com.termux/files/home/Launcher3/src/com/android/launcher3/workspacefunctions/LauncherInstalledWidgetsProvider.kt:37:5 Unresolved reference 'InstalledItemsProvider'.
e: file:///data/data/com.termux/files/home/Launcher3/src/com/android/launcher3/workspacefunctions/LauncherInstalledWidgetsProvider.kt:39:5 'getInstalledItems' overrides nothing.
e: file:///data/data/com.termux/files/home/Launcher3/src/com/android/launcher3/workspacefunctions/LauncherInstalledWidgetsProvider.kt:44:46 Unresolved reference. None of the following candidates is applicable because of a receiver type mismatch:
fun ExecutorService.asCoroutineDispatcher(): ExecutorCoroutineDispatcher
e: file:///data/data/com.termux/files/home/Launcher3/src/com/android/launcher3/workspacefunctions/LauncherInstalledWidgetsProvider.kt:48:83 Cannot access 'ComponentKey' which is a supertype of 'com.android.launcher3.model.WidgetItem'. Check your module classpath for missing or conflicting dependencies.
e: file:///data/data/com.termux/files/home/Launcher3/src/com/android/launcher3/workspacefunctions/LauncherWorkspaceProvider.kt:18:30 Unresolved reference 'appfunctions'.
e: file:///data/data/com.termux/files/home/Launcher3/src/com/android/launcher3/workspacefunctions/LauncherWorkspaceProvider.kt:27:5 Unresolved reference 'WorkspaceProvider'.
e: file:///data/data/com.termux/files/home/Launcher3/src/com/android/launcher3/workspacefunctions/LauncherWorkspaceProvider.kt:29:5 'getWorkspace' overrides nothing.
e: file:///data/data/com.termux/files/home/Launcher3/src/com/android/launcher3/workspacefunctions/NoOpWorkspaceFunctionsModule.kt:18:30 Unresolved reference 'appfunctions'.
e: file:///data/data/com.termux/files/home/Launcher3/src/com/android/launcher3/workspacefunctions/NoOpWorkspaceFunctionsModule.kt:19:30 Unresolved reference 'appfunctions'.
e: file:///data/data/com.termux/files/home/Launcher3/src/com/android/launcher3/workspacefunctions/NoOpWorkspaceFunctionsModule.kt:20:30 Unresolved reference 'appfunctions'.
e: file:///data/data/com.termux/files/home/Launcher3/src/com/android/launcher3/workspacefunctions/NoOpWorkspaceFunctionsModule.kt:21:30 Unresolved reference 'appfunctions'.
e: file:///data/data/com.termux/files/home/Launcher3/src/com/android/launcher3/workspacefunctions/NoOpWorkspaceFunctionsModule.kt:22:30 Unresolved reference 'appfunctions'.
e: file:///data/data/com.termux/files/home/Launcher3/src/com/android/launcher3/workspacefunctions/NoOpWorkspaceFunctionsModule.kt:23:30 Unresolved reference 'appfunctions'.
e: file:///data/data/com.termux/files/home/Launcher3/src/com/android/launcher3/workspacefunctions/NoOpWorkspaceFunctionsModule.kt:24:30 Unresolved reference 'appfunctions'.
e: file:///data/data/com.termux/files/home/Launcher3/src/com/android/launcher3/workspacefunctions/NoOpWorkspaceFunctionsModule.kt:36:41 Unresolved reference 'WorkspaceAppFunctions'.
e: file:///data/data/com.termux/files/home/Launcher3/src/com/android/launcher3/workspacefunctions/NoOpWorkspaceFunctionsModule.kt:37:16 Unresolved reference 'WorkspaceAppFunctions'.
e: file:///data/data/com.termux/files/home/Launcher3/src/com/android/launcher3/workspacefunctions/NoOpWorkspaceFunctionsModule.kt:40:45 Unresolved reference 'WorkspaceRepository'.
e: file:///data/data/com.termux/files/home/Launcher3/src/com/android/launcher3/workspacefunctions/NoOpWorkspaceFunctionsModule.kt:41:9 'getWorkspace' overrides nothing.
e: file:///data/data/com.termux/files/home/Launcher3/src/com/android/launcher3/workspacefunctions/NoOpWorkspaceFunctionsModule.kt:41:46 Unresolved reference 'WorkspaceSpec'.
e: file:///data/data/com.termux/files/home/Launcher3/src/com/android/launcher3/workspacefunctions/NoOpWorkspaceFunctionsModule.kt:42:20 Unresolved reference 'WorkspaceSpec'.
e: file:///data/data/com.termux/files/home/Launcher3/src/com/android/launcher3/workspacefunctions/NoOpWorkspaceFunctionsModule.kt:43:27 Cannot infer type for this parameter. Please specify it explicitly.
e: file:///data/data/com.termux/files/home/Launcher3/src/com/android/launcher3/workspacefunctions/NoOpWorkspaceFunctionsModule.kt:44:27 Unresolved reference 'HotseatSpec'.
e: file:///data/data/com.termux/files/home/Launcher3/src/com/android/launcher3/workspacefunctions/NoOpWorkspaceFunctionsModule.kt:44:39 Cannot infer type for this parameter. Please specify it explicitly.
e: file:///data/data/com.termux/files/home/Launcher3/src/com/android/launcher3/workspacefunctions/NoOpWorkspaceFunctionsModule.kt:50:9 'getInstalledApps' overrides nothing.
e: file:///data/data/com.termux/files/home/Launcher3/src/com/android/launcher3/workspacefunctions/NoOpWorkspaceFunctionsModule.kt:50:81 Unresolved reference 'UnplacedAppSpec'.
e: file:///data/data/com.termux/files/home/Launcher3/src/com/android/launcher3/workspacefunctions/NoOpWorkspaceFunctionsModule.kt:51:20 Cannot infer type for this parameter. Please specify it explicitly.
e: file:///data/data/com.termux/files/home/Launcher3/src/com/android/launcher3/workspacefunctions/NoOpWorkspaceFunctionsModule.kt:51:20 Not enough information to infer type argument for 'T'.
e: file:///data/data/com.termux/files/home/Launcher3/src/com/android/launcher3/workspacefunctions/NoOpWorkspaceFunctionsModule.kt:54:9 'getInstalledWidgets' overrides nothing.
e: file:///data/data/com.termux/files/home/Launcher3/src/com/android/launcher3/workspacefunctions/NoOpWorkspaceFunctionsModule.kt:56:17 Unresolved reference 'UnplacedWidgetSpec'.
e: file:///data/data/com.termux/files/home/Launcher3/src/com/android/launcher3/workspacefunctions/NoOpWorkspaceFunctionsModule.kt:57:20 Cannot infer type for this parameter. Please specify it explicitly.
e: file:///data/data/com.termux/files/home/Launcher3/src/com/android/launcher3/workspacefunctions/NoOpWorkspaceFunctionsModule.kt:57:20 Not enough information to infer type argument for 'T'.
e: file:///data/data/com.termux/files/home/Launcher3/src/com/android/launcher3/workspacefunctions/NoOpWorkspaceFunctionsModule.kt:60:9 'newTransaction' overrides nothing.
e: file:///data/data/com.termux/files/home/Launcher3/src/com/android/launcher3/workspacefunctions/NoOpWorkspaceFunctionsModule.kt:60:40 Unresolved reference 'WorkspaceTransaction'.
e: file:///data/data/com.termux/files/home/Launcher3/src/com/android/launcher3/workspacefunctions/WorkspaceFunctionsComponent.kt:18:30 Unresolved reference 'appfunctions'.
e: file:///data/data/com.termux/files/home/Launcher3/src/com/android/launcher3/workspacefunctions/WorkspaceFunctionsComponent.kt:28:35 Unresolved reference 'WorkspaceRepository'.
e: file:///data/data/com.termux/files/home/Launcher3/src/com/android/launcher3/workspacefunctions/WorkspaceFunctionsModule.kt:19:30 Unresolved reference 'Flags'.
e: file:///data/data/com.termux/files/home/Launcher3/src/com/android/launcher3/workspacefunctions/WorkspaceFunctionsModule.kt:20:30 Unresolved reference 'appfunctions'.
e: file:///data/data/com.termux/files/home/Launcher3/src/com/android/launcher3/workspacefunctions/WorkspaceFunctionsModule.kt:21:30 Unresolved reference 'appfunctions'.
e: file:///data/data/com.termux/files/home/Launcher3/src/com/android/launcher3/workspacefunctions/WorkspaceFunctionsModule.kt:22:30 Unresolved reference 'appfunctions'.
e: file:///data/data/com.termux/files/home/Launcher3/src/com/android/launcher3/workspacefunctions/WorkspaceFunctionsModule.kt:23:30 Unresolved reference 'appfunctions'.
e: file:///data/data/com.termux/files/home/Launcher3/src/com/android/launcher3/workspacefunctions/WorkspaceFunctionsModule.kt:24:30 Unresolved reference 'appfunctions'.
e: file:///data/data/com.termux/files/home/Launcher3/src/com/android/launcher3/workspacefunctions/WorkspaceFunctionsModule.kt:25:30 Unresolved reference 'appfunctions'.
e: file:///data/data/com.termux/files/home/Launcher3/src/com/android/launcher3/workspacefunctions/WorkspaceFunctionsModule.kt:56:8 Unresolved reference 'WorkspaceRepository'.
e: file:///data/data/com.termux/files/home/Launcher3/src/com/android/launcher3/workspacefunctions/WorkspaceFunctionsModule.kt:61:8 Unresolved reference 'InstalledItemsProvider'.
e: file:///data/data/com.termux/files/home/Launcher3/src/com/android/launcher3/workspacefunctions/WorkspaceFunctionsModule.kt:66:8 Unresolved reference 'InstalledItemsProvider'.
e: file:///data/data/com.termux/files/home/Launcher3/src/com/android/launcher3/workspacefunctions/WorkspaceFunctionsModule.kt:73:30 Unresolved reference 'WorkspaceTypeTranslator'.
e: file:///data/data/com.termux/files/home/Launcher3/src/com/android/launcher3/workspacefunctions/WorkspaceFunctionsModule.kt:80:30 Unresolved reference 'UnplacedAppTypeTranslator'.
e: file:///data/data/com.termux/files/home/Launcher3/src/com/android/launcher3/workspacefunctions/WorkspaceFunctionsModule.kt:87:30 Unresolved reference 'UnplacedWidgetTypeTranslator'.
e: file:///data/data/com.termux/files/home/Launcher3/src/com/android/launcher3/workspacefunctions/WorkspaceFunctionsModule.kt:135:25 Unresolved reference 'WorkspaceRepository'.
e: file:///data/data/com.termux/files/home/Launcher3/src/com/android/launcher3/workspacefunctions/WorkspaceFunctionsModule.kt:136:12 Unresolved reference 'WorkspaceAppFunctions'.
e: file:///data/data/com.termux/files/home/Launcher3/src/com/android/launcher3/workspacefunctions/WorkspaceFunctionsModule.kt:137:20 Unresolved reference 'WorkspaceAppFunctions'.
e: file:///data/data/com.termux/files/home/Launcher3/src/com/android/launcher3/workspacefunctions/WorkspaceRepositoryImpl.kt:19:30 Unresolved reference 'appfunctions'.
e: file:///data/data/com.termux/files/home/Launcher3/src/com/android/launcher3/workspacefunctions/WorkspaceRepositoryImpl.kt:20:30 Unresolved reference 'appfunctions'.
e: file:///data/data/com.termux/files/home/Launcher3/src/com/android/launcher3/workspacefunctions/WorkspaceRepositoryImpl.kt:21:30 Unresolved reference 'appfunctions'.
e: file:///data/data/com.termux/files/home/Launcher3/src/com/android/launcher3/workspacefunctions/WorkspaceRepositoryImpl.kt:22:30 Unresolved reference 'appfunctions'.
e: file:///data/data/com.termux/files/home/Launcher3/src/com/android/launcher3/workspacefunctions/WorkspaceRepositoryImpl.kt:23:30 Unresolved reference 'appfunctions'.
e: file:///data/data/com.termux/files/home/Launcher3/src/com/android/launcher3/workspacefunctions/WorkspaceRepositoryImpl.kt:24:30 Unresolved reference 'appfunctions'.
e: file:///data/data/com.termux/files/home/Launcher3/src/com/android/launcher3/workspacefunctions/WorkspaceRepositoryImpl.kt:40:40 Unresolved reference 'InstalledItemsProvider'.
e: file:///data/data/com.termux/files/home/Launcher3/src/com/android/launcher3/workspacefunctions/WorkspaceRepositoryImpl.kt:41:43 Unresolved reference 'InstalledItemsProvider'.
e: file:///data/data/com.termux/files/home/Launcher3/src/com/android/launcher3/workspacefunctions/WorkspaceRepositoryImpl.kt:43:5 Unresolved reference 'WorkspaceRepository'.
e: file:///data/data/com.termux/files/home/Launcher3/src/com/android/launcher3/workspacefunctions/WorkspaceRepositoryImpl.kt:45:5 'getWorkspace' overrides nothing.
e: file:///data/data/com.termux/files/home/Launcher3/src/com/android/launcher3/workspacefunctions/WorkspaceRepositoryImpl.kt:45:42 Unresolved reference 'WorkspaceSpec'.
e: file:///data/data/com.termux/files/home/Launcher3/src/com/android/launcher3/workspacefunctions/WorkspaceRepositoryImpl.kt:47:28 Cannot infer type for this parameter. Please specify it explicitly.
e: file:///data/data/com.termux/files/home/Launcher3/src/com/android/launcher3/workspacefunctions/WorkspaceRepositoryImpl.kt:47:28 Not enough information to infer type argument for 'Target'.
e: file:///data/data/com.termux/files/home/Launcher3/src/com/android/launcher3/workspacefunctions/WorkspaceRepositoryImpl.kt:50:5 'getInstalledApps' overrides nothing.
e: file:///data/data/com.termux/files/home/Launcher3/src/com/android/launcher3/workspacefunctions/WorkspaceRepositoryImpl.kt:50:77 Unresolved reference 'UnplacedAppSpec'.
e: file:///data/data/com.termux/files/home/Launcher3/src/com/android/launcher3/workspacefunctions/WorkspaceRepositoryImpl.kt:51:42 Unresolved reference 'getInstalledItems'.
e: file:///data/data/com.termux/files/home/Launcher3/src/com/android/launcher3/workspacefunctions/WorkspaceRepositoryImpl.kt:52:25 Cannot infer type for this parameter. Please specify it explicitly.
e: file:///data/data/com.termux/files/home/Launcher3/src/com/android/launcher3/workspacefunctions/WorkspaceRepositoryImpl.kt:52:39 Cannot infer type for this parameter. Please specify it explicitly.
e: file:///data/data/com.termux/files/home/Launcher3/src/com/android/launcher3/workspacefunctions/WorkspaceRepositoryImpl.kt:52:49 Unresolved reference 'it'.
e: file:///data/data/com.termux/files/home/Launcher3/src/com/android/launcher3/workspacefunctions/WorkspaceRepositoryImpl.kt:55:5 'getInstalledWidgets' overrides nothing.
e: file:///data/data/com.termux/files/home/Launcher3/src/com/android/launcher3/workspacefunctions/WorkspaceRepositoryImpl.kt:55:80 Unresolved reference 'UnplacedWidgetSpec'.
e: file:///data/data/com.termux/files/home/Launcher3/src/com/android/launcher3/workspacefunctions/WorkspaceRepositoryImpl.kt:56:48 Unresolved reference 'getInstalledItems'.
e: file:///data/data/com.termux/files/home/Launcher3/src/com/android/launcher3/workspacefunctions/WorkspaceRepositoryImpl.kt:57:28 Cannot infer type for this parameter. Please specify it explicitly.
e: file:///data/data/com.termux/files/home/Launcher3/src/com/android/launcher3/workspacefunctions/WorkspaceRepositoryImpl.kt:57:42 Cannot infer type for this parameter. Please specify it explicitly.
e: file:///data/data/com.termux/files/home/Launcher3/src/com/android/launcher3/workspacefunctions/WorkspaceRepositoryImpl.kt:57:52 Unresolved reference 'it'.
e: file:///data/data/com.termux/files/home/Launcher3/src/com/android/launcher3/workspacefunctions/WorkspaceRepositoryImpl.kt:60:5 'newTransaction' overrides nothing.
e: file:///data/data/com.termux/files/home/Launcher3/src/com/android/launcher3/workspacefunctions/WorkspaceRepositoryImpl.kt:60:36 Unresolved reference 'WorkspaceTransaction'.
e: file:///data/data/com.termux/files/home/Launcher3/src/com/android/launcher3/workspacefunctions/WorkspaceTransactionImpl.kt:19:30 Unresolved reference 'appfunctions'.
e: file:///data/data/com.termux/files/home/Launcher3/src/com/android/launcher3/workspacefunctions/WorkspaceTransactionImpl.kt:20:30 Unresolved reference 'appfunctions'.
e: file:///data/data/com.termux/files/home/Launcher3/src/com/android/launcher3/workspacefunctions/WorkspaceTransactionImpl.kt:21:30 Unresolved reference 'appfunctions'.
e: file:///data/data/com.termux/files/home/Launcher3/src/com/android/launcher3/workspacefunctions/WorkspaceTransactionImpl.kt:30:34 Unresolved reference 'WorkspaceTransaction'.
e: file:///data/data/com.termux/files/home/Launcher3/src/com/android/launcher3/workspacefunctions/WorkspaceTransactionImpl.kt:32:5 'removeItem' overrides nothing.
e: file:///data/data/com.termux/files/home/Launcher3/src/com/android/launcher3/workspacefunctions/WorkspaceTransactionImpl.kt:32:37 Unresolved reference 'RemoveItemParamsSpec'.
e: file:///data/data/com.termux/files/home/Launcher3/src/com/android/launcher3/workspacefunctions/WorkspaceTransactionImpl.kt:32:60 Unresolved reference 'WorkspaceTransaction'.
e: file:///data/data/com.termux/files/home/Launcher3/src/com/android/launcher3/workspacefunctions/WorkspaceTransactionImpl.kt:36:5 'commit' overrides nothing.
e: file:///data/data/com.termux/files/home/Launcher3/src/com/android/launcher3/workspacefunctions/WorkspaceTransactionImpl.kt:36:36 Unresolved reference 'WorkspaceSpec'.
e: file:///data/data/com.termux/files/home/Launcher3/src/com/android/launcher3/workspacefunctions/testing/FakeWorkspaceRepository.kt:19:30 Unresolved reference 'appfunctions'.
e: file:///data/data/com.termux/files/home/Launcher3/src/com/android/launcher3/workspacefunctions/testing/FakeWorkspaceRepository.kt:20:30 Unresolved reference 'appfunctions'.
e: file:///data/data/com.termux/files/home/Launcher3/src/com/android/launcher3/workspacefunctions/testing/FakeWorkspaceRepository.kt:21:30 Unresolved reference 'appfunctions'.
e: file:///data/data/com.termux/files/home/Launcher3/src/com/android/launcher3/workspacefunctions/testing/FakeWorkspaceRepository.kt:22:30 Unresolved reference 'appfunctions'.
e: file:///data/data/com.termux/files/home/Launcher3/src/com/android/launcher3/workspacefunctions/testing/FakeWorkspaceRepository.kt:23:30 Unresolved reference 'appfunctions'.
e: file:///data/data/com.termux/files/home/Launcher3/src/com/android/launcher3/workspacefunctions/testing/FakeWorkspaceRepository.kt:24:30 Unresolved reference 'appfunctions'.
e: file:///data/data/com.termux/files/home/Launcher3/src/com/android/launcher3/workspacefunctions/testing/FakeWorkspaceRepository.kt:26:33 Unresolved reference 'WorkspaceRepository'.
e: file:///data/data/com.termux/files/home/Launcher3/src/com/android/launcher3/workspacefunctions/testing/FakeWorkspaceRepository.kt:27:21 Unresolved reference 'WorkspaceSpec'.
e: file:///data/data/com.termux/files/home/Launcher3/src/com/android/launcher3/workspacefunctions/testing/FakeWorkspaceRepository.kt:27:35 Cannot infer type for this parameter. Please specify it explicitly.
e: file:///data/data/com.termux/files/home/Launcher3/src/com/android/launcher3/workspacefunctions/testing/FakeWorkspaceRepository.kt:27:48 Unresolved reference 'HotseatSpec'.
e: file:///data/data/com.termux/files/home/Launcher3/src/com/android/launcher3/workspacefunctions/testing/FakeWorkspaceRepository.kt:27:60 Cannot infer type for this parameter. Please specify it explicitly.
e: file:///data/data/com.termux/files/home/Launcher3/src/com/android/launcher3/workspacefunctions/testing/FakeWorkspaceRepository.kt:30:5 'getWorkspace' overrides nothing.
e: file:///data/data/com.termux/files/home/Launcher3/src/com/android/launcher3/workspacefunctions/testing/FakeWorkspaceRepository.kt:30:42 Unresolved reference 'WorkspaceSpec'.
e: file:///data/data/com.termux/files/home/Launcher3/src/com/android/launcher3/workspacefunctions/testing/FakeWorkspaceRepository.kt:32:5 'newTransaction' overrides nothing.
e: file:///data/data/com.termux/files/home/Launcher3/src/com/android/launcher3/workspacefunctions/testing/FakeWorkspaceRepository.kt:32:36 Unresolved reference 'WorkspaceTransaction'.
e: file:///data/data/com.termux/files/home/Launcher3/src/com/android/launcher3/workspacefunctions/testing/FakeWorkspaceRepository.kt:37:5 'getInstalledApps' overrides nothing.
e: file:///data/data/com.termux/files/home/Launcher3/src/com/android/launcher3/workspacefunctions/testing/FakeWorkspaceRepository.kt:37:77 Unresolved reference 'UnplacedAppSpec'.
e: file:///data/data/com.termux/files/home/Launcher3/src/com/android/launcher3/workspacefunctions/testing/FakeWorkspaceRepository.kt:37:96 Cannot infer type for this parameter. Please specify it explicitly.
e: file:///data/data/com.termux/files/home/Launcher3/src/com/android/launcher3/workspacefunctions/testing/FakeWorkspaceRepository.kt:37:96 Not enough information to infer type argument for 'T'.
e: file:///data/data/com.termux/files/home/Launcher3/src/com/android/launcher3/workspacefunctions/testing/FakeWorkspaceRepository.kt:39:5 'getInstalledWidgets' overrides nothing.
e: file:///data/data/com.termux/files/home/Launcher3/src/com/android/launcher3/workspacefunctions/testing/FakeWorkspaceRepository.kt:39:80 Unresolved reference 'UnplacedWidgetSpec'.
e: file:///data/data/com.termux/files/home/Launcher3/src/com/android/launcher3/workspacefunctions/testing/FakeWorkspaceRepository.kt:39:102 Cannot infer type for this parameter. Please specify it explicitly.
e: file:///data/data/com.termux/files/home/Launcher3/src/com/android/launcher3/workspacefunctions/testing/FakeWorkspaceRepository.kt:39:102 Not enough information to infer type argument for 'T'.
e: file:///data/data/com.termux/files/home/Launcher3/src/com/android/launcher3/workspacefunctions/testing/FakeWorkspaceTransaction.kt:19:30 Unresolved reference 'appfunctions'.
e: file:///data/data/com.termux/files/home/Launcher3/src/com/android/launcher3/workspacefunctions/testing/FakeWorkspaceTransaction.kt:20:30 Unresolved reference 'appfunctions'.
e: file:///data/data/com.termux/files/home/Launcher3/src/com/android/launcher3/workspacefunctions/testing/FakeWorkspaceTransaction.kt:21:30 Unresolved reference 'appfunctions'.
e: file:///data/data/com.termux/files/home/Launcher3/src/com/android/launcher3/workspacefunctions/testing/FakeWorkspaceTransaction.kt:22:30 Unresolved reference 'appfunctions'.
e: file:///data/data/com.termux/files/home/Launcher3/src/com/android/launcher3/workspacefunctions/testing/FakeWorkspaceTransaction.kt:24:34 Unresolved reference 'WorkspaceTransaction'.
e: file:///data/data/com.termux/files/home/Launcher3/src/com/android/launcher3/workspacefunctions/testing/FakeWorkspaceTransaction.kt:25:31 Unresolved reference 'RemoveItemParamsSpec'.
e: file:///data/data/com.termux/files/home/Launcher3/src/com/android/launcher3/workspacefunctions/testing/FakeWorkspaceTransaction.kt:28:5 'removeItem' overrides nothing.
e: file:///data/data/com.termux/files/home/Launcher3/src/com/android/launcher3/workspacefunctions/testing/FakeWorkspaceTransaction.kt:28:37 Unresolved reference 'RemoveItemParamsSpec'.
e: file:///data/data/com.termux/files/home/Launcher3/src/com/android/launcher3/workspacefunctions/testing/FakeWorkspaceTransaction.kt:28:60 Unresolved reference 'WorkspaceTransaction'.
e: file:///data/data/com.termux/files/home/Launcher3/src/com/android/launcher3/workspacefunctions/testing/FakeWorkspaceTransaction.kt:33:5 'commit' overrides nothing.
e: file:///data/data/com.termux/files/home/Launcher3/src/com/android/launcher3/workspacefunctions/testing/FakeWorkspaceTransaction.kt:33:36 Unresolved reference 'WorkspaceSpec'.
e: file:///data/data/com.termux/files/home/Launcher3/src/com/android/launcher3/workspacefunctions/testing/FakeWorkspaceTransaction.kt:35:16 Unresolved reference 'WorkspaceSpec'.
e: file:///data/data/com.termux/files/home/Launcher3/src/com/android/launcher3/workspacefunctions/testing/FakeWorkspaceTransaction.kt:35:30 Cannot infer type for this parameter. Please specify it explicitly.
e: file:///data/data/com.termux/files/home/Launcher3/src/com/android/launcher3/workspacefunctions/testing/FakeWorkspaceTransaction.kt:35:43 Unresolved reference 'HotseatSpec'.
e: file:///data/data/com.termux/files/home/Launcher3/src/com/android/launcher3/workspacefunctions/testing/FakeWorkspaceTransaction.kt:35:55 Cannot infer type for this parameter. Please specify it explicitly.
e: file:///data/data/com.termux/files/home/Launcher3/src/com/android/launcher3/workspacefunctions/translators/ItemInfoTranslators.kt:18:30 Unresolved reference 'appfunctions'.
e: file:///data/data/com.termux/files/home/Launcher3/src/com/android/launcher3/workspacefunctions/translators/ItemInfoTranslators.kt:19:30 Unresolved reference 'appfunctions'.
e: file:///data/data/com.termux/files/home/Launcher3/src/com/android/launcher3/workspacefunctions/translators/ItemInfoTranslators.kt:20:30 Unresolved reference 'appfunctions'.
e: file:///data/data/com.termux/files/home/Launcher3/src/com/android/launcher3/workspacefunctions/translators/ItemInfoTranslators.kt:21:30 Unresolved reference 'appfunctions'.
e: file:///data/data/com.termux/files/home/Launcher3/src/com/android/launcher3/workspacefunctions/translators/ItemInfoTranslators.kt:32:51 Unresolved reference 'Translator'.
e: file:///data/data/com.termux/files/home/Launcher3/src/com/android/launcher3/workspacefunctions/translators/ItemInfoTranslators.kt:32:78 Unresolved reference 'WorkspaceItemSpec'.
e: file:///data/data/com.termux/files/home/Launcher3/src/com/android/launcher3/workspacefunctions/translators/ItemInfoTranslators.kt:35:49 Unresolved reference 'Translator'.
e: file:///data/data/com.termux/files/home/Launcher3/src/com/android/launcher3/workspacefunctions/translators/ItemInfoTranslators.kt:35:76 Unresolved reference 'HotseatItemSpec'.
e: file:///data/data/com.termux/files/home/Launcher3/src/com/android/launcher3/workspacefunctions/translators/ItemInfoTranslators.kt:38:49 Unresolved reference 'Translator'.
e: file:///data/data/com.termux/files/home/Launcher3/src/com/android/launcher3/workspacefunctions/translators/ItemInfoTranslators.kt:38:63 Unresolved reference 'AppInFolderSpec'.
e: file:///data/data/com.termux/files/home/Launcher3/src/com/android/launcher3/workspacefunctions/translators/ItemInfoTranslators.kt:43:5 'toSpec' overrides nothing.
e: file:///data/data/com.termux/files/home/Launcher3/src/com/android/launcher3/workspacefunctions/translators/ItemInfoTranslators.kt:43:63 Unresolved reference 'WorkspaceItemSpec'.
e: file:///data/data/com.termux/files/home/Launcher3/src/com/android/launcher3/workspacefunctions/translators/ItemInfoTranslators.kt:45:16 Unresolved reference 'WorkspaceItemSpec'.
e: file:///data/data/com.termux/files/home/Launcher3/src/com/android/launcher3/workspacefunctions/translators/ItemInfoTranslators.kt:59:5 'toSpec' overrides nothing.
e: file:///data/data/com.termux/files/home/Launcher3/src/com/android/launcher3/workspacefunctions/translators/ItemInfoTranslators.kt:59:63 Unresolved reference 'HotseatItemSpec'.
e: file:///data/data/com.termux/files/home/Launcher3/src/com/android/launcher3/workspacefunctions/translators/ItemInfoTranslators.kt:61:16 Unresolved reference 'HotseatItemSpec'.
e: file:///data/data/com.termux/files/home/Launcher3/src/com/android/launcher3/workspacefunctions/translators/ItemInfoTranslators.kt:72:5 'toSpec' overrides nothing.
e: file:///data/data/com.termux/files/home/Launcher3/src/com/android/launcher3/workspacefunctions/translators/ItemInfoTranslators.kt:72:50 Unresolved reference 'AppInFolderSpec'.
e: file:///data/data/com.termux/files/home/Launcher3/src/com/android/launcher3/workspacefunctions/translators/ItemInfoTranslators.kt:73:16 Unresolved reference 'AppInFolderSpec'.
e: file:///data/data/com.termux/files/home/Launcher3/src/com/android/launcher3/workspacefunctions/translators/ItemInfoTranslators.kt:84:5 'toSpec' overrides nothing.
e: file:///data/data/com.termux/files/home/Launcher3/src/com/android/launcher3/workspacefunctions/translators/ItemInfoTranslators.kt:84:67 Unresolved reference 'WorkspaceItemSpec'.
e: file:///data/data/com.termux/files/home/Launcher3/src/com/android/launcher3/workspacefunctions/translators/ItemInfoTranslators.kt:86:16 Unresolved reference 'WorkspaceItemSpec'.
e: file:///data/data/com.termux/files/home/Launcher3/src/com/android/launcher3/workspacefunctions/translators/ItemInfoTranslators.kt:101:5 'toSpec' overrides nothing.
e: file:///data/data/com.termux/files/home/Launcher3/src/com/android/launcher3/workspacefunctions/translators/ItemInfoTranslators.kt:101:56 Unresolved reference 'WorkspaceItemSpec'.
e: file:///data/data/com.termux/files/home/Launcher3/src/com/android/launcher3/workspacefunctions/translators/ItemInfoTranslators.kt:103:16 Unresolved reference 'WorkspaceItemSpec'.
e: file:///data/data/com.termux/files/home/Launcher3/src/com/android/launcher3/workspacefunctions/translators/ItemInfoTranslators.kt:108:49 Cannot infer type for this parameter. Please specify it explicitly.
e: file:///data/data/com.termux/files/home/Launcher3/src/com/android/launcher3/workspacefunctions/translators/ItemInfoTranslators.kt:108:53 Cannot infer type for this parameter. Please specify it explicitly.
e: file:///data/data/com.termux/files/home/Launcher3/src/com/android/launcher3/workspacefunctions/translators/ItemInfoTranslators.kt:109:33 Cannot infer type for this parameter. Please specify it explicitly.
e: file:///data/data/com.termux/files/home/Launcher3/src/com/android/launcher3/workspacefunctions/translators/ItemInfoTranslators.kt:118:5 'toSpec' overrides nothing.
e: file:///data/data/com.termux/files/home/Launcher3/src/com/android/launcher3/workspacefunctions/translators/ItemInfoTranslators.kt:118:56 Unresolved reference 'HotseatItemSpec'.
e: file:///data/data/com.termux/files/home/Launcher3/src/com/android/launcher3/workspacefunctions/translators/ItemInfoTranslators.kt:120:16 Unresolved reference 'HotseatItemSpec'.
e: file:///data/data/com.termux/files/home/Launcher3/src/com/android/launcher3/workspacefunctions/translators/ItemInfoTranslators.kt:123:49 Cannot infer type for this parameter. Please specify it explicitly.
e: file:///data/data/com.termux/files/home/Launcher3/src/com/android/launcher3/workspacefunctions/translators/ItemInfoTranslators.kt:123:53 Cannot infer type for this parameter. Please specify it explicitly.
e: file:///data/data/com.termux/files/home/Launcher3/src/com/android/launcher3/workspacefunctions/translators/ItemInfoTranslators.kt:124:33 Cannot infer type for this parameter. Please specify it explicitly.
e: file:///data/data/com.termux/files/home/Launcher3/src/com/android/launcher3/workspacefunctions/translators/LauncherUnplacedAppTranslator.kt:22:30 Unresolved reference 'appfunctions'.
e: file:///data/data/com.termux/files/home/Launcher3/src/com/android/launcher3/workspacefunctions/translators/LauncherUnplacedAppTranslator.kt:23:30 Unresolved reference 'appfunctions'.
e: file:///data/data/com.termux/files/home/Launcher3/src/com/android/launcher3/workspacefunctions/translators/LauncherUnplacedAppTranslator.kt:24:37 Unresolved reference 'ApplicationContext'.
e: file:///data/data/com.termux/files/home/Launcher3/src/com/android/launcher3/workspacefunctions/translators/LauncherUnplacedAppTranslator.kt:30:14 Unresolved reference 'ApplicationContext'.
e: file:///data/data/com.termux/files/home/Launcher3/src/com/android/launcher3/workspacefunctions/translators/LauncherUnplacedAppTranslator.kt:31:5 Unresolved reference 'UnplacedAppTypeTranslator'.
e: file:///data/data/com.termux/files/home/Launcher3/src/com/android/launcher3/workspacefunctions/translators/LauncherUnplacedAppTranslator.kt:32:5 'toSpec' overrides nothing.
e: file:///data/data/com.termux/files/home/Launcher3/src/com/android/launcher3/workspacefunctions/translators/LauncherUnplacedAppTranslator.kt:32:53 Unresolved reference 'UnplacedAppSpec'.
e: file:///data/data/com.termux/files/home/Launcher3/src/com/android/launcher3/workspacefunctions/translators/LauncherUnplacedAppTranslator.kt:33:16 Unresolved reference 'UnplacedAppSpec'.
e: file:///data/data/com.termux/files/home/Launcher3/src/com/android/launcher3/workspacefunctions/translators/LauncherUnplacedWidgetTranslator.kt:20:30 Unresolved reference 'appfunctions'.
e: file:///data/data/com.termux/files/home/Launcher3/src/com/android/launcher3/workspacefunctions/translators/LauncherUnplacedWidgetTranslator.kt:21:30 Unresolved reference 'appfunctions'.
e: file:///data/data/com.termux/files/home/Launcher3/src/com/android/launcher3/workspacefunctions/translators/LauncherUnplacedWidgetTranslator.kt:22:37 Unresolved reference 'ApplicationContext'.
e: file:///data/data/com.termux/files/home/Launcher3/src/com/android/launcher3/workspacefunctions/translators/LauncherUnplacedWidgetTranslator.kt:29:14 Unresolved reference 'ApplicationContext'.
e: file:///data/data/com.termux/files/home/Launcher3/src/com/android/launcher3/workspacefunctions/translators/LauncherUnplacedWidgetTranslator.kt:30:5 Unresolved reference 'UnplacedWidgetTypeTranslator'.
e: file:///data/data/com.termux/files/home/Launcher3/src/com/android/launcher3/workspacefunctions/translators/LauncherUnplacedWidgetTranslator.kt:31:5 'toSpec' overrides nothing.
e: file:///data/data/com.termux/files/home/Launcher3/src/com/android/launcher3/workspacefunctions/translators/LauncherUnplacedWidgetTranslator.kt:31:63 Unresolved reference 'UnplacedWidgetSpec'.
e: file:///data/data/com.termux/files/home/Launcher3/src/com/android/launcher3/workspacefunctions/translators/LauncherUnplacedWidgetTranslator.kt:32:16 Unresolved reference 'UnplacedWidgetSpec'.
e: file:///data/data/com.termux/files/home/Launcher3/src/com/android/launcher3/workspacefunctions/translators/LauncherUnplacedWidgetTranslator.kt:35:26 Cannot access 'CachedObject' which is a supertype of 'com.android.launcher3.widget.LauncherAppWidgetProviderInfo'. Check your module classpath for missing or conflicting dependencies.
e: file:///data/data/com.termux/files/home/Launcher3/src/com/android/launcher3/workspacefunctions/translators/LauncherUnplacedWidgetTranslator.kt:36:26 Cannot access 'CachedObject' which is a supertype of 'com.android.launcher3.widget.LauncherAppWidgetProviderInfo'. Check your module classpath for missing or conflicting dependencies.
e: file:///data/data/com.termux/files/home/Launcher3/src/com/android/launcher3/workspacefunctions/translators/LauncherUnplacedWidgetTranslator.kt:37:26 Cannot access 'CachedObject' which is a supertype of 'com.android.launcher3.widget.LauncherAppWidgetProviderInfo'. Check your module classpath for missing or conflicting dependencies.
e: file:///data/data/com.termux/files/home/Launcher3/src/com/android/launcher3/workspacefunctions/translators/LauncherUnplacedWidgetTranslator.kt:42:26 Cannot access 'CachedObject' which is a supertype of 'com.android.launcher3.widget.LauncherAppWidgetProviderInfo'. Check your module classpath for missing or conflicting dependencies.
e: file:///data/data/com.termux/files/home/Launcher3/src/com/android/launcher3/workspacefunctions/translators/LauncherWorkspaceTypeTranslator.kt:21:30 Unresolved reference 'appfunctions'.
e: file:///data/data/com.termux/files/home/Launcher3/src/com/android/launcher3/workspacefunctions/translators/LauncherWorkspaceTypeTranslator.kt:22:30 Unresolved reference 'appfunctions'.
e: file:///data/data/com.termux/files/home/Launcher3/src/com/android/launcher3/workspacefunctions/translators/LauncherWorkspaceTypeTranslator.kt:23:30 Unresolved reference 'appfunctions'.
e: file:///data/data/com.termux/files/home/Launcher3/src/com/android/launcher3/workspacefunctions/translators/LauncherWorkspaceTypeTranslator.kt:24:30 Unresolved reference 'appfunctions'.
e: file:///data/data/com.termux/files/home/Launcher3/src/com/android/launcher3/workspacefunctions/translators/LauncherWorkspaceTypeTranslator.kt:36:5 Unresolved reference 'WorkspaceTypeTranslator'.
e: file:///data/data/com.termux/files/home/Launcher3/src/com/android/launcher3/workspacefunctions/translators/LauncherWorkspaceTypeTranslator.kt:38:5 'toSpec' overrides nothing.
e: file:///data/data/com.termux/files/home/Launcher3/src/com/android/launcher3/workspacefunctions/translators/LauncherWorkspaceTypeTranslator.kt:38:52 Unresolved reference 'WorkspaceSpec'.
e: file:///data/data/com.termux/files/home/Launcher3/src/com/android/launcher3/workspacefunctions/translators/LauncherWorkspaceTypeTranslator.kt:64:18 Cannot infer type for this parameter. Please specify it explicitly.
e: file:///data/data/com.termux/files/home/Launcher3/src/com/android/launcher3/workspacefunctions/translators/LauncherWorkspaceTypeTranslator.kt:64:22 Cannot infer type for this parameter. Please specify it explicitly.
e: file:///data/data/com.termux/files/home/Launcher3/src/com/android/launcher3/workspacefunctions/translators/LauncherWorkspaceTypeTranslator.kt:65:21 Unresolved reference 'WorkspaceScreenSpec'.
e: file:///data/data/com.termux/files/home/Launcher3/src/com/android/launcher3/workspacefunctions/translators/LauncherWorkspaceTypeTranslator.kt:66:31 Cannot infer type for this parameter. Please specify it explicitly.
e: file:///data/data/com.termux/files/home/Launcher3/src/com/android/launcher3/workspacefunctions/translators/LauncherWorkspaceTypeTranslator.kt:66:35 Cannot infer type for this parameter. Please specify it explicitly.
e: file:///data/data/com.termux/files/home/Launcher3/src/com/android/launcher3/workspacefunctions/translators/LauncherWorkspaceTypeTranslator.kt:67:41 Cannot infer type for this parameter. Please specify it explicitly.
e: file:///data/data/com.termux/files/home/Launcher3/src/com/android/launcher3/workspacefunctions/translators/LauncherWorkspaceTypeTranslator.kt:73:13 Unresolved reference 'HotseatSpec'.
e: file:///data/data/com.termux/files/home/Launcher3/src/com/android/launcher3/workspacefunctions/translators/LauncherWorkspaceTypeTranslator.kt:74:30 Cannot infer type for this parameter. Please specify it explicitly.
e: file:///data/data/com.termux/files/home/Launcher3/src/com/android/launcher3/workspacefunctions/translators/LauncherWorkspaceTypeTranslator.kt:74:34 Cannot infer type for this parameter. Please specify it explicitly.
e: file:///data/data/com.termux/files/home/Launcher3/src/com/android/launcher3/workspacefunctions/translators/LauncherWorkspaceTypeTranslator.kt:75:33 Cannot infer type for this parameter. Please specify it explicitly.
e: file:///data/data/com.termux/files/home/Launcher3/src/com/android/launcher3/workspacefunctions/translators/LauncherWorkspaceTypeTranslator.kt:79:16 Unresolved reference 'WorkspaceSpec'.
e: file:///data/data/com.termux/files/home/Launcher3/src/com/android/launcher3/workspacefunctions/translators/TranslatorRegistry.kt:18:30 Unresolved reference 'appfunctions'.
e: file:///data/data/com.termux/files/home/Launcher3/src/com/android/launcher3/workspacefunctions/translators/TranslatorRegistry.kt:19:30 Unresolved reference 'appfunctions'.
e: file:///data/data/com.termux/files/home/Launcher3/src/com/android/launcher3/workspacefunctions/translators/TranslatorRegistry.kt:20:30 Unresolved reference 'appfunctions'.
e: file:///data/data/com.termux/files/home/Launcher3/src/com/android/launcher3/workspacefunctions/translators/TranslatorRegistry.kt:21:30 Unresolved reference 'appfunctions'.
e: file:///data/data/com.termux/files/home/Launcher3/src/com/android/launcher3/workspacefunctions/translators/TranslatorRegistry.kt:22:30 Unresolved reference 'appfunctions'.
e: file:///data/data/com.termux/files/home/Launcher3/src/com/android/launcher3/workspacefunctions/translators/TranslatorRegistry.kt:23:30 Unresolved reference 'appfunctions'.
e: file:///data/data/com.termux/files/home/Launcher3/src/com/android/launcher3/workspacefunctions/translators/TranslatorRegistry.kt:24:30 Unresolved reference 'appfunctions'.
e: file:///data/data/com.termux/files/home/Launcher3/src/com/android/launcher3/workspacefunctions/translators/TranslatorRegistry.kt:25:30 Unresolved reference 'appfunctions'.
e: file:///data/data/com.termux/files/home/Launcher3/src/com/android/launcher3/workspacefunctions/translators/TranslatorRegistry.kt:26:30 Unresolved reference 'appfunctions'.
e: file:///data/data/com.termux/files/home/Launcher3/src/com/android/launcher3/workspacefunctions/translators/TranslatorRegistry.kt:27:30 Unresolved reference 'appfunctions'.
e: file:///data/data/com.termux/files/home/Launcher3/src/com/android/launcher3/workspacefunctions/translators/TranslatorRegistry.kt:47:54 Unresolved reference 'WorkspaceTypeTranslator'.
e: file:///data/data/com.termux/files/home/Launcher3/src/com/android/launcher3/workspacefunctions/translators/TranslatorRegistry.kt:49:54 Unresolved reference 'UnplacedAppTypeTranslator'.
e: file:///data/data/com.termux/files/home/Launcher3/src/com/android/launcher3/workspacefunctions/translators/TranslatorRegistry.kt:51:54 Unresolved reference 'UnplacedWidgetTypeTranslator'.
e: file:///data/data/com.termux/files/home/Launcher3/src/com/android/launcher3/workspacefunctions/translators/TranslatorRegistry.kt:58:8 Unresolved reference 'Translator'.
e: file:///data/data/com.termux/files/home/Launcher3/src/com/android/launcher3/workspacefunctions/translators/TranslatorRegistry.kt:61:17 Unresolved reference 'WorkspaceItemSpec'.
e: file:///data/data/com.termux/files/home/Launcher3/src/com/android/launcher3/workspacefunctions/translators/TranslatorRegistry.kt:62:17 Unresolved reference 'HotseatItemSpec'.
e: file:///data/data/com.termux/files/home/Launcher3/src/com/android/launcher3/workspacefunctions/translators/TranslatorRegistry.kt:63:17 Unresolved reference 'AppInFolderSpec'.
e: file:///data/data/com.termux/files/home/Launcher3/src/com/android/launcher3/workspacefunctions/translators/TranslatorRegistry.kt:64:17 Unresolved reference 'WorkspaceSpec'.
e: file:///data/data/com.termux/files/home/Launcher3/src/com/android/launcher3/workspacefunctions/translators/TranslatorRegistry.kt:65:17 Unresolved reference 'UnplacedAppSpec'.
e: file:///data/data/com.termux/files/home/Launcher3/src/com/android/launcher3/workspacefunctions/translators/TranslatorRegistry.kt:66:17 Unresolved reference 'UnplacedWidgetSpec'.
e: file:///data/data/com.termux/files/home/Launcher3/src/com/android/launcher3/workspacefunctions/translators/TranslatorRegistry.kt:74:36 Unresolved reference 'Translator'.
e: file:///data/data/com.termux/files/home/Launcher3/src/com/android/launcher3/workspacefunctions/translators/TranslatorRegistry.kt:84:67 Unresolved reference 'Translator'.
e: file:///data/data/com.termux/files/home/Launcher3/src/com/android/launcher3/workspacefunctions/translators/TranslatorRegistry.kt:85:27 Unresolved reference 'toSpec'.
e: file:///data/data/com.termux/files/home/Launcher3/src_no_quickstep/com/android/launcher3/dagger/ActivityContextComponent.kt:23:2 Unresolved reference 'ActivityContextSingleton'.
e: file:///data/data/com.termux/files/home/Launcher3/src_no_quickstep/com/android/launcher3/dagger/Modules.kt:33:35 Unresolved reference 'MutableListenableRef'.
e: file:///data/data/com.termux/files/home/Launcher3/src_no_quickstep/com/android/launcher3/dagger/Modules.kt:54:10 Unresolved reference 'ActivityContextSingleton'.
e: file:///data/data/com.termux/files/home/Launcher3/src_no_quickstep/com/android/launcher3/dagger/Modules.kt:57:49 Only safe (?.) or non-null asserted (!!.) calls are allowed on a nullable receiver of type 'android.view.Display?'.
e: file:///data/data/com.termux/files/home/Launcher3/src_no_quickstep/com/android/launcher3/dagger/Modules.kt:85:34 Unresolved reference 'ApplicationContext'.
e: file:///data/data/com.termux/files/home/Launcher3/src_no_quickstep/com/android/launcher3/dagger/Modules.kt:92:6 Unresolved reference 'ActivityContextSingleton'.
e: file:///data/data/com.termux/files/home/Launcher3/src_no_quickstep/com/android/launcher3/dagger/Modules.kt:102:6 Unresolved reference 'LauncherAppSingleton'.
e: file:///data/data/com.termux/files/home/Launcher3/src_no_quickstep/com/android/launcher3/dagger/Modules.kt:104:36 Unresolved reference 'MutableListenableRef'.
e: file:///data/data/com.termux/files/home/Launcher3/src_no_quickstep/com/android/launcher3/dagger/Modules.kt:108:6 Unresolved reference 'LauncherAppSingleton'.
e: file:///data/data/com.termux/files/home/Launcher3/src_no_quickstep/com/android/launcher3/dagger/Modules.kt:125:6 Unresolved reference 'LauncherAppSingleton'.
e: file:///data/data/com.termux/files/home/Launcher3/src_no_quickstep/com/android/launcher3/util/TaskbarModeUtil.kt:19:37 Unresolved reference 'LauncherAppSingleton'.
e: file:///data/data/com.termux/files/home/Launcher3/src_no_quickstep/com/android/launcher3/util/TaskbarModeUtil.kt:24:2 Unresolved reference 'LauncherAppSingleton'.

> Task :compileNoQuickstepDebugKotlin FAILED

[Incubating] Problems report is available at: file:///data/data/com.termux/files/home/Launcher3/build/reports/problems/problems-report.html

FAILURE: Build failed with an exception.

* What went wrong:
Execution failed for task ':compileNoQuickstepDebugKotlin' (registered by plugin 'org.jetbrains.kotlin.android').
> A failure occurred while executing org.jetbrains.kotlin.compilerRunner.GradleCompilerRunnerWithWorkers$GradleKotlinCompilerWorkAction
   > Compilation error. See log for more details

* Try:
> Run with --info or --debug option to get more log output.
> Run with --scan to get full insights from a Build Scan (powered by Develocity).
> Get more help at https://help.gradle.org.

* Exception is:
org.gradle.api.tasks.TaskExecutionException: Execution failed for task ':compileNoQuickstepDebugKotlin' (registered by plugin 'org.jetbrains.kotlin.android').
	at org.gradle.api.internal.tasks.execution.ExecuteActionsTaskExecuter.lambda$executeIfValid$1(ExecuteActionsTaskExecuter.java:135)
	at org.gradle.internal.Try$Failure.ifSuccessfulOrElse(Try.java:288)
	at org.gradle.api.internal.tasks.execution.ExecuteActionsTaskExecuter.executeIfValid(ExecuteActionsTaskExecuter.java:133)
	at org.gradle.api.internal.tasks.execution.ExecuteActionsTaskExecuter.execute(ExecuteActionsTaskExecuter.java:121)
	at org.gradle.api.internal.tasks.execution.ProblemsTaskPathTrackingTaskExecuter.execute(ProblemsTaskPathTrackingTaskExecuter.java:41)
	at org.gradle.api.internal.tasks.execution.ResolveTaskExecutionModeExecuter.execute(ResolveTaskExecutionModeExecuter.java:51)
	at org.gradle.api.internal.tasks.execution.FinalizePropertiesTaskExecuter.execute(FinalizePropertiesTaskExecuter.java:46)
	at org.gradle.api.internal.tasks.execution.SkipTaskWithNoActionsExecuter.execute(SkipTaskWithNoActionsExecuter.java:57)
	at org.gradle.api.internal.tasks.execution.SkipOnlyIfTaskExecuter.execute(SkipOnlyIfTaskExecuter.java:74)
	at org.gradle.api.internal.tasks.execution.CatchExceptionTaskExecuter.execute(CatchExceptionTaskExecuter.java:36)
	at org.gradle.api.internal.tasks.execution.EventFiringTaskExecuter$1.executeTask(EventFiringTaskExecuter.java:77)
	at org.gradle.api.internal.tasks.execution.EventFiringTaskExecuter$1.call(EventFiringTaskExecuter.java:55)
	at org.gradle.api.internal.tasks.execution.EventFiringTaskExecuter$1.call(EventFiringTaskExecuter.java:52)
	at org.gradle.internal.operations.DefaultBuildOperationRunner$CallableBuildOperationWorker.execute(DefaultBuildOperationRunner.java:210)
	at org.gradle.internal.operations.DefaultBuildOperationRunner$CallableBuildOperationWorker.execute(DefaultBuildOperationRunner.java:205)
	at org.gradle.internal.operations.DefaultBuildOperationRunner$2.execute(DefaultBuildOperationRunner.java:67)
	at org.gradle.internal.operations.DefaultBuildOperationRunner$2.execute(DefaultBuildOperationRunner.java:60)
	at org.gradle.internal.operations.DefaultBuildOperationRunner.execute(DefaultBuildOperationRunner.java:167)
	at org.gradle.internal.operations.DefaultBuildOperationRunner.execute(DefaultBuildOperationRunner.java:60)
	at org.gradle.internal.operations.DefaultBuildOperationRunner.call(DefaultBuildOperationRunner.java:54)
	at org.gradle.api.internal.tasks.execution.EventFiringTaskExecuter.execute(EventFiringTaskExecuter.java:52)
	at org.gradle.execution.plan.DefaultNodeExecutor.executeLocalTaskNode(DefaultNodeExecutor.java:55)
	at org.gradle.execution.plan.DefaultNodeExecutor.execute(DefaultNodeExecutor.java:34)
	at org.gradle.execution.taskgraph.DefaultTaskExecutionGraph$InvokeNodeExecutorsAction.execute(DefaultTaskExecutionGraph.java:355)
	at org.gradle.execution.taskgraph.DefaultTaskExecutionGraph$InvokeNodeExecutorsAction.execute(DefaultTaskExecutionGraph.java:343)
	at org.gradle.execution.taskgraph.DefaultTaskExecutionGraph$BuildOperationAwareExecutionAction.lambda$execute$0(DefaultTaskExecutionGraph.java:339)
	at org.gradle.internal.operations.CurrentBuildOperationRef.with(CurrentBuildOperationRef.java:84)
	at org.gradle.execution.taskgraph.DefaultTaskExecutionGraph$BuildOperationAwareExecutionAction.execute(DefaultTaskExecutionGraph.java:339)
	at org.gradle.execution.taskgraph.DefaultTaskExecutionGraph$BuildOperationAwareExecutionAction.execute(DefaultTaskExecutionGraph.java:328)
	at org.gradle.execution.plan.DefaultPlanExecutor$ExecutorWorker.execute(DefaultPlanExecutor.java:459)
	at org.gradle.execution.plan.DefaultPlanExecutor$ExecutorWorker.run(DefaultPlanExecutor.java:376)
	at org.gradle.execution.plan.DefaultPlanExecutor.process(DefaultPlanExecutor.java:111)
	at org.gradle.execution.taskgraph.DefaultTaskExecutionGraph.executeWithServices(DefaultTaskExecutionGraph.java:146)
	at org.gradle.execution.taskgraph.DefaultTaskExecutionGraph.execute(DefaultTaskExecutionGraph.java:131)
	at org.gradle.execution.SelectedTaskExecutionAction.execute(SelectedTaskExecutionAction.java:35)
	at org.gradle.execution.BuildOperationFiringBuildWorkerExecutor$ExecuteTasks.call(BuildOperationFiringBuildWorkerExecutor.java:54)
	at org.gradle.execution.BuildOperationFiringBuildWorkerExecutor$ExecuteTasks.call(BuildOperationFiringBuildWorkerExecutor.java:43)
	at org.gradle.internal.operations.DefaultBuildOperationRunner$CallableBuildOperationWorker.execute(DefaultBuildOperationRunner.java:210)
	at org.gradle.internal.operations.DefaultBuildOperationRunner$CallableBuildOperationWorker.execute(DefaultBuildOperationRunner.java:205)
	at org.gradle.internal.operations.DefaultBuildOperationRunner$2.execute(DefaultBuildOperationRunner.java:67)
	at org.gradle.internal.operations.DefaultBuildOperationRunner$2.execute(DefaultBuildOperationRunner.java:60)
	at org.gradle.internal.operations.DefaultBuildOperationRunner.execute(DefaultBuildOperationRunner.java:167)
	at org.gradle.internal.operations.DefaultBuildOperationRunner.execute(DefaultBuildOperationRunner.java:60)
	at org.gradle.internal.operations.DefaultBuildOperationRunner.call(DefaultBuildOperationRunner.java:54)
	at org.gradle.execution.BuildOperationFiringBuildWorkerExecutor.execute(BuildOperationFiringBuildWorkerExecutor.java:40)
	at org.gradle.internal.build.DefaultBuildLifecycleController.lambda$executeTasks$11(DefaultBuildLifecycleController.java:323)
	at org.gradle.internal.model.StateTransitionController.doTransition(StateTransitionController.java:304)
	at org.gradle.internal.model.StateTransitionController.lambda$tryTransition$9(StateTransitionController.java:215)
	at org.gradle.internal.work.DefaultSynchronizer.withLock(DefaultSynchronizer.java:45)
	at org.gradle.internal.model.StateTransitionController.tryTransition(StateTransitionController.java:215)
	at org.gradle.internal.build.DefaultBuildLifecycleController.executeTasks(DefaultBuildLifecycleController.java:314)
	at org.gradle.internal.build.DefaultBuildWorkGraphController$DefaultBuildWorkGraph.runWork(DefaultBuildWorkGraphController.java:220)
	at org.gradle.internal.work.DefaultWorkerLeaseService.lambda$runAndReleaseLocks$0(DefaultWorkerLeaseService.java:300)
	at org.gradle.internal.work.ResourceLockStatistics$1.measure(ResourceLockStatistics.java:43)
	at org.gradle.internal.work.DefaultWorkerLeaseService.runAndReleaseLocks(DefaultWorkerLeaseService.java:298)
	at org.gradle.internal.work.DefaultWorkerLeaseService.withLocksAcquired(DefaultWorkerLeaseService.java:294)
	at org.gradle.internal.work.DefaultWorkerLeaseService.withLocks(DefaultWorkerLeaseService.java:286)
	at org.gradle.internal.work.DefaultWorkerLeaseService.runAsWorkerThread(DefaultWorkerLeaseService.java:130)
	at org.gradle.composite.internal.DefaultBuildController.doRun(DefaultBuildController.java:182)
	at org.gradle.composite.internal.DefaultBuildController$BuildOpRunnable.lambda$run$0(DefaultBuildController.java:199)
	at org.gradle.internal.operations.CurrentBuildOperationRef.with(CurrentBuildOperationRef.java:84)
	at org.gradle.composite.internal.DefaultBuildController$BuildOpRunnable.run(DefaultBuildController.java:199)
	at org.gradle.internal.concurrent.ExecutorPolicy$CatchAndRecordFailures.onExecute(ExecutorPolicy.java:64)
	at org.gradle.internal.concurrent.AbstractManagedExecutor$1.run(AbstractManagedExecutor.java:47)
Caused by: org.gradle.workers.internal.DefaultWorkerExecutor$WorkExecutionException: A failure occurred while executing org.jetbrains.kotlin.compilerRunner.GradleCompilerRunnerWithWorkers$GradleKotlinCompilerWorkAction
	at org.gradle.workers.internal.DefaultWorkerExecutor$WorkItemExecution.waitForCompletion(DefaultWorkerExecutor.java:278)
	at org.gradle.internal.work.DefaultAsyncWorkTracker.lambda$waitForItemsAndGatherFailures$2(DefaultAsyncWorkTracker.java:132)
	at org.gradle.internal.Factories$1.create(Factories.java:30)
	at org.gradle.internal.work.DefaultWorkerLeaseService.lambda$withoutLocksBlocking$3(DefaultWorkerLeaseService.java:410)
	at org.gradle.internal.work.ResourceLockStatistics$1.measure(ResourceLockStatistics.java:43)
	at org.gradle.internal.work.DefaultWorkerLeaseService.withoutLocksBlocking(DefaultWorkerLeaseService.java:405)
	at org.gradle.internal.work.DefaultWorkerLeaseService.blocking(DefaultWorkerLeaseService.java:255)
	at org.gradle.internal.work.DefaultWorkerLeaseService.blocking(DefaultWorkerLeaseService.java:237)
	at org.gradle.internal.work.DefaultAsyncWorkTracker.lambda$waitForItemsAndGatherFailures$3(DefaultAsyncWorkTracker.java:128)
	at org.gradle.internal.Factories$1.create(Factories.java:30)
	at org.gradle.internal.resources.AbstractResourceLockRegistry.whileDisallowingLockChanges(AbstractResourceLockRegistry.java:50)
	at org.gradle.internal.work.DefaultWorkerLeaseService.whileDisallowingProjectLockChanges(DefaultWorkerLeaseService.java:260)
	at org.gradle.internal.work.DefaultAsyncWorkTracker.waitForItemsAndGatherFailures(DefaultAsyncWorkTracker.java:127)
	at org.gradle.internal.work.DefaultAsyncWorkTracker.waitForItemsAndGatherFailures(DefaultAsyncWorkTracker.java:93)
	at org.gradle.internal.work.DefaultAsyncWorkTracker.waitForAll(DefaultAsyncWorkTracker.java:79)
	at org.gradle.internal.work.DefaultAsyncWorkTracker.waitForCompletion(DefaultAsyncWorkTracker.java:67)
	at org.gradle.api.internal.tasks.execution.TaskExecution$3.run(TaskExecution.java:267)
	at org.gradle.internal.operations.DefaultBuildOperationRunner$1.execute(DefaultBuildOperationRunner.java:30)
	at org.gradle.internal.operations.DefaultBuildOperationRunner$1.execute(DefaultBuildOperationRunner.java:27)
	at org.gradle.internal.operations.DefaultBuildOperationRunner$2.execute(DefaultBuildOperationRunner.java:67)
	at org.gradle.internal.operations.DefaultBuildOperationRunner$2.execute(DefaultBuildOperationRunner.java:60)
	at org.gradle.internal.operations.DefaultBuildOperationRunner.execute(DefaultBuildOperationRunner.java:167)
	at org.gradle.internal.operations.DefaultBuildOperationRunner.execute(DefaultBuildOperationRunner.java:60)
	at org.gradle.internal.operations.DefaultBuildOperationRunner.run(DefaultBuildOperationRunner.java:48)
	at org.gradle.api.internal.tasks.execution.TaskExecution.executeAction(TaskExecution.java:244)
	at org.gradle.api.internal.tasks.execution.TaskExecution.executeActions(TaskExecution.java:227)
	at org.gradle.api.internal.tasks.execution.TaskExecution.executeWithPreviousOutputFiles(TaskExecution.java:210)
	at org.gradle.api.internal.tasks.execution.TaskExecution.execute(TaskExecution.java:176)
	at org.gradle.internal.execution.steps.ExecuteStep.executeInternal(ExecuteStep.java:167)
	at org.gradle.internal.execution.steps.ExecuteStep.access$000(ExecuteStep.java:47)
	at org.gradle.internal.execution.steps.ExecuteStep$1.call(ExecuteStep.java:137)
	at org.gradle.internal.execution.steps.ExecuteStep$1.call(ExecuteStep.java:134)
	at org.gradle.internal.operations.DefaultBuildOperationRunner$CallableBuildOperationWorker.execute(DefaultBuildOperationRunner.java:210)
	at org.gradle.internal.operations.DefaultBuildOperationRunner$CallableBuildOperationWorker.execute(DefaultBuildOperationRunner.java:205)
	at org.gradle.internal.operations.DefaultBuildOperationRunner$2.execute(DefaultBuildOperationRunner.java:67)
	at org.gradle.internal.operations.DefaultBuildOperationRunner$2.execute(DefaultBuildOperationRunner.java:60)
	at org.gradle.internal.operations.DefaultBuildOperationRunner.execute(DefaultBuildOperationRunner.java:167)
	at org.gradle.internal.operations.DefaultBuildOperationRunner.execute(DefaultBuildOperationRunner.java:60)
	at org.gradle.internal.operations.DefaultBuildOperationRunner.call(DefaultBuildOperationRunner.java:54)
	at org.gradle.internal.execution.steps.ExecuteStep.execute(ExecuteStep.java:134)
	at org.gradle.internal.execution.steps.ExecuteStep$Mutable.execute(ExecuteStep.java:80)
	at org.gradle.internal.execution.steps.CancelExecutionStep.execute(CancelExecutionStep.java:42)
	at org.gradle.internal.execution.steps.TimeoutStep.executeWithoutTimeout(TimeoutStep.java:75)
	at org.gradle.internal.execution.steps.TimeoutStep.execute(TimeoutStep.java:55)
	at org.gradle.internal.execution.steps.PreCreateOutputParentsStep.execute(PreCreateOutputParentsStep.java:51)
	at org.gradle.internal.execution.steps.PreCreateOutputParentsStep.execute(PreCreateOutputParentsStep.java:29)
	at org.gradle.internal.execution.steps.RemovePreviousOutputsStep.executeMutable(RemovePreviousOutputsStep.java:67)
	at org.gradle.internal.execution.steps.RemovePreviousOutputsStep.executeMutable(RemovePreviousOutputsStep.java:39)
	at org.gradle.internal.execution.steps.MutableStep.execute(MutableStep.java:26)
	at org.gradle.internal.execution.steps.BroadcastChangingOutputsStep.execute(BroadcastChangingOutputsStep.java:42)
	at org.gradle.internal.execution.steps.BroadcastChangingOutputsStep.execute(BroadcastChangingOutputsStep.java:24)
	at org.gradle.internal.execution.steps.CaptureOutputsAfterExecutionStep.execute(CaptureOutputsAfterExecutionStep.java:69)
	at org.gradle.internal.execution.steps.CaptureOutputsAfterExecutionStep.execute(CaptureOutputsAfterExecutionStep.java:46)
	at org.gradle.internal.execution.steps.ResolveInputChangesStep.executeMutable(ResolveInputChangesStep.java:39)
	at org.gradle.internal.execution.steps.ResolveInputChangesStep.executeMutable(ResolveInputChangesStep.java:28)
	at org.gradle.internal.execution.steps.MutableStep.execute(MutableStep.java:26)
	at org.gradle.internal.execution.steps.BuildCacheStep.executeWithoutCache(BuildCacheStep.java:189)
	at org.gradle.internal.execution.steps.BuildCacheStep.lambda$execute$1(BuildCacheStep.java:76)
	at org.gradle.internal.Either$Right.fold(Either.java:176)
	at org.gradle.internal.execution.caching.CachingState.fold(CachingState.java:62)
	at org.gradle.internal.execution.steps.BuildCacheStep.execute(BuildCacheStep.java:74)
	at org.gradle.internal.execution.steps.BuildCacheStep.execute(BuildCacheStep.java:49)
	at org.gradle.internal.execution.steps.StoreExecutionStateStep.executeMutable(StoreExecutionStateStep.java:46)
	at org.gradle.internal.execution.steps.StoreExecutionStateStep.executeMutable(StoreExecutionStateStep.java:35)
	at org.gradle.internal.execution.steps.MutableStep.execute(MutableStep.java:26)
	at org.gradle.internal.execution.steps.SkipUpToDateStep.executeBecause(SkipUpToDateStep.java:75)
	at org.gradle.internal.execution.steps.SkipUpToDateStep.lambda$execute$2(SkipUpToDateStep.java:53)
	at org.gradle.internal.execution.steps.SkipUpToDateStep.execute(SkipUpToDateStep.java:53)
	at org.gradle.internal.execution.steps.SkipUpToDateStep.execute(SkipUpToDateStep.java:35)
	at org.gradle.internal.execution.steps.legacy.MarkSnapshottingInputsFinishedStep.execute(MarkSnapshottingInputsFinishedStep.java:37)
	at org.gradle.internal.execution.steps.legacy.MarkSnapshottingInputsFinishedStep.execute(MarkSnapshottingInputsFinishedStep.java:27)
	at org.gradle.internal.execution.steps.ResolveMutableCachingStateStep.executeDelegate(ResolveMutableCachingStateStep.java:70)
	at org.gradle.internal.execution.steps.ResolveMutableCachingStateStep.executeDelegate(ResolveMutableCachingStateStep.java:32)
	at org.gradle.internal.execution.steps.AbstractResolveCachingStateStep.execute(AbstractResolveCachingStateStep.java:69)
	at org.gradle.internal.execution.steps.AbstractResolveCachingStateStep.execute(AbstractResolveCachingStateStep.java:37)
	at org.gradle.internal.execution.steps.ResolveChangesStep.executeMutable(ResolveChangesStep.java:63)
	at org.gradle.internal.execution.steps.ResolveChangesStep.executeMutable(ResolveChangesStep.java:34)
	at org.gradle.internal.execution.steps.MutableStep.execute(MutableStep.java:26)
	at org.gradle.internal.execution.steps.ValidateStep$Mutable.executeDelegate(ValidateStep.java:79)
	at org.gradle.internal.execution.steps.ValidateStep$Mutable.executeDelegate(ValidateStep.java:65)
	at org.gradle.internal.execution.steps.ValidateStep.execute(ValidateStep.java:105)
	at org.gradle.internal.execution.steps.ValidateStep$Mutable.execute(ValidateStep.java:65)
	at org.gradle.internal.execution.steps.CaptureMutableStateBeforeExecutionStep.executeMutable(CaptureMutableStateBeforeExecutionStep.java:86)
	at org.gradle.internal.execution.steps.CaptureMutableStateBeforeExecutionStep.execute(CaptureMutableStateBeforeExecutionStep.java:65)
	at org.gradle.internal.execution.steps.CaptureMutableStateBeforeExecutionStep.execute(CaptureMutableStateBeforeExecutionStep.java:45)
	at org.gradle.internal.execution.steps.SkipEmptyMutableWorkStep.executeWithNonEmptySources(SkipEmptyMutableWorkStep.java:210)
	at org.gradle.internal.execution.steps.SkipEmptyMutableWorkStep.executeMutable(SkipEmptyMutableWorkStep.java:90)
	at org.gradle.internal.execution.steps.SkipEmptyMutableWorkStep.executeMutable(SkipEmptyMutableWorkStep.java:53)
	at org.gradle.internal.execution.steps.MutableStep.execute(MutableStep.java:26)
	at org.gradle.internal.execution.steps.legacy.MarkSnapshottingInputsStartedStep.execute(MarkSnapshottingInputsStartedStep.java:38)
	at org.gradle.internal.execution.steps.LoadPreviousExecutionStateStep.executeMutable(LoadPreviousExecutionStateStep.java:36)
	at org.gradle.internal.execution.steps.LoadPreviousExecutionStateStep.executeMutable(LoadPreviousExecutionStateStep.java:23)
	at org.gradle.internal.execution.steps.MutableStep.execute(MutableStep.java:26)
	at org.gradle.internal.execution.steps.HandleStaleOutputsStep.executeMutable(HandleStaleOutputsStep.java:77)
	at org.gradle.internal.execution.steps.HandleStaleOutputsStep.executeMutable(HandleStaleOutputsStep.java:43)
	at org.gradle.internal.execution.steps.MutableStep.execute(MutableStep.java:26)
	at org.gradle.internal.execution.steps.AssignMutableWorkspaceStep.lambda$executeMutable$0(AssignMutableWorkspaceStep.java:34)
	at org.gradle.api.internal.tasks.execution.TaskExecution$4.withWorkspace(TaskExecution.java:305)
	at org.gradle.internal.execution.steps.AssignMutableWorkspaceStep.executeMutable(AssignMutableWorkspaceStep.java:30)
	at org.gradle.internal.execution.steps.AssignMutableWorkspaceStep.executeMutable(AssignMutableWorkspaceStep.java:21)
	at org.gradle.internal.execution.steps.MutableStep.execute(MutableStep.java:26)
	at org.gradle.internal.execution.steps.ChoosePipelineStep.execute(ChoosePipelineStep.java:40)
	at org.gradle.internal.execution.steps.ChoosePipelineStep.execute(ChoosePipelineStep.java:23)
	at org.gradle.internal.execution.steps.ExecuteWorkBuildOperationFiringStep.lambda$execute$2(ExecuteWorkBuildOperationFiringStep.java:67)
	at org.gradle.internal.execution.steps.ExecuteWorkBuildOperationFiringStep.execute(ExecuteWorkBuildOperationFiringStep.java:67)
	at org.gradle.internal.execution.steps.ExecuteWorkBuildOperationFiringStep.execute(ExecuteWorkBuildOperationFiringStep.java:39)
	at org.gradle.internal.execution.steps.IdentityCacheStep.execute(IdentityCacheStep.java:46)
	at org.gradle.internal.execution.steps.IdentityCacheStep.execute(IdentityCacheStep.java:34)
	at org.gradle.internal.execution.steps.IdentifyStep.execute(IdentifyStep.java:56)
	at org.gradle.internal.execution.steps.IdentifyStep.execute(IdentifyStep.java:38)
	at org.gradle.internal.execution.impl.DefaultExecutionEngine$1.execute(DefaultExecutionEngine.java:68)
	at org.gradle.api.internal.tasks.execution.ExecuteActionsTaskExecuter.executeIfValid(ExecuteActionsTaskExecuter.java:132)
	... 61 more
Caused by: org.jetbrains.kotlin.gradle.tasks.CompilationErrorException: Compilation error. See log for more details
	at org.jetbrains.kotlin.gradle.tasks.TasksUtilsKt.throwExceptionIfCompilationFailed(tasksUtils.kt:21)
	at org.jetbrains.kotlin.compilerRunner.GradleKotlinCompilerWork.run(GradleKotlinCompilerWork.kt:119)
	at org.jetbrains.kotlin.compilerRunner.GradleCompilerRunnerWithWorkers$GradleKotlinCompilerWorkAction.execute(GradleCompilerRunnerWithWorkers.kt:76)
	at org.gradle.workers.internal.DefaultWorkerServer.execute(DefaultWorkerServer.java:68)
	at org.gradle.workers.internal.NoIsolationWorkerFactory$1$1.create(NoIsolationWorkerFactory.java:64)
	at org.gradle.workers.internal.NoIsolationWorkerFactory$1$1.create(NoIsolationWorkerFactory.java:61)
	at org.gradle.internal.classloader.ClassLoaderUtils.executeInClassloader(ClassLoaderUtils.java:102)
	at org.gradle.workers.internal.NoIsolationWorkerFactory$1.lambda$execute$0(NoIsolationWorkerFactory.java:61)
	at org.gradle.workers.internal.AbstractWorker$1.call(AbstractWorker.java:44)
	at org.gradle.workers.internal.AbstractWorker$1.call(AbstractWorker.java:41)
	at org.gradle.internal.operations.DefaultBuildOperationRunner$CallableBuildOperationWorker.execute(DefaultBuildOperationRunner.java:210)
	at org.gradle.internal.operations.DefaultBuildOperationRunner$CallableBuildOperationWorker.execute(DefaultBuildOperationRunner.java:205)
	at org.gradle.internal.operations.DefaultBuildOperationRunner$2.execute(DefaultBuildOperationRunner.java:67)
	at org.gradle.internal.operations.DefaultBuildOperationRunner$2.execute(DefaultBuildOperationRunner.java:60)
	at org.gradle.internal.operations.DefaultBuildOperationRunner.execute(DefaultBuildOperationRunner.java:167)
	at org.gradle.internal.operations.DefaultBuildOperationRunner.execute(DefaultBuildOperationRunner.java:60)
	at org.gradle.internal.operations.DefaultBuildOperationRunner.call(DefaultBuildOperationRunner.java:54)
	at org.gradle.workers.internal.AbstractWorker.executeWrappedInBuildOperation(AbstractWorker.java:41)
	at org.gradle.workers.internal.NoIsolationWorkerFactory$1.execute(NoIsolationWorkerFactory.java:58)
	at org.gradle.workers.internal.DefaultWorkerExecutor.lambda$submitWork$0(DefaultWorkerExecutor.java:174)
	at org.gradle.internal.work.DefaultConditionalExecutionQueue$ExecutionRunner.runExecution(DefaultConditionalExecutionQueue.java:191)
	at org.gradle.internal.work.DefaultConditionalExecutionQueue$ExecutionRunner.access$500(DefaultConditionalExecutionQueue.java:112)
	at org.gradle.internal.work.DefaultConditionalExecutionQueue$ExecutionRunner$1.run(DefaultConditionalExecutionQueue.java:168)
	at org.gradle.internal.Factories$1.create(Factories.java:30)
	at org.gradle.internal.work.DefaultWorkerLeaseService.lambda$runAndReleaseLocks$0(DefaultWorkerLeaseService.java:300)
	at org.gradle.internal.work.ResourceLockStatistics$1.measure(ResourceLockStatistics.java:43)
	at org.gradle.internal.work.DefaultWorkerLeaseService.runAndReleaseLocks(DefaultWorkerLeaseService.java:298)
	at org.gradle.internal.work.DefaultWorkerLeaseService.withLocksAcquired(DefaultWorkerLeaseService.java:294)
	at org.gradle.internal.work.DefaultWorkerLeaseService.withLocks(DefaultWorkerLeaseService.java:286)
	at org.gradle.internal.work.DefaultWorkerLeaseService.runAsWorkerThread(DefaultWorkerLeaseService.java:130)
	at org.gradle.internal.work.DefaultWorkerLeaseService.runAsWorkerThread(DefaultWorkerLeaseService.java:135)
	at org.gradle.internal.work.DefaultConditionalExecutionQueue$ExecutionRunner.runBatch(DefaultConditionalExecutionQueue.java:163)
	at org.gradle.internal.work.DefaultConditionalExecutionQueue$ExecutionRunner.run(DefaultConditionalExecutionQueue.java:125)
	... 2 more


Deprecated Gradle features were used in this build, making it incompatible with Gradle 10.

You can use '--warning-mode all' to show the individual deprecation warnings and determine if they come from your own scripts or plugins.

For more on this, please refer to https://docs.gradle.org/9.6.1/userguide/command_line_interface.html#sec:command_line_warnings in the Gradle documentation.

BUILD FAILED in 2m 1s
14 actionable tasks: 1 executed, 13 up-to-date
