Starting a Gradle Daemon, 1 stopped Daemon could not be reused, use --status for details
Warning: Unable to set daemon's environment variables to match the client because: 
  There is no native integration with this operating environment.
  If the daemon was started with a significantly different environment from the client, and your build 
  relies on environment variables, you may experience unexpected behavior.

> Configure project :
WARNING: The option setting 'android.aapt2FromMavenOverride=/data/data/com.termux/files/usr/bin/aapt2' is experimental.

> Task :preBuild UP-TO-DATE
> Task :preNoQuickstepDebugBuild UP-TO-DATE
> Task :mergeNoQuickstepDebugNativeDebugMetadata NO-SOURCE
> Task :checkKotlinGradlePluginConfigurationErrors SKIPPED
> Task :generateNoQuickstepDebugBuildConfig UP-TO-DATE
> Task :extractDebugProto UP-TO-DATE
> Task :extractIncludeNoQuickstepDebugProto UP-TO-DATE
> Task :extractNoQuickstepDebugProto UP-TO-DATE
> Task :extractNoQuickstepProto UP-TO-DATE
> Task :extractProto UP-TO-DATE
> Task :generateNoQuickstepDebugProto UP-TO-DATE
> Task :checkNoQuickstepDebugAarMetadata UP-TO-DATE
> Task :generateNoQuickstepDebugResValues UP-TO-DATE
> Task :mapNoQuickstepDebugSourceSetPaths
> Task :generateNoQuickstepDebugResources
> Task :packageNoQuickstepDebugResources
> Task :createNoQuickstepDebugCompatibleScreenManifests UP-TO-DATE
> Task :extractDeepLinksNoQuickstepDebug UP-TO-DATE
> Task :mergeNoQuickstepDebugResources
> Task :processNoQuickstepDebugMainManifest UP-TO-DATE
> Task :processNoQuickstepDebugManifest UP-TO-DATE
> Task :processNoQuickstepDebugManifestForPackage UP-TO-DATE
> Task :javaPreCompileNoQuickstepDebug UP-TO-DATE
> Task :mergeNoQuickstepDebugShaders UP-TO-DATE
> Task :compileNoQuickstepDebugShaders NO-SOURCE
> Task :generateNoQuickstepDebugAssets UP-TO-DATE
> Task :mergeNoQuickstepDebugAssets UP-TO-DATE
> Task :compressNoQuickstepDebugAssets UP-TO-DATE
> Task :checkNoQuickstepDebugDuplicateClasses UP-TO-DATE
> Task :desugarNoQuickstepDebugFileDependencies UP-TO-DATE
> Task :parseNoQuickstepDebugLocalResources
> Task :mergeExtDexNoQuickstepDebug UP-TO-DATE
> Task :mergeLibDexNoQuickstepDebug UP-TO-DATE
> Task :mergeNoQuickstepDebugJniLibFolders UP-TO-DATE
> Task :mergeNoQuickstepDebugNativeLibs UP-TO-DATE
> Task :stripNoQuickstepDebugDebugSymbols UP-TO-DATE
> Task :validateSigningNoQuickstepDebug UP-TO-DATE
> Task :writeNoQuickstepDebugAppMetadata UP-TO-DATE
> Task :writeNoQuickstepDebugSigningConfigVersions UP-TO-DATE
warn: removing resource com.android.launcher3:string/allow_rotation_title without required default value.
warn: removing resource com.android.launcher3:string/folder_name_format_exact without required default value.
warn: removing resource com.android.launcher3:string/folder_name_format_overflow without required default value.
warn: removing resource com.android.launcher3:string/item_added_to_workspace without required default value.
warn: removing resource com.android.launcher3:string/widgets_full_sheet_cancel_button_description without required default value.
warn: removing resource com.android.launcher3:string/widgets_full_sheet_search_bar_hint without required default value.
warn: removing resource com.android.launcher3:string/work_profile_edu_accept without required default value.
07-31 23:29:36.344 30451 30451 E aapt2   : No package ID 7f found for resource ID 0x7f040432.
07-31 23:29:36.344 30451 30451 E aapt2   : No package ID 7f found for resource ID 0x7f0401e7.
07-31 23:29:36.344 30451 30451 E aapt2   : No package ID 7f found for resource ID 0x7f0405ec.
07-31 23:29:36.344 30451 30451 E aapt2   : No package ID 7f found for resource ID 0x7f04054d.
07-31 23:29:36.344 30451 30451 E aapt2   : No package ID 7f found for resource ID 0x7f0402cd.
07-31 23:29:36.344 30451 30451 E aapt2   : No package ID 7f found for resource ID 0x7f0401e8.
07-31 23:29:36.344 30451 30451 E aapt2   : No package ID 7f found for resource ID 0x7f040087.
07-31 23:29:36.344 30451 30451 E aapt2   : No package ID 7f found for resource ID 0x7f04008f.
07-31 23:29:36.344 30451 30451 E aapt2   : No package ID 7f found for resource ID 0x7f04008e.
07-31 23:29:36.344 30451 30451 E aapt2   : No package ID 7f found for resource ID 0x7f0401c2.
07-31 23:29:36.344 30451 30451 E aapt2   : No package ID 7f found for resource ID 0x7f0402ab.
07-31 23:29:36.344 30451 30451 E aapt2   : No package ID 7f found for resource ID 0x7f0402ba.
07-31 23:29:36.344 30451 30451 E aapt2   : No package ID 7f found for resource ID 0x7f0404b1.
07-31 23:29:36.344 30451 30451 E aapt2   : No package ID 7f found for resource ID 0x7f0402eb.
07-31 23:29:36.344 30451 30451 E aapt2   : No package ID 7f found for resource ID 0x7f0404b0.
07-31 23:29:36.344 30451 30451 E aapt2   : No package ID 7f found for resource ID 0x7f0402b9.
07-31 23:29:36.344 30451 30451 E aapt2   : No package ID 7f found for resource ID 0x7f04030d.
07-31 23:29:36.344 30451 30451 E aapt2   : No package ID 7f found for resource ID 0x7f0402b3.
07-31 23:29:36.344 30451 30451 E aapt2   : No package ID 7f found for resource ID 0x7f04020e.
07-31 23:29:36.344 30451 30451 E aapt2   : No package ID 7f found for resource ID 0x7f04013c.
07-31 23:29:36.344 30451 30451 E aapt2   : No package ID 7f found for resource ID 0x7f0402f2.
07-31 23:29:36.344 30451 30451 E aapt2   : No package ID 7f found for resource ID 0x7f040232.
07-31 23:29:36.344 30451 30451 E aapt2   : No package ID 7f found for resource ID 0x7f04002b.
07-31 23:29:36.344 30451 30451 E aapt2   : No package ID 7f found for resource ID 0x7f040029.
07-31 23:29:36.344 30451 30451 E aapt2   : No package ID 7f found for resource ID 0x7f040003.
07-31 23:29:36.344 30451 30451 E aapt2   : No package ID 7f found for resource ID 0x7f0401c7.
07-31 23:29:36.344 30451 30451 E aapt2   : No package ID 7f found for resource ID 0x7f0401c8.
07-31 23:29:36.344 30451 30451 E aapt2   : No package ID 7f found for resource ID 0x7f04057c.
07-31 23:29:36.344 30451 30451 E aapt2   : No package ID 7f found for resource ID 0x7f040067.
07-31 23:29:36.344 30451 30451 E aapt2   : No package ID 7f found for resource ID 0x7f04057a.
07-31 23:29:36.344 30451 30451 E aapt2   : No package ID 7f found for resource ID 0x7f0400e2.
07-31 23:29:36.345 30451 30451 E aapt2   : No package ID 7f found for resource ID 0x7f040389.
07-31 23:29:36.345 30451 30451 E aapt2   : No package ID 7f found for resource ID 0x7f04042c.
07-31 23:29:36.345 30451 30451 E aapt2   : No package ID 7f found for resource ID 0x7f040506.
07-31 23:29:36.345 30451 30451 E aapt2   : No package ID 7f found for resource ID 0x7f040388.
07-31 23:29:36.345 30451 30451 E aapt2   : No package ID 7f found for resource ID 0x7f0404fe.
07-31 23:29:36.345 30451 30451 E aapt2   : No package ID 7f found for resource ID 0x7f0400df.
07-31 23:29:36.345 30451 30451 E aapt2   : No package ID 7f found for resource ID 0x7f0403ef.
07-31 23:29:36.345 30451 30451 E aapt2   : No package ID 7f found for resource ID 0x7f040034.
07-31 23:29:36.345 30451 30451 E aapt2   : No package ID 7f found for resource ID 0x7f04004b.
07-31 23:29:36.345 30451 30451 E aapt2   : No package ID 7f found for resource ID 0x7f0402c1.
07-31 23:29:36.345 30451 30451 E aapt2   : No package ID 7f found for resource ID 0x7f040233.
07-31 23:29:36.345 30451 30451 E aapt2   : No package ID 7f found for resource ID 0x7f04037d.
07-31 23:29:36.345 30451 30451 E aapt2   : No package ID 7f found for resource ID 0x7f04037f.
07-31 23:29:36.345 30451 30451 E aapt2   : No package ID 7f found for resource ID 0x7f04037e.
07-31 23:29:36.345 30451 30451 E aapt2   : No package ID 7f found for resource ID 0x7f04053e.
07-31 23:29:36.345 30451 30451 E aapt2   : No package ID 7f found for resource ID 0x7f040535.
07-31 23:29:36.345 30451 30451 E aapt2   : No package ID 7f found for resource ID 0x7f040536.
07-31 23:29:36.345 30451 30451 E aapt2   : No package ID 7f found for resource ID 0x7f04053b.
07-31 23:29:36.345 30451 30451 E aapt2   : No package ID 7f found for resource ID 0x7f04053a.
07-31 23:29:36.345 30451 30451 E aapt2   : No package ID 7f found for resource ID 0x7f040379.
07-31 23:29:36.345 30451 30451 E aapt2   : No package ID 7f found for resource ID 0x7f040378.
07-31 23:29:36.345 30451 30451 E aapt2   : No package ID 7f found for resource ID 0x7f04037a.
07-31 23:29:36.345 30451 30451 E aapt2   : No package ID 7f found for resource ID 0x7f040525.
07-31 23:29:36.345 30451 30451 E aapt2   : No package ID 7f found for resource ID 0x7f0405db.
07-31 23:29:36.345 30451 30451 E aapt2   : No package ID 7f found for resource ID 0x7f0405dc.
07-31 23:29:36.345 30451 30451 E aapt2   : No package ID 7f found for resource ID 0x7f0405d5.
07-31 23:29:36.345 30451 30451 E aapt2   : No package ID 7f found for resource ID 0x7f0405d6.
07-31 23:29:36.345 30451 30451 E aapt2   : No package ID 7f found for resource ID 0x7f0405d7.
07-31 23:29:36.345 30451 30451 E aapt2   : No package ID 7f found for resource ID 0x7f040580.
07-31 23:29:36.345 30451 30451 E aapt2   : No package ID 7f found for resource ID 0x7f0405b7.
07-31 23:29:36.345 30451 30451 E aapt2   : No package ID 7f found for resource ID 0x7f040083.
07-31 23:29:36.345 30451 30451 E aapt2   : No package ID 7f found for resource ID 0x7f040082.
07-31 23:29:36.345 30451 30451 E aapt2   : No package ID 7f found for resource ID 0x7f040081.
07-31 23:29:36.345 30451 30451 E aapt2   : No package ID 7f found for resource ID 0x7f040080.
07-31 23:29:36.345 30451 30451 E aapt2   : No package ID 7f found for resource ID 0x7f04007f.
07-31 23:29:36.345 30451 30451 E aapt2   : No package ID 7f found for resource ID 0x7f04028d.
07-31 23:29:36.345 30451 30451 E aapt2   : No package ID 7f found for resource ID 0x7f040381.
07-31 23:29:36.345 30451 30451 E aapt2   : No package ID 7f found for resource ID 0x7f040256.
07-31 23:29:36.345 30451 30451 E aapt2   : No package ID 7f found for resource ID 0x7f04032e.
07-31 23:29:36.345 30451 30451 E aapt2   : No package ID 7f found for resource ID 0x7f040297.
07-31 23:29:36.345 30451 30451 E aapt2   : No package ID 7f found for resource ID 0x7f0401f8.
07-31 23:29:36.345 30451 30451 E aapt2   : No package ID 7f found for resource ID 0x7f0401fe.
07-31 23:29:36.345 30451 30451 E aapt2   : No package ID 7f found for resource ID 0x7f0401f9.
07-31 23:29:36.345 30451 30451 E aapt2   : No package ID 7f found for resource ID 0x7f0401f6.
07-31 23:29:36.345 30451 30451 E aapt2   : No package ID 7f found for resource ID 0x7f0401fb.
07-31 23:29:36.345 30451 30451 E aapt2   : No package ID 7f found for resource ID 0x7f0401f7.
07-31 23:29:36.345 30451 30451 E aapt2   : No package ID 7f found for resource ID 0x7f0401fc.
07-31 23:29:36.345 30451 30451 E aapt2   : No package ID 7f found for resource ID 0x7f0401fd.
07-31 23:29:36.345 30451 30451 E aapt2   : No package ID 7f found for resource ID 0x7f040215.
07-31 23:29:36.345 30451 30451 E aapt2   : No package ID 7f found for resource ID 0x7f040636.
07-31 23:29:36.345 30451 30451 E aapt2   : No package ID 7f found for resource ID 0x7f04063f.
07-31 23:29:36.345 30451 30451 E aapt2   : No package ID 7f found for resource ID 0x7f040637.
07-31 23:29:36.345 30451 30451 E aapt2   : No package ID 7f found for resource ID 0x7f040638.
07-31 23:29:36.345 30451 30451 E aapt2   : No package ID 7f found for resource ID 0x7f04063b.
07-31 23:29:36.346 30451 30451 E aapt2   : No package ID 7f found for resource ID 0x7f04063a.
07-31 23:29:36.346 30451 30451 E aapt2   : No package ID 7f found for resource ID 0x7f04063c.
07-31 23:29:36.346 30451 30451 E aapt2   : No package ID 7f found for resource ID 0x7f040639.
07-31 23:29:36.346 30451 30451 E aapt2   : No package ID 7f found for resource ID 0x7f04063d.
07-31 23:29:36.346 30451 30451 E aapt2   : No package ID 7f found for resource ID 0x7f04063e.
07-31 23:29:36.346 30451 30451 E aapt2   : No package ID 7f found for resource ID 0x7f04000b.
07-31 23:29:36.346 30451 30451 E aapt2   : No package ID 7f found for resource ID 0x7f04000a.
07-31 23:29:36.346 30451 30451 E aapt2   : No package ID 7f found for resource ID 0x7f04000c.
07-31 23:29:36.346 30451 30451 E aapt2   : No package ID 7f found for resource ID 0x7f040023.
07-31 23:29:36.346 30451 30451 E aapt2   : No package ID 7f found for resource ID 0x7f040024.
07-31 23:29:36.346 30451 30451 E aapt2   : No package ID 7f found for resource ID 0x7f040006.
07-31 23:29:36.346 30451 30451 E aapt2   : No package ID 7f found for resource ID 0x7f040009.
07-31 23:29:36.346 30451 30451 E aapt2   : No package ID 7f found for resource ID 0x7f040008.
07-31 23:29:36.346 30451 30451 E aapt2   : No package ID 7f found for resource ID 0x7f04000d.
07-31 23:29:36.346 30451 30451 E aapt2   : No package ID 7f found for resource ID 0x7f040021.
07-31 23:29:36.346 30451 30451 E aapt2   : No package ID 7f found for resource ID 0x7f04000e.
07-31 23:29:36.346 30451 30451 E aapt2   : No package ID 7f found for resource ID 0x7f040007.
07-31 23:29:36.346 30451 30451 E aapt2   : No package ID 7f found for resource ID 0x7f040004.
07-31 23:29:36.346 30451 30451 E aapt2   : No package ID 7f found for resource ID 0x7f040005.
07-31 23:29:36.346 30451 30451 E aapt2   : No package ID 7f found for resource ID 0x7f040012.
07-31 23:29:36.346 30451 30451 E aapt2   : No package ID 7f found for resource ID 0x7f040013.
07-31 23:29:36.346 30451 30451 E aapt2   : No package ID 7f found for resource ID 0x7f040020.
07-31 23:29:36.346 30451 30451 E aapt2   : No package ID 7f found for resource ID 0x7f040015.
07-31 23:29:36.346 30451 30451 E aapt2   : No package ID 7f found for resource ID 0x7f040014.
07-31 23:29:36.346 30451 30451 E aapt2   : No package ID 7f found for resource ID 0x7f04001f.
07-31 23:29:36.346 30451 30451 E aapt2   : No package ID 7f found for resource ID 0x7f040017.
07-31 23:29:36.346 30451 30451 E aapt2   : No package ID 7f found for resource ID 0x7f040019.
07-31 23:29:36.346 30451 30451 E aapt2   : No package ID 7f found for resource ID 0x7f040018.
07-31 23:29:36.346 30451 30451 E aapt2   : No package ID 7f found for resource ID 0x7f04001b.
07-31 23:29:36.346 30451 30451 E aapt2   : No package ID 7f found for resource ID 0x7f04001d.
07-31 23:29:36.346 30451 30451 E aapt2   : No package ID 7f found for resource ID 0x7f04001e.
07-31 23:29:36.346 30451 30451 E aapt2   : No package ID 7f found for resource ID 0x7f04001a.
07-31 23:29:36.346 30451 30451 E aapt2   : No package ID 7f found for resource ID 0x7f040022.
07-31 23:29:36.346 30451 30451 E aapt2   : No package ID 7f found for resource ID 0x7f040016.
07-31 23:29:36.346 30451 30451 E aapt2   : No package ID 7f found for resource ID 0x7f04001c.
07-31 23:29:36.346 30451 30451 E aapt2   : No package ID 7f found for resource ID 0x7f040597.
07-31 23:29:36.346 30451 30451 E aapt2   : No package ID 7f found for resource ID 0x7f0405a0.
07-31 23:29:36.346 30451 30451 E aapt2   : No package ID 7f found for resource ID 0x7f04059d.
07-31 23:29:36.346 30451 30451 E aapt2   : No package ID 7f found for resource ID 0x7f0401e2.
07-31 23:29:36.346 30451 30451 E aapt2   : No package ID 7f found for resource ID 0x7f0401e1.
07-31 23:29:36.346 30451 30451 E aapt2   : No package ID 7f found for resource ID 0x7f040387.
07-31 23:29:36.346 30451 30451 E aapt2   : No package ID 7f found for resource ID 0x7f0401dc.
07-31 23:29:36.346 30451 30451 E aapt2   : No package ID 7f found for resource ID 0x7f040010.
07-31 23:29:36.346 30451 30451 E aapt2   : No package ID 7f found for resource ID 0x7f040206.
07-31 23:29:36.346 30451 30451 E aapt2   : No package ID 7f found for resource ID 0x7f040513.
07-31 23:29:36.346 30451 30451 E aapt2   : No package ID 7f found for resource ID 0x7f04000f.
07-31 23:29:36.346 30451 30451 E aapt2   : No package ID 7f found for resource ID 0x7f0400db.
07-31 23:29:36.346 30451 30451 E aapt2   : No package ID 7f found for resource ID 0x7f0400d7.
07-31 23:29:36.346 30451 30451 E aapt2   : No package ID 7f found for resource ID 0x7f0404e2.
07-31 23:29:36.346 30451 30451 E aapt2   : No package ID 7f found for resource ID 0x7f0404e3.
07-31 23:29:36.346 30451 30451 E aapt2   : No package ID 7f found for resource ID 0x7f0400c3.
07-31 23:29:36.346 30451 30451 E aapt2   : No package ID 7f found for resource ID 0x7f0401ef.
07-31 23:29:36.346 30451 30451 E aapt2   : No package ID 7f found for resource ID 0x7f0401ea.
07-31 23:29:36.346 30451 30451 E aapt2   : No package ID 7f found for resource ID 0x7f04002a.
07-31 23:29:36.346 30451 30451 E aapt2   : No package ID 7f found for resource ID 0x7f0405f0.
07-31 23:29:36.346 30451 30451 E aapt2   : No package ID 7f found for resource ID 0x7f0405ef.
07-31 23:29:36.346 30451 30451 E aapt2   : No package ID 7f found for resource ID 0x7f040493.
07-31 23:29:36.346 30451 30451 E aapt2   : No package ID 7f found for resource ID 0x7f04049a.
07-31 23:29:36.346 30451 30451 E aapt2   : No package ID 7f found for resource ID 0x7f04020b.
07-31 23:29:36.346 30451 30451 E aapt2   : No package ID 7f found for resource ID 0x7f04020a.
07-31 23:29:36.346 30451 30451 E aapt2   : No package ID 7f found for resource ID 0x7f0402e5.
07-31 23:29:36.346 30451 30451 E aapt2   : No package ID 7f found for resource ID 0x7f04059f.
07-31 23:29:36.346 30451 30451 E aapt2   : No package ID 7f found for resource ID 0x7f04059e.
07-31 23:29:36.346 30451 30451 E aapt2   : No package ID 7f found for resource ID 0x7f0405ac.
07-31 23:29:36.346 30451 30451 E aapt2   : No package ID 7f found for resource ID 0x7f0404d8.
07-31 23:29:36.346 30451 30451 E aapt2   : No package ID 7f found for resource ID 0x7f04038c.
07-31 23:29:36.346 30451 30451 E aapt2   : No package ID 7f found for resource ID 0x7f04038e.
07-31 23:29:36.346 30451 30451 E aapt2   : No package ID 7f found for resource ID 0x7f04038d.
07-31 23:29:36.346 30451 30451 E aapt2   : No package ID 7f found for resource ID 0x7f040390.
07-31 23:29:36.346 30451 30451 E aapt2   : No package ID 7f found for resource ID 0x7f040391.
07-31 23:29:36.346 30451 30451 E aapt2   : No package ID 7f found for resource ID 0x7f040392.
07-31 23:29:36.346 30451 30451 E aapt2   : No package ID 7f found for resource ID 0x7f04038f.
07-31 23:29:36.346 30451 30451 E aapt2   : No package ID 7f found for resource ID 0x7f040203.
07-31 23:29:36.346 30451 30451 E aapt2   : No package ID 7f found for resource ID 0x7f04038b.
07-31 23:29:36.346 30451 30451 E aapt2   : No package ID 7f found for resource ID 0x7f040599.
07-31 23:29:36.346 30451 30451 E aapt2   : No package ID 7f found for resource ID 0x7f04059a.
07-31 23:29:36.346 30451 30451 E aapt2   : No package ID 7f found for resource ID 0x7f04059b.
07-31 23:29:36.347 30451 30451 E aapt2   : No package ID 7f found for resource ID 0x7f040473.
07-31 23:29:36.347 30451 30451 E aapt2   : No package ID 7f found for resource ID 0x7f040475.
07-31 23:29:36.347 30451 30451 E aapt2   : No package ID 7f found for resource ID 0x7f040474.
07-31 23:29:36.347 30451 30451 E aapt2   : No package ID 7f found for resource ID 0x7f040384.
07-31 23:29:36.347 30451 30451 E aapt2   : No package ID 7f found for resource ID 0x7f04016a.
07-31 23:29:36.347 30451 30451 E aapt2   : No package ID 7f found for resource ID 0x7f04016c.
07-31 23:29:36.347 30451 30451 E aapt2   : No package ID 7f found for resource ID 0x7f04014a.
07-31 23:29:36.347 30451 30451 E aapt2   : No package ID 7f found for resource ID 0x7f040150.
07-31 23:29:36.347 30451 30451 E aapt2   : No package ID 7f found for resource ID 0x7f04014e.
07-31 23:29:36.347 30451 30451 E aapt2   : No package ID 7f found for resource ID 0x7f04014f.
07-31 23:29:36.347 30451 30451 E aapt2   : No package ID 7f found for resource ID 0x7f04014c.
07-31 23:29:36.347 30451 30451 E aapt2   : No package ID 7f found for resource ID 0x7f040181.
07-31 23:29:36.347 30451 30451 E aapt2   : No package ID 7f found for resource ID 0x7f0401a2.
07-31 23:29:36.347 30451 30451 E aapt2   : No package ID 7f found for resource ID 0x7f04014b.
07-31 23:29:36.347 30451 30451 E aapt2   : No package ID 7f found for resource ID 0x7f040031.
07-31 23:29:36.347 30451 30451 E aapt2   : No package ID 7f found for resource ID 0x7f04002f.
07-31 23:29:36.347 30451 30451 E aapt2   : No package ID 7f found for resource ID 0x7f040030.
07-31 23:29:36.347 30451 30451 E aapt2   : No package ID 7f found for resource ID 0x7f040032.
07-31 23:29:36.347 30451 30451 E aapt2   : No package ID 7f found for resource ID 0x7f0405ab.
07-31 23:29:36.347 30451 30451 E aapt2   : No package ID 7f found for resource ID 0x7f0400da.
07-31 23:29:36.347 30451 30451 E aapt2   : No package ID 7f found for resource ID 0x7f0400d8.
07-31 23:29:36.347 30451 30451 E aapt2   : No package ID 7f found for resource ID 0x7f0400d9.
07-31 23:29:36.347 30451 30451 E aapt2   : No package ID 7f found for resource ID 0x7f04007d.
07-31 23:29:36.347 30451 30451 E aapt2   : No package ID 7f found for resource ID 0x7f0400e3.
07-31 23:29:36.347 30451 30451 E aapt2   : No package ID 7f found for resource ID 0x7f0400e4.
07-31 23:29:36.347 30451 30451 E aapt2   : No package ID 7f found for resource ID 0x7f040106.
07-31 23:29:36.347 30451 30451 E aapt2   : No package ID 7f found for resource ID 0x7f040111.
07-31 23:29:36.347 30451 30451 E aapt2   : No package ID 7f found for resource ID 0x7f04020d.
07-31 23:29:36.347 30451 30451 E aapt2   : No package ID 7f found for resource ID 0x7f0404b9.
07-31 23:29:36.347 30451 30451 E aapt2   : No package ID 7f found for resource ID 0x7f0404bb.
07-31 23:29:36.347 30451 30451 E aapt2   : No package ID 7f found for resource ID 0x7f0404bc.
07-31 23:29:36.347 30451 30451 E aapt2   : No package ID 7f found for resource ID 0x7f0404bd.
07-31 23:29:36.347 30451 30451 E aapt2   : No package ID 7f found for resource ID 0x7f0404e0.
07-31 23:29:36.347 30451 30451 E aapt2   : No package ID 7f found for resource ID 0x7f040514.
07-31 23:29:36.347 30451 30451 E aapt2   : No package ID 7f found for resource ID 0x7f040559.
07-31 23:29:36.347 30451 30451 E aapt2   : No package ID 7f found for resource ID 0x7f04038a.
07-31 23:29:36.347 30451 30451 E aapt2   : No package ID 7f found for resource ID 0x7f0405f3.
07-31 23:29:36.347 30451 30451 E aapt2   : No package ID 7f found for resource ID 0x7f0405f2.
07-31 23:29:36.347 30451 30451 E aapt2   : No package ID 7f found for resource ID 0x7f040151.
07-31 23:29:36.347 30451 30451 E aapt2   : No package ID 7f found for resource ID 0x7f040621.
07-31 23:29:36.347 30451 30451 E aapt2   : No package ID 7f found for resource ID 0x7f040386.
07-31 23:29:36.347 30451 30451 E aapt2   : No package ID 7f found for resource ID 0x7f040385.
07-31 23:29:36.347 30451 30451 E aapt2   : No package ID 7f found for resource ID 0x7f040078.
07-31 23:29:36.347 30451 30451 E aapt2   : No package ID 7f found for resource ID 0x7f040079.
07-31 23:29:36.348 30451 30451 E aapt2   : No package ID 7f found for resource ID 0x7f040094.
07-31 23:29:36.348 30451 30451 E aapt2   : No package ID 7f found for resource ID 0x7f04009c.
07-31 23:29:36.348 30451 30451 E aapt2   : No package ID 7f found for resource ID 0x7f04009b.
07-31 23:29:36.348 30451 30451 E aapt2   : No package ID 7f found for resource ID 0x7f04009f.
07-31 23:29:36.348 30451 30451 E aapt2   : No package ID 7f found for resource ID 0x7f04009d.
07-31 23:29:36.348 30451 30451 E aapt2   : No package ID 7f found for resource ID 0x7f0400a2.
07-31 23:29:36.348 30451 30451 E aapt2   : No package ID 7f found for resource ID 0x7f040093.
07-31 23:29:36.348 30451 30451 E aapt2   : No package ID 7f found for resource ID 0x7f04009e.
07-31 23:29:36.348 30451 30451 E aapt2   : No package ID 7f found for resource ID 0x7f040088.
07-31 23:29:36.348 30451 30451 E aapt2   : No package ID 7f found for resource ID 0x7f04009a.
07-31 23:29:36.348 30451 30451 E aapt2   : No package ID 7f found for resource ID 0x7f0403d4.
07-31 23:29:36.348 30451 30451 E aapt2   : No package ID 7f found for resource ID 0x7f0403db.
07-31 23:29:36.348 30451 30451 E aapt2   : No package ID 7f found for resource ID 0x7f040098.
07-31 23:29:36.348 30451 30451 E aapt2   : No package ID 7f found for resource ID 0x7f04044d.
07-31 23:29:36.348 30451 30451 E aapt2   : No package ID 7f found for resource ID 0x7f040092.
07-31 23:29:36.348 30451 30451 E aapt2   : No package ID 7f found for resource ID 0x7f040099.
07-31 23:29:36.348 30451 30451 E aapt2   : No package ID 7f found for resource ID 0x7f040095.
07-31 23:29:36.348 30451 30451 E aapt2   : No package ID 7f found for resource ID 0x7f040096.
07-31 23:29:36.348 30451 30451 E aapt2   : No package ID 7f found for resource ID 0x7f0400a0.
07-31 23:29:36.348 30451 30451 E aapt2   : No package ID 7f found for resource ID 0x7f0400a1.
07-31 23:29:36.348 30451 30451 E aapt2   : No package ID 7f found for resource ID 0x7f040451.
07-31 23:29:36.348 30451 30451 E aapt2   : No package ID 7f found for resource ID 0x7f0402bf.
07-31 23:29:36.348 30451 30451 E aapt2   : No package ID 7f found for resource ID 0x7f04061f.
07-31 23:29:36.348 30451 30451 E aapt2   : No package ID 7f found for resource ID 0x7f0402c0.
07-31 23:29:36.348 30451 30451 E aapt2   : No package ID 7f found for resource ID 0x7f040620.
07-31 23:29:36.348 30451 30451 E aapt2   : No package ID 7f found for resource ID 0x7f04032d.
07-31 23:29:36.348 30451 30451 E aapt2   : No package ID 7f found for resource ID 0x7f04007b.
07-31 23:29:36.348 30451 30451 E aapt2   : No package ID 7f found for resource ID 0x7f040605.
07-31 23:29:36.348 30451 30451 E aapt2   : No package ID 7f found for resource ID 0x7f0405fe.
07-31 23:29:36.348 30451 30451 E aapt2   : No package ID 7f found for resource ID 0x7f0402ec.
07-31 23:29:36.348 30451 30451 E aapt2   : No package ID 7f found for resource ID 0x7f0405fb.
07-31 23:29:36.348 30451 30451 E aapt2   : No package ID 7f found for resource ID 0x7f0404f5.
07-31 23:29:36.348 30451 30451 E aapt2   : No package ID 7f found for resource ID 0x7f0402b0.
07-31 23:29:36.348 30451 30451 E aapt2   : No package ID 7f found for resource ID 0x7f0404f7.
07-31 23:29:36.348 30451 30451 E aapt2   : No package ID 7f found for resource ID 0x7f0403f3.
07-31 23:29:36.348 30451 30451 E aapt2   : No package ID 7f found for resource ID 0x7f0402f1.
07-31 23:29:36.348 30451 30451 E aapt2   : No package ID 7f found for resource ID 0x7f040090.
07-31 23:29:36.348 30451 30451 E aapt2   : No package ID 7f found for resource ID 0x7f040431.
07-31 23:29:36.348 30451 30451 E aapt2   : No package ID 7f found for resource ID 0x7f04020e.
07-31 23:29:36.348 30451 30451 E aapt2   : No package ID 7f found for resource ID 0x7f040245.
07-31 23:29:36.348 30451 30451 E aapt2   : No package ID 7f found for resource ID 0x7f040247.
07-31 23:29:36.348 30451 30451 E aapt2   : No package ID 7f found for resource ID 0x7f040248.
07-31 23:29:36.348 30451 30451 E aapt2   : No package ID 7f found for resource ID 0x7f040249.
07-31 23:29:36.348 30451 30451 E aapt2   : No package ID 7f found for resource ID 0x7f04024a.
07-31 23:29:36.349 30451 30451 E aapt2   : No package ID 7f found for resource ID 0x7f04024b.
07-31 23:29:36.349 30451 30451 E aapt2   : No package ID 7f found for resource ID 0x7f040246.
07-31 23:29:36.349 30451 30451 E aapt2   : No package ID 7f found for resource ID 0x7f0404c7.
07-31 23:29:36.349 30451 30451 E aapt2   : No package ID 7f found for resource ID 0x7f04002d.
07-31 23:29:36.349 30451 30451 E aapt2   : No package ID 7f found for resource ID 0x7f0402b4.
07-31 23:29:36.349 30451 30451 E aapt2   : No package ID 7f found for resource ID 0x7f040468.
07-31 23:29:36.349 30451 30451 E aapt2   : No package ID 7f found for resource ID 0x7f04046a.
07-31 23:29:36.349 30451 30451 E aapt2   : No package ID 7f found for resource ID 0x7f04046b.
07-31 23:29:36.349 30451 30451 E aapt2   : No package ID 7f found for resource ID 0x7f0403e1.
07-31 23:29:36.349 30451 30451 E aapt2   : No package ID 7f found for resource ID 0x7f040307.
07-31 23:29:36.349 30451 30451 E aapt2   : No package ID 7f found for resource ID 0x7f040187.
07-31 23:29:36.349 30451 30451 E aapt2   : No package ID 7f found for resource ID 0x7f0404e7.
07-31 23:29:36.349 30451 30451 E aapt2   : No package ID 7f found for resource ID 0x7f0404ef.
07-31 23:29:36.349 30451 30451 E aapt2   : No package ID 7f found for resource ID 0x7f0400af.
07-31 23:29:36.349 30451 30451 E aapt2   : No package ID 7f found for resource ID 0x7f0400ad.
07-31 23:29:36.349 30451 30451 E aapt2   : No package ID 7f found for resource ID 0x7f0400b2.
07-31 23:29:36.349 30451 30451 E aapt2   : No package ID 7f found for resource ID 0x7f0400ab.
07-31 23:29:36.349 30451 30451 E aapt2   : No package ID 7f found for resource ID 0x7f0400a9.
07-31 23:29:36.349 30451 30451 E aapt2   : No package ID 7f found for resource ID 0x7f0400ac.
07-31 23:29:36.349 30451 30451 E aapt2   : No package ID 7f found for resource ID 0x7f0400aa.
07-31 23:29:36.349 30451 30451 E aapt2   : No package ID 7f found for resource ID 0x7f0400b1.
07-31 23:29:36.349 30451 30451 E aapt2   : No package ID 7f found for resource ID 0x7f0400b0.
07-31 23:29:36.349 30451 30451 E aapt2   : No package ID 7f found for resource ID 0x7f04029f.
07-31 23:29:36.349 30451 30451 E aapt2   : No package ID 7f found for resource ID 0x7f04046f.
07-31 23:29:36.349 30451 30451 E aapt2   : No package ID 7f found for resource ID 0x7f04039b.
07-31 23:29:36.349 30451 30451 E aapt2   : No package ID 7f found for resource ID 0x7f04039c.
07-31 23:29:36.349 30451 30451 E aapt2   : No package ID 7f found for resource ID 0x7f04039d.
07-31 23:29:36.349 30451 30451 E aapt2   : No package ID 7f found for resource ID 0x7f0404f4.
07-31 23:29:36.349 30451 30451 E aapt2   : No package ID 7f found for resource ID 0x7f040334.
07-31 23:29:36.349 30451 30451 E aapt2   : No package ID 7f found for resource ID 0x7f0402d7.
07-31 23:29:36.349 30451 30451 E aapt2   : No package ID 7f found for resource ID 0x7f0402ce.
07-31 23:29:36.349 30451 30451 E aapt2   : No package ID 7f found for resource ID 0x7f040100.
07-31 23:29:36.349 30451 30451 E aapt2   : No package ID 7f found for resource ID 0x7f040062.
07-31 23:29:36.350 30451 30451 E aapt2   : No package ID 7f found for resource ID 0x7f0404b8.
07-31 23:29:36.350 30451 30451 E aapt2   : No package ID 7f found for resource ID 0x7f0404f2.
07-31 23:29:36.350 30451 30451 E aapt2   : No package ID 7f found for resource ID 0x7f0400ea.
07-31 23:29:36.350 30451 30451 E aapt2   : No package ID 7f found for resource ID 0x7f0400eb.
07-31 23:29:36.350 30451 30451 E aapt2   : No package ID 7f found for resource ID 0x7f0400ec.
07-31 23:29:36.350 30451 30451 E aapt2   : No package ID 7f found for resource ID 0x7f0400ee.
07-31 23:29:36.350 30451 30451 E aapt2   : No package ID 7f found for resource ID 0x7f0400f0.
07-31 23:29:36.350 30451 30451 E aapt2   : No package ID 7f found for resource ID 0x7f0400ef.
07-31 23:29:36.350 30451 30451 E aapt2   : No package ID 7f found for resource ID 0x7f040199.
07-31 23:29:36.350 30451 30451 E aapt2   : No package ID 7f found for resource ID 0x7f04019c.
07-31 23:29:36.350 30451 30451 E aapt2   : No package ID 7f found for resource ID 0x7f04019d.
07-31 23:29:36.350 30451 30451 E aapt2   : No package ID 7f found for resource ID 0x7f04019f.
07-31 23:29:36.350 30451 30451 E aapt2   : No package ID 7f found for resource ID 0x7f04019a.
07-31 23:29:36.350 30451 30451 E aapt2   : No package ID 7f found for resource ID 0x7f0400f5.
07-31 23:29:36.350 30451 30451 E aapt2   : No package ID 7f found for resource ID 0x7f0400f9.
07-31 23:29:36.350 30451 30451 E aapt2   : No package ID 7f found for resource ID 0x7f0400f8.
07-31 23:29:36.350 30451 30451 E aapt2   : No package ID 7f found for resource ID 0x7f0400f7.
07-31 23:29:36.350 30451 30451 E aapt2   : No package ID 7f found for resource ID 0x7f0400f6.
07-31 23:29:36.350 30451 30451 E aapt2   : No package ID 7f found for resource ID 0x7f0400f3.
07-31 23:29:36.350 30451 30451 E aapt2   : No package ID 7f found for resource ID 0x7f0400fb.
07-31 23:29:36.350 30451 30451 E aapt2   : No package ID 7f found for resource ID 0x7f0400fa.
07-31 23:29:36.350 30451 30451 E aapt2   : No package ID 7f found for resource ID 0x7f0400fc.
07-31 23:29:36.350 30451 30451 E aapt2   : No package ID 7f found for resource ID 0x7f0400f4.
07-31 23:29:36.350 30451 30451 E aapt2   : No package ID 7f found for resource ID 0x7f0400f2.
07-31 23:29:36.350 30451 30451 E aapt2   : No package ID 7f found for resource ID 0x7f040190.
07-31 23:29:36.350 30451 30451 E aapt2   : No package ID 7f found for resource ID 0x7f0401e4.
07-31 23:29:36.350 30451 30451 E aapt2   : No package ID 7f found for resource ID 0x7f0403d2.
07-31 23:29:36.350 30451 30451 E aapt2   : No package ID 7f found for resource ID 0x7f0403d8.
07-31 23:29:36.350 30451 30451 E aapt2   : No package ID 7f found for resource ID 0x7f0403d9.
07-31 23:29:36.350 30451 30451 E aapt2   : No package ID 7f found for resource ID 0x7f0402cf.
07-31 23:29:36.350 30451 30451 E aapt2   : No package ID 7f found for resource ID 0x7f040554.
07-31 23:29:36.350 30451 30451 E aapt2   : No package ID 7f found for resource ID 0x7f040553.
07-31 23:29:36.350 30451 30451 E aapt2   : No package ID 7f found for resource ID 0x7f0401e5.
07-31 23:29:36.350 30451 30451 E aapt2   : No package ID 7f found for resource ID 0x7f040103.
07-31 23:29:36.350 30451 30451 E aapt2   : No package ID 7f found for resource ID 0x7f040104.
07-31 23:29:36.350 30451 30451 E aapt2   : No package ID 7f found for resource ID 0x7f040105.
07-31 23:29:36.350 30451 30451 E aapt2   : No package ID 7f found for resource ID 0x7f040125.
07-31 23:29:36.350 30451 30451 E aapt2   : No package ID 7f found for resource ID 0x7f040112.
07-31 23:29:36.350 30451 30451 E aapt2   : No package ID 7f found for resource ID 0x7f04011b.
07-31 23:29:36.350 30451 30451 E aapt2   : No package ID 7f found for resource ID 0x7f040113.
07-31 23:29:36.350 30451 30451 E aapt2   : No package ID 7f found for resource ID 0x7f040122.
07-31 23:29:36.350 30451 30451 E aapt2   : No package ID 7f found for resource ID 0x7f040123.
07-31 23:29:36.350 30451 30451 E aapt2   : No package ID 7f found for resource ID 0x7f0404ca.
07-31 23:29:36.350 30451 30451 E aapt2   : No package ID 7f found for resource ID 0x7f04011c.
07-31 23:29:36.350 30451 30451 E aapt2   : No package ID 7f found for resource ID 0x7f040223.
07-31 23:29:36.350 30451 30451 E aapt2   : No package ID 7f found for resource ID 0x7f04011a.
07-31 23:29:36.350 30451 30451 E aapt2   : No package ID 7f found for resource ID 0x7f040117.
07-31 23:29:36.350 30451 30451 E aapt2   : No package ID 7f found for resource ID 0x7f040116.
07-31 23:29:36.350 30451 30451 E aapt2   : No package ID 7f found for resource ID 0x7f040119.
07-31 23:29:36.350 30451 30451 E aapt2   : No package ID 7f found for resource ID 0x7f040118.
07-31 23:29:36.351 30451 30451 E aapt2   : No package ID 7f found for resource ID 0x7f04013b.
07-31 23:29:36.351 30451 30451 E aapt2   : No package ID 7f found for resource ID 0x7f040136.
07-31 23:29:36.351 30451 30451 E aapt2   : No package ID 7f found for resource ID 0x7f040135.
07-31 23:29:36.351 30451 30451 E aapt2   : No package ID 7f found for resource ID 0x7f04013a.
07-31 23:29:36.351 30451 30451 E aapt2   : No package ID 7f found for resource ID 0x7f040138.
07-31 23:29:36.351 30451 30451 E aapt2   : No package ID 7f found for resource ID 0x7f04010f.
07-31 23:29:36.351 30451 30451 E aapt2   : No package ID 7f found for resource ID 0x7f04010a.
07-31 23:29:36.351 30451 30451 E aapt2   : No package ID 7f found for resource ID 0x7f040109.
07-31 23:29:36.351 30451 30451 E aapt2   : No package ID 7f found for resource ID 0x7f04010e.
07-31 23:29:36.351 30451 30451 E aapt2   : No package ID 7f found for resource ID 0x7f0404fa.
07-31 23:29:36.351 30451 30451 E aapt2   : No package ID 7f found for resource ID 0x7f0402b1.
07-31 23:29:36.351 30451 30451 E aapt2   : No package ID 7f found for resource ID 0x7f040121.
07-31 23:29:36.351 30451 30451 E aapt2   : No package ID 7f found for resource ID 0x7f0402db.
07-31 23:29:36.351 30451 30451 E aapt2   : No package ID 7f found for resource ID 0x7f0402d0.
07-31 23:29:36.351 30451 30451 E aapt2   : No package ID 7f found for resource ID 0x7f0405bc.
07-31 23:29:36.351 30451 30451 E aapt2   : No package ID 7f found for resource ID 0x7f0405ad.
07-31 23:29:36.351 30451 30451 E aapt2   : No package ID 7f found for resource ID 0x7f040139.
07-31 23:29:36.351 30451 30451 E aapt2   : No package ID 7f found for resource ID 0x7f040137.
07-31 23:29:36.351 30451 30451 E aapt2   : No package ID 7f found for resource ID 0x7f040114.
07-31 23:29:36.351 30451 30451 E aapt2   : No package ID 7f found for resource ID 0x7f04011d.
07-31 23:29:36.351 30451 30451 E aapt2   : No package ID 7f found for resource ID 0x7f04011e.
07-31 23:29:36.351 30451 30451 E aapt2   : No package ID 7f found for resource ID 0x7f04011f.
07-31 23:29:36.351 30451 30451 E aapt2   : No package ID 7f found for resource ID 0x7f040507.
07-31 23:29:36.351 30451 30451 E aapt2   : No package ID 7f found for resource ID 0x7f040509.
07-31 23:29:36.351 30451 30451 E aapt2   : No package ID 7f found for resource ID 0x7f0404e4.
07-31 23:29:36.351 30451 30451 E aapt2   : No package ID 7f found for resource ID 0x7f040108.
07-31 23:29:36.351 30451 30451 E aapt2   : No package ID 7f found for resource ID 0x7f0402f0.
07-31 23:29:36.351 30451 30451 E aapt2   : No package ID 7f found for resource ID 0x7f0402ef.
07-31 23:29:36.351 30451 30451 E aapt2   : No package ID 7f found for resource ID 0x7f0402ed.
07-31 23:29:36.351 30451 30451 E aapt2   : No package ID 7f found for resource ID 0x7f040134.
07-31 23:29:36.351 30451 30451 E aapt2   : No package ID 7f found for resource ID 0x7f040131.
07-31 23:29:36.351 30451 30451 E aapt2   : No package ID 7f found for resource ID 0x7f040132.
07-31 23:29:36.351 30451 30451 E aapt2   : No package ID 7f found for resource ID 0x7f0403bc.
07-31 23:29:36.351 30451 30451 E aapt2   : No package ID 7f found for resource ID 0x7f0404e5.
07-31 23:29:36.351 30451 30451 E aapt2   : No package ID 7f found for resource ID 0x7f040236.
07-31 23:29:36.351 30451 30451 E aapt2   : No package ID 7f found for resource ID 0x7f040239.
07-31 23:29:36.351 30451 30451 E aapt2   : No package ID 7f found for resource ID 0x7f04023a.
07-31 23:29:36.351 30451 30451 E aapt2   : No package ID 7f found for resource ID 0x7f040238.
07-31 23:29:36.351 30451 30451 E aapt2   : No package ID 7f found for resource ID 0x7f040237.
07-31 23:29:36.351 30451 30451 E aapt2   : No package ID 7f found for resource ID 0x7f04023b.
07-31 23:29:36.351 30451 30451 E aapt2   : No package ID 7f found for resource ID 0x7f040142.
07-31 23:29:36.351 30451 30451 E aapt2   : No package ID 7f found for resource ID 0x7f0405eb.
07-31 23:29:36.351 30451 30451 E aapt2   : No package ID 7f found for resource ID 0x7f04023c.
07-31 23:29:36.351 30451 30451 E aapt2   : No package ID 7f found for resource ID 0x7f040143.
07-31 23:29:36.351 30451 30451 E aapt2   : No package ID 7f found for resource ID 0x7f0401a0.
07-31 23:29:36.351 30451 30451 E aapt2   : No package ID 7f found for resource ID 0x7f04053f.
07-31 23:29:36.351 30451 30451 E aapt2   : No package ID 7f found for resource ID 0x7f0405ee.
07-31 23:29:36.351 30451 30451 E aapt2   : No package ID 7f found for resource ID 0x7f0404d4.
07-31 23:29:36.351 30451 30451 E aapt2   : No package ID 7f found for resource ID 0x7f0404d2.
07-31 23:29:36.351 30451 30451 E aapt2   : No package ID 7f found for resource ID 0x7f040141.
07-31 23:29:36.351 30451 30451 E aapt2   : No package ID 7f found for resource ID 0x7f040235.
07-31 23:29:36.351 30451 30451 E aapt2   : No package ID 7f found for resource ID 0x7f0405e1.
07-31 23:29:36.351 30451 30451 E aapt2   : No package ID 7f found for resource ID 0x7f0405de.
07-31 23:29:36.351 30451 30451 E aapt2   : No package ID 7f found for resource ID 0x7f0405e0.
07-31 23:29:36.351 30451 30451 E aapt2   : No package ID 7f found for resource ID 0x7f0403da.
07-31 23:29:36.351 30451 30451 E aapt2   : No package ID 7f found for resource ID 0x7f040299.
07-31 23:29:36.351 30451 30451 E aapt2   : No package ID 7f found for resource ID 0x7f040244.
07-31 23:29:36.352 30451 30451 E aapt2   : No package ID 7f found for resource ID 0x7f0405e8.
07-31 23:29:36.352 30451 30451 E aapt2   : No package ID 7f found for resource ID 0x7f040339.
07-31 23:29:36.352 30451 30451 E aapt2   : No package ID 7f found for resource ID 0x7f04033a.
07-31 23:29:36.352 30451 30451 E aapt2   : No package ID 7f found for resource ID 0x7f040063.
07-31 23:29:36.352 30451 30451 E aapt2   : No package ID 7f found for resource ID 0x7f040329.
07-31 23:29:36.352 30451 30451 E aapt2   : No package ID 7f found for resource ID 0x7f0400dc.
07-31 23:29:36.352 30451 30451 E aapt2   : No package ID 7f found for resource ID 0x7f0400e5.
07-31 23:29:36.352 30451 30451 E aapt2   : No package ID 7f found for resource ID 0x7f0400e6.
07-31 23:29:36.352 30451 30451 E aapt2   : No package ID 7f found for resource ID 0x7f040626.
07-31 23:29:36.352 30451 30451 E aapt2   : No package ID 7f found for resource ID 0x7f040483.
07-31 23:29:36.352 30451 30451 E aapt2   : No package ID 7f found for resource ID 0x7f040608.
07-31 23:29:36.352 30451 30451 E aapt2   : No package ID 7f found for resource ID 0x7f040364.
07-31 23:29:36.352 30451 30451 E aapt2   : No package ID 7f found for resource ID 0x7f04034d.
07-31 23:29:36.352 30451 30451 E aapt2   : No package ID 7f found for resource ID 0x7f040344.
07-31 23:29:36.352 30451 30451 E aapt2   : No package ID 7f found for resource ID 0x7f040346.
07-31 23:29:36.352 30451 30451 E aapt2   : No package ID 7f found for resource ID 0x7f040345.
07-31 23:29:36.352 30451 30451 E aapt2   : No package ID 7f found for resource ID 0x7f04034a.
07-31 23:29:36.352 30451 30451 E aapt2   : No package ID 7f found for resource ID 0x7f04034b.
07-31 23:29:36.352 30451 30451 E aapt2   : No package ID 7f found for resource ID 0x7f04034c.
07-31 23:29:36.352 30451 30451 E aapt2   : No package ID 7f found for resource ID 0x7f0402a7.
07-31 23:29:36.352 30451 30451 E aapt2   : No package ID 7f found for resource ID 0x7f040356.
07-31 23:29:36.352 30451 30451 E aapt2   : No package ID 7f found for resource ID 0x7f040357.
07-31 23:29:36.352 30451 30451 E aapt2   : No package ID 7f found for resource ID 0x7f040359.
07-31 23:29:36.352 30451 30451 E aapt2   : No package ID 7f found for resource ID 0x7f04035a.
07-31 23:29:36.352 30451 30451 E aapt2   : No package ID 7f found for resource ID 0x7f040360.
07-31 23:29:36.352 30451 30451 E aapt2   : No package ID 7f found for resource ID 0x7f04035f.
07-31 23:29:36.352 30451 30451 E aapt2   : No package ID 7f found for resource ID 0x7f040343.
07-31 23:29:36.352 30451 30451 E aapt2   : No package ID 7f found for resource ID 0x7f040342.
07-31 23:29:36.352 30451 30451 E aapt2   : No package ID 7f found for resource ID 0x7f04033e.
07-31 23:29:36.352 30451 30451 E aapt2   : No package ID 7f found for resource ID 0x7f040340.
07-31 23:29:36.352 30451 30451 E aapt2   : No package ID 7f found for resource ID 0x7f04033f.
07-31 23:29:36.352 30451 30451 E aapt2   : No package ID 7f found for resource ID 0x7f04035b.
07-31 23:29:36.352 30451 30451 E aapt2   : No package ID 7f found for resource ID 0x7f04035c.
07-31 23:29:36.352 30451 30451 E aapt2   : No package ID 7f found for resource ID 0x7f040349.
07-31 23:29:36.352 30451 30451 E aapt2   : No package ID 7f found for resource ID 0x7f040348.
07-31 23:29:36.352 30451 30451 E aapt2   : No package ID 7f found for resource ID 0x7f04036f.
07-31 23:29:36.352 30451 30451 E aapt2   : No package ID 7f found for resource ID 0x7f040372.
07-31 23:29:36.352 30451 30451 E aapt2   : No package ID 7f found for resource ID 0x7f040370.
07-31 23:29:36.352 30451 30451 E aapt2   : No package ID 7f found for resource ID 0x7f04036d.
07-31 23:29:36.352 30451 30451 E aapt2   : No package ID 7f found for resource ID 0x7f040371.
07-31 23:29:36.352 30451 30451 E aapt2   : No package ID 7f found for resource ID 0x7f04036e.
07-31 23:29:36.352 30451 30451 E aapt2   : No package ID 7f found for resource ID 0x7f04036c.
07-31 23:29:36.352 30451 30451 E aapt2   : No package ID 7f found for resource ID 0x7f040376.
07-31 23:29:36.352 30451 30451 E aapt2   : No package ID 7f found for resource ID 0x7f04033c.
07-31 23:29:36.352 30451 30451 E aapt2   : No package ID 7f found for resource ID 0x7f04033b.
07-31 23:29:36.352 30451 30451 E aapt2   : No package ID 7f found for resource ID 0x7f040352.
07-31 23:29:36.352 30451 30451 E aapt2   : No package ID 7f found for resource ID 0x7f040361.
07-31 23:29:36.352 30451 30451 E aapt2   : No package ID 7f found for resource ID 0x7f040365.
07-31 23:29:36.352 30451 30451 E aapt2   : No package ID 7f found for resource ID 0x7f04034e.
07-31 23:29:36.353 30451 30451 E aapt2   : No package ID 7f found for resource ID 0x7f040367.
07-31 23:29:36.353 30451 30451 E aapt2   : No package ID 7f found for resource ID 0x7f040366.
07-31 23:29:36.353 30451 30451 E aapt2   : No package ID 7f found for resource ID 0x7f040368.
07-31 23:29:36.353 30451 30451 E aapt2   : No package ID 7f found for resource ID 0x7f040350.
07-31 23:29:36.353 30451 30451 E aapt2   : No package ID 7f found for resource ID 0x7f04034f.
07-31 23:29:36.353 30451 30451 E aapt2   : No package ID 7f found for resource ID 0x7f040351.
07-31 23:29:36.353 30451 30451 E aapt2   : No package ID 7f found for resource ID 0x7f040355.
07-31 23:29:36.353 30451 30451 E aapt2   : No package ID 7f found for resource ID 0x7f04035e.
07-31 23:29:36.353 30451 30451 E aapt2   : No package ID 7f found for resource ID 0x7f040358.
07-31 23:29:36.353 30451 30451 E aapt2   : No package ID 7f found for resource ID 0x7f040341.
07-31 23:29:36.353 30451 30451 E aapt2   : No package ID 7f found for resource ID 0x7f04033d.
07-31 23:29:36.353 30451 30451 E aapt2   : No package ID 7f found for resource ID 0x7f040347.
07-31 23:29:36.353 30451 30451 E aapt2   : No package ID 7f found for resource ID 0x7f040354.
07-31 23:29:36.353 30451 30451 E aapt2   : No package ID 7f found for resource ID 0x7f040363.
07-31 23:29:36.353 30451 30451 E aapt2   : No package ID 7f found for resource ID 0x7f040353.
07-31 23:29:36.353 30451 30451 E aapt2   : No package ID 7f found for resource ID 0x7f040362.
07-31 23:29:36.353 30451 30451 E aapt2   : No package ID 7f found for resource ID 0x7f04036a.
07-31 23:29:36.353 30451 30451 E aapt2   : No package ID 7f found for resource ID 0x7f04036b.
07-31 23:29:36.353 30451 30451 E aapt2   : No package ID 7f found for resource ID 0x7f04037c.
07-31 23:29:36.353 30451 30451 E aapt2   : No package ID 7f found for resource ID 0x7f0400a5.
07-31 23:29:36.353 30451 30451 E aapt2   : No package ID 7f found for resource ID 0x7f0400a6.
07-31 23:29:36.353 30451 30451 E aapt2   : No package ID 7f found for resource ID 0x7f04018c.
07-31 23:29:36.353 30451 30451 E aapt2   : No package ID 7f found for resource ID 0x7f04018d.
07-31 23:29:36.353 30451 30451 E aapt2   : No package ID 7f found for resource ID 0x7f0400a4.
07-31 23:29:36.353 30451 30451 E aapt2   : No package ID 7f found for resource ID 0x7f040101.
07-31 23:29:36.353 30451 30451 E aapt2   : No package ID 7f found for resource ID 0x7f04026e.
07-31 23:29:36.353 30451 30451 E aapt2   : No package ID 7f found for resource ID 0x7f040278.
07-31 23:29:36.353 30451 30451 E aapt2   : No package ID 7f found for resource ID 0x7f040275.
07-31 23:29:36.353 30451 30451 E aapt2   : No package ID 7f found for resource ID 0x7f04026b.
07-31 23:29:36.353 30451 30451 E aapt2   : No package ID 7f found for resource ID 0x7f040276.
07-31 23:29:36.353 30451 30451 E aapt2   : No package ID 7f found for resource ID 0x7f04026c.
07-31 23:29:36.353 30451 30451 E aapt2   : No package ID 7f found for resource ID 0x7f040279.
07-31 23:29:36.353 30451 30451 E aapt2   : No package ID 7f found for resource ID 0x7f040273.
07-31 23:29:36.353 30451 30451 E aapt2   : No package ID 7f found for resource ID 0x7f04026d.
07-31 23:29:36.353 30451 30451 E aapt2   : No package ID 7f found for resource ID 0x7f040277.
07-31 23:29:36.353 30451 30451 E aapt2   : No package ID 7f found for resource ID 0x7f040268.
07-31 23:29:36.353 30451 30451 E aapt2   : No package ID 7f found for resource ID 0x7f04026a.
07-31 23:29:36.353 30451 30451 E aapt2   : No package ID 7f found for resource ID 0x7f040267.
07-31 23:29:36.353 30451 30451 E aapt2   : No package ID 7f found for resource ID 0x7f040269.
07-31 23:29:36.353 30451 30451 E aapt2   : No package ID 7f found for resource ID 0x7f040270.
07-31 23:29:36.353 30451 30451 E aapt2   : No package ID 7f found for resource ID 0x7f040272.
07-31 23:29:36.353 30451 30451 E aapt2   : No package ID 7f found for resource ID 0x7f04026f.
07-31 23:29:36.353 30451 30451 E aapt2   : No package ID 7f found for resource ID 0x7f040271.
07-31 23:29:36.353 30451 30451 E aapt2   : No package ID 7f found for resource ID 0x7f04006d.
07-31 23:29:36.353 30451 30451 E aapt2   : No package ID 7f found for resource ID 0x7f04006a.
07-31 23:29:36.353 30451 30451 E aapt2   : No package ID 7f found for resource ID 0x7f04060e.
07-31 23:29:36.353 30451 30451 E aapt2   : No package ID 7f found for resource ID 0x7f04047b.
07-31 23:29:36.353 30451 30451 E aapt2   : No package ID 7f found for resource ID 0x7f040489.
07-31 23:29:36.353 30451 30451 E aapt2   : No package ID 7f found for resource ID 0x7f040610.
07-31 23:29:36.353 30451 30451 E aapt2   : No package ID 7f found for resource ID 0x7f0401f5.
07-31 23:29:36.353 30451 30451 E aapt2   : No package ID 7f found for resource ID 0x7f040426.
07-31 23:29:36.353 30451 30451 E aapt2   : No package ID 7f found for resource ID 0x7f04035d.
07-31 23:29:36.353 30451 30451 E aapt2   : No package ID 7f found for resource ID 0x7f040427.
07-31 23:29:36.353 30451 30451 E aapt2   : No package ID 7f found for resource ID 0x7f0404b5.
07-31 23:29:36.353 30451 30451 E aapt2   : No package ID 7f found for resource ID 0x7f0404b4.
07-31 23:29:36.353 30451 30451 E aapt2   : No package ID 7f found for resource ID 0x7f0404b3.
07-31 23:29:36.354 30451 30451 E aapt2   : No package ID 7f found for resource ID 0x7f040377.
07-31 23:29:36.354 30451 30451 E aapt2   : No package ID 7f found for resource ID 0x7f040332.
07-31 23:29:36.354 30451 30451 E aapt2   : No package ID 7f found for resource ID 0x7f040189.
07-31 23:29:36.354 30451 30451 E aapt2   : No package ID 7f found for resource ID 0x7f04012b.
07-31 23:29:36.354 30451 30451 E aapt2   : No package ID 7f found for resource ID 0x7f040128.
07-31 23:29:36.354 30451 30451 E aapt2   : No package ID 7f found for resource ID 0x7f04012c.
07-31 23:29:36.354 30451 30451 E aapt2   : No package ID 7f found for resource ID 0x7f04012a.
07-31 23:29:36.354 30451 30451 E aapt2   : No package ID 7f found for resource ID 0x7f040129.
07-31 23:29:36.354 30451 30451 E aapt2   : No package ID 7f found for resource ID 0x7f0404c1.
07-31 23:29:36.354 30451 30451 E aapt2   : No package ID 7f found for resource ID 0x7f0404be.
07-31 23:29:36.354 30451 30451 E aapt2   : No package ID 7f found for resource ID 0x7f0404bf.
07-31 23:29:36.354 30451 30451 E aapt2   : No package ID 7f found for resource ID 0x7f0404c0.
07-31 23:29:36.354 30451 30451 E aapt2   : No package ID 7f found for resource ID 0x7f040488.
07-31 23:29:36.354 30451 30451 E aapt2   : No package ID 7f found for resource ID 0x7f040191.
07-31 23:29:36.354 30451 30451 E aapt2   : No package ID 7f found for resource ID 0x7f040428.
07-31 23:29:36.355 30451 30451 E aapt2   : No package ID 7f found for resource ID 0x7f0401d8.
07-31 23:29:36.355 30451 30451 E aapt2   : No package ID 7f found for resource ID 0x7f040188.
07-31 23:29:36.355 30451 30451 E aapt2   : No package ID 7f found for resource ID 0x7f040328.
07-31 23:29:36.355 30451 30451 E aapt2   : No package ID 7f found for resource ID 0x7f04053d.
07-31 23:29:36.355 30451 30451 E aapt2   : No package ID 7f found for resource ID 0x7f040338.
07-31 23:29:36.355 30451 30451 E aapt2   : No package ID 7f found for resource ID 0x7f040336.
07-31 23:29:36.355 30451 30451 E aapt2   : No package ID 7f found for resource ID 0x7f040375.
07-31 23:29:36.355 30451 30451 E aapt2   : No package ID 7f found for resource ID 0x7f040337.
07-31 23:29:36.355 30451 30451 E aapt2   : No package ID 7f found for resource ID 0x7f040374.
07-31 23:29:36.355 30451 30451 E aapt2   : No package ID 7f found for resource ID 0x7f040369.
07-31 23:29:36.355 30451 30451 E aapt2   : No package ID 7f found for resource ID 0x7f04007a.
07-31 23:29:36.355 30451 30451 E aapt2   : No package ID 7f found for resource ID 0x7f0403e3.
07-31 23:29:36.355 30451 30451 E aapt2   : No package ID 7f found for resource ID 0x7f0401bd.
07-31 23:29:36.355 30451 30451 E aapt2   : No package ID 7f found for resource ID 0x7f0401bc.
07-31 23:29:36.355 30451 30451 E aapt2   : No package ID 7f found for resource ID 0x7f0401c1.
07-31 23:29:36.355 30451 30451 E aapt2   : No package ID 7f found for resource ID 0x7f0401bf.
07-31 23:29:36.355 30451 30451 E aapt2   : No package ID 7f found for resource ID 0x7f0401c5.
07-31 23:29:36.355 30451 30451 E aapt2   : No package ID 7f found for resource ID 0x7f0401be.
07-31 23:29:36.355 30451 30451 E aapt2   : No package ID 7f found for resource ID 0x7f0401c3.
07-31 23:29:36.355 30451 30451 E aapt2   : No package ID 7f found for resource ID 0x7f0401bb.
07-31 23:29:36.355 30451 30451 E aapt2   : No package ID 7f found for resource ID 0x7f0401c4.
07-31 23:29:36.355 30451 30451 E aapt2   : No package ID 7f found for resource ID 0x7f0403d5.
07-31 23:29:36.355 30451 30451 E aapt2   : No package ID 7f found for resource ID 0x7f040002.
07-31 23:29:36.355 30451 30451 E aapt2   : No package ID 7f found for resource ID 0x7f040085.
07-31 23:29:36.355 30451 30451 E aapt2   : No package ID 7f found for resource ID 0x7f0400e7.
07-31 23:29:36.356 30451 30451 E aapt2   : No package ID 7f found for resource ID 0x7f0401e3.
07-31 23:29:36.356 30451 30451 E aapt2   : No package ID 7f found for resource ID 0x7f0401df.
07-31 23:29:36.356 30451 30451 E aapt2   : No package ID 7f found for resource ID 0x7f0401dd.
07-31 23:29:36.356 30451 30451 E aapt2   : No package ID 7f found for resource ID 0x7f04049b.
07-31 23:29:36.356 30451 30451 E aapt2   : No package ID 7f found for resource ID 0x7f040435.
07-31 23:29:36.356 30451 30451 E aapt2   : No package ID 7f found for resource ID 0x7f0401de.
07-31 23:29:36.356 30451 30451 E aapt2   : No package ID 7f found for resource ID 0x7f040213.
07-31 23:29:36.356 30451 30451 E aapt2   : No package ID 7f found for resource ID 0x7f040214.
07-31 23:29:36.356 30451 30451 E aapt2   : No package ID 7f found for resource ID 0x7f040212.
07-31 23:29:36.356 30451 30451 E aapt2   : No package ID 7f found for resource ID 0x7f0401f2.
07-31 23:29:36.356 30451 30451 E aapt2   : No package ID 7f found for resource ID 0x7f0401f1.
07-31 23:29:36.356 30451 30451 E aapt2   : No package ID 7f found for resource ID 0x7f0402f7.
07-31 23:29:36.356 30451 30451 E aapt2   : No package ID 7f found for resource ID 0x7f040149.
07-31 23:29:36.356 30451 30451 E aapt2   : No package ID 7f found for resource ID 0x7f040512.
07-31 23:29:36.356 30451 30451 E aapt2   : No package ID 7f found for resource ID 0x7f0401fa.
07-31 23:29:36.356 30451 30451 E aapt2   : No package ID 7f found for resource ID 0x7f04029e.
07-31 23:29:36.356 30451 30451 E aapt2   : No package ID 7f found for resource ID 0x7f040076.
07-31 23:29:36.356 30451 30451 E aapt2   : No package ID 7f found for resource ID 0x7f040077.
07-31 23:29:36.356 30451 30451 E aapt2   : No package ID 7f found for resource ID 0x7f0400a3.
07-31 23:29:36.356 30451 30451 E aapt2   : No package ID 7f found for resource ID 0x7f0405c2.
07-31 23:29:36.356 30451 30451 E aapt2   : No package ID 7f found for resource ID 0x7f04020e.
07-31 23:29:36.356 30451 30451 E aapt2   : No package ID 7f found for resource ID 0x7f04061c.
07-31 23:29:36.356 30451 30451 E aapt2   : No package ID 7f found for resource ID 0x7f04023e.
07-31 23:29:36.356 30451 30451 E aapt2   : No package ID 7f found for resource ID 0x7f0404fa.
07-31 23:29:36.356 30451 30451 E aapt2   : No package ID 7f found for resource ID 0x7f0402b1.
07-31 23:29:36.356 30451 30451 E aapt2   : No package ID 7f found for resource ID 0x7f04023d.
07-31 23:29:36.356 30451 30451 E aapt2   : No package ID 7f found for resource ID 0x7f0404ff.
07-31 23:29:36.356 30451 30451 E aapt2   : No package ID 7f found for resource ID 0x7f040140.
07-31 23:29:36.356 30451 30451 E aapt2   : No package ID 7f found for resource ID 0x7f0400a7.
07-31 23:29:36.356 30451 30451 E aapt2   : No package ID 7f found for resource ID 0x7f0400a8.
07-31 23:29:36.356 30451 30451 E aapt2   : No package ID 7f found for resource ID 0x7f040321.
07-31 23:29:36.356 30451 30451 E aapt2   : No package ID 7f found for resource ID 0x7f04061d.
07-31 23:29:36.356 30451 30451 E aapt2   : No package ID 7f found for resource ID 0x7f04012d.
07-31 23:29:36.356 30451 30451 E aapt2   : No package ID 7f found for resource ID 0x7f040466.
07-31 23:29:36.356 30451 30451 E aapt2   : No package ID 7f found for resource ID 0x7f04018f.
07-31 23:29:36.356 30451 30451 E aapt2   : No package ID 7f found for resource ID 0x7f0404d1.
07-31 23:29:36.356 30451 30451 E aapt2   : No package ID 7f found for resource ID 0x7f04064b.
07-31 23:29:36.356 30451 30451 E aapt2   : No package ID 7f found for resource ID 0x7f04064c.
07-31 23:29:36.356 30451 30451 E aapt2   : No package ID 7f found for resource ID 0x7f040510.
07-31 23:29:36.356 30451 30451 E aapt2   : No package ID 7f found for resource ID 0x7f040511.
07-31 23:29:36.356 30451 30451 E aapt2   : No package ID 7f found for resource ID 0x7f0402cd.
07-31 23:29:36.356 30451 30451 E aapt2   : No package ID 7f found for resource ID 0x7f0405de.
07-31 23:29:36.356 30451 30451 E aapt2   : No package ID 7f found for resource ID 0x7f040618.
07-31 23:29:36.356 30451 30451 E aapt2   : No package ID 7f found for resource ID 0x7f040090.
07-31 23:29:36.356 30451 30451 E aapt2   : No package ID 7f found for resource ID 0x7f040091.
07-31 23:29:36.356 30451 30451 E aapt2   : No package ID 7f found for resource ID 0x7f0404ca.
07-31 23:29:36.356 30451 30451 E aapt2   : No package ID 7f found for resource ID 0x7f04024d.
07-31 23:29:36.356 30451 30451 E aapt2   : No package ID 7f found for resource ID 0x7f04024c.
07-31 23:29:36.356 30451 30451 E aapt2   : No package ID 7f found for resource ID 0x7f040223.
07-31 23:29:36.356 30451 30451 E aapt2   : No package ID 7f found for resource ID 0x7f0402cc.
07-31 23:29:36.356 30451 30451 E aapt2   : No package ID 7f found for resource ID 0x7f0404ac.
07-31 23:29:36.357 30451 30451 E aapt2   : No package ID 7f found for resource ID 0x7f0400c2.
07-31 23:29:36.357 30451 30451 E aapt2   : No package ID 7f found for resource ID 0x7f040619.
07-31 23:29:36.357 30451 30451 E aapt2   : No package ID 7f found for resource ID 0x7f0403d7.
07-31 23:29:36.357 30451 30451 E aapt2   : No package ID 7f found for resource ID 0x7f0404e7.
07-31 23:29:36.357 30451 30451 E aapt2   : No package ID 7f found for resource ID 0x7f0404ef.
07-31 23:29:36.357 30451 30451 E aapt2   : No package ID 7f found for resource ID 0x7f040318.
07-31 23:29:36.357 30451 30451 E aapt2   : No package ID 7f found for resource ID 0x7f040382.
07-31 23:29:36.357 30451 30451 E aapt2   : No package ID 7f found for resource ID 0x7f040286.
07-31 23:29:36.357 30451 30451 E aapt2   : No package ID 7f found for resource ID 0x7f040283.
07-31 23:29:36.357 30451 30451 E aapt2   : No package ID 7f found for resource ID 0x7f0401e4.
07-31 23:29:36.357 30451 30451 E aapt2   : No package ID 7f found for resource ID 0x7f0403d2.
07-31 23:29:36.357 30451 30451 E aapt2   : No package ID 7f found for resource ID 0x7f04027f.
07-31 23:29:36.357 30451 30451 E aapt2   : No package ID 7f found for resource ID 0x7f040280.
07-31 23:29:36.357 30451 30451 E aapt2   : No package ID 7f found for resource ID 0x7f04027e.
07-31 23:29:36.357 30451 30451 E aapt2   : No package ID 7f found for resource ID 0x7f040281.
07-31 23:29:36.357 30451 30451 E aapt2   : No package ID 7f found for resource ID 0x7f04028b.
07-31 23:29:36.357 30451 30451 E aapt2   : No package ID 7f found for resource ID 0x7f04028e.
07-31 23:29:36.357 30451 30451 E aapt2   : No package ID 7f found for resource ID 0x7f040293.
07-31 23:29:36.357 30451 30451 E aapt2   : No package ID 7f found for resource ID 0x7f040294.
07-31 23:29:36.357 30451 30451 E aapt2   : No package ID 7f found for resource ID 0x7f040290.
07-31 23:29:36.357 30451 30451 E aapt2   : No package ID 7f found for resource ID 0x7f04028f.
07-31 23:29:36.357 30451 30451 E aapt2   : No package ID 7f found for resource ID 0x7f040291.
07-31 23:29:36.357 30451 30451 E aapt2   : No package ID 7f found for resource ID 0x7f040292.
07-31 23:29:36.357 30451 30451 E aapt2   : No package ID 7f found for resource ID 0x7f040295.
07-31 23:29:36.357 30451 30451 E aapt2   : No package ID 7f found for resource ID 0x7f040296.
07-31 23:29:36.357 30451 30451 E aapt2   : No package ID 7f found for resource ID 0x7f04028c.
07-31 23:29:36.357 30451 30451 E aapt2   : No package ID 7f found for resource ID 0x7f040298.
07-31 23:29:36.357 30451 30451 E aapt2   : No package ID 7f found for resource ID 0x7f040297.
07-31 23:29:36.357 30451 30451 E aapt2   : No package ID 7f found for resource ID 0x7f040615.
07-31 23:29:36.357 30451 30451 E aapt2   : No package ID 7f found for resource ID 0x7f04029b.
07-31 23:29:36.357 30451 30451 E aapt2   : No package ID 7f found for resource ID 0x7f04042d.
07-31 23:29:36.357 30451 30451 E aapt2   : No package ID 7f found for resource ID 0x7f0402a4.
07-31 23:29:36.357 30451 30451 E aapt2   : No package ID 7f found for resource ID 0x7f0402a2.
07-31 23:29:36.357 30451 30451 E aapt2   : No package ID 7f found for resource ID 0x7f04044b.
07-31 23:29:36.357 30451 30451 E aapt2   : No package ID 7f found for resource ID 0x7f04043d.
07-31 23:29:36.357 30451 30451 E aapt2   : No package ID 7f found for resource ID 0x7f04044c.
07-31 23:29:36.357 30451 30451 E aapt2   : No package ID 7f found for resource ID 0x7f0400fe.
07-31 23:29:36.357 30451 30451 E aapt2   : No package ID 7f found for resource ID 0x7f040444.
07-31 23:29:36.357 30451 30451 E aapt2   : No package ID 7f found for resource ID 0x7f040445.
07-31 23:29:36.357 30451 30451 E aapt2   : No package ID 7f found for resource ID 0x7f040446.
07-31 23:29:36.357 30451 30451 E aapt2   : No package ID 7f found for resource ID 0x7f040447.
07-31 23:29:36.357 30451 30451 E aapt2   : No package ID 7f found for resource ID 0x7f040440.
07-31 23:29:36.358 30451 30451 E aapt2   : No package ID 7f found for resource ID 0x7f040441.
07-31 23:29:36.358 30451 30451 E aapt2   : No package ID 7f found for resource ID 0x7f040442.
07-31 23:29:36.358 30451 30451 E aapt2   : No package ID 7f found for resource ID 0x7f040443.
07-31 23:29:36.358 30451 30451 E aapt2   : No package ID 7f found for resource ID 0x7f040289.
07-31 23:29:36.358 30451 30451 E aapt2   : No package ID 7f found for resource ID 0x7f040059.
07-31 23:29:36.358 30451 30451 E aapt2   : No package ID 7f found for resource ID 0x7f04043b.
07-31 23:29:36.358 30451 30451 E aapt2   : No package ID 7f found for resource ID 0x7f04043e.
07-31 23:29:36.358 30451 30451 E aapt2   : No package ID 7f found for resource ID 0x7f04043c.
07-31 23:29:36.358 30451 30451 E aapt2   : No package ID 7f found for resource ID 0x7f04044a.
07-31 23:29:36.358 30451 30451 E aapt2   : No package ID 7f found for resource ID 0x7f04043f.
07-31 23:29:36.358 30451 30451 E aapt2   : No package ID 7f found for resource ID 0x7f0402f4.
07-31 23:29:36.358 30451 30451 E aapt2   : No package ID 7f found for resource ID 0x7f0402f8.
07-31 23:29:36.358 30451 30451 E aapt2   : No package ID 7f found for resource ID 0x7f0401cd.
07-31 23:29:36.358 30451 30451 E aapt2   : No package ID 7f found for resource ID 0x7f0401cf.
07-31 23:29:36.358 30451 30451 E aapt2   : No package ID 7f found for resource ID 0x7f040301.
07-31 23:29:36.358 30451 30451 E aapt2   : No package ID 7f found for resource ID 0x7f0401db.
07-31 23:29:36.358 30451 30451 E aapt2   : No package ID 7f found for resource ID 0x7f040647.
07-31 23:29:36.358 30451 30451 E aapt2   : No package ID 7f found for resource ID 0x7f040648.
07-31 23:29:36.358 30451 30451 E aapt2   : No package ID 7f found for resource ID 0x7f040057.
07-31 23:29:36.358 30451 30451 E aapt2   : No package ID 7f found for resource ID 0x7f040058.
07-31 23:29:36.358 30451 30451 E aapt2   : No package ID 7f found for resource ID 0x7f040287.
07-31 23:29:36.358 30451 30451 E aapt2   : No package ID 7f found for resource ID 0x7f040288.
07-31 23:29:36.358 30451 30451 E aapt2   : No package ID 7f found for resource ID 0x7f0402ca.
07-31 23:29:36.358 30451 30451 E aapt2   : No package ID 7f found for resource ID 0x7f0402cb.
07-31 23:29:36.358 30451 30451 E aapt2   : No package ID 7f found for resource ID 0x7f040643.
07-31 23:29:36.358 30451 30451 E aapt2   : No package ID 7f found for resource ID 0x7f040644.
07-31 23:29:36.358 30451 30451 E aapt2   : No package ID 7f found for resource ID 0x7f040045.
07-31 23:29:36.358 30451 30451 E aapt2   : No package ID 7f found for resource ID 0x7f0402a3.
07-31 23:29:36.358 30451 30451 E aapt2   : No package ID 7f found for resource ID 0x7f040056.
07-31 23:29:36.358 30451 30451 E aapt2   : No package ID 7f found for resource ID 0x7f040046.
07-31 23:29:36.358 30451 30451 E aapt2   : No package ID 7f found for resource ID 0x7f0402f9.
07-31 23:29:36.358 30451 30451 E aapt2   : No package ID 7f found for resource ID 0x7f0402a5.
07-31 23:29:36.358 30451 30451 E aapt2   : No package ID 7f found for resource ID 0x7f0401da.
07-31 23:29:36.358 30451 30451 E aapt2   : No package ID 7f found for resource ID 0x7f0402f5.
07-31 23:29:36.358 30451 30451 E aapt2   : No package ID 7f found for resource ID 0x7f0403f0.
07-31 23:29:36.358 30451 30451 E aapt2   : No package ID 7f found for resource ID 0x7f0403ee.
07-31 23:29:36.358 30451 30451 E aapt2   : No package ID 7f found for resource ID 0x7f040449.
07-31 23:29:36.358 30451 30451 E aapt2   : No package ID 7f found for resource ID 0x7f040448.
07-31 23:29:36.358 30451 30451 E aapt2   : No package ID 7f found for resource ID 0x7f0400b3.
07-31 23:29:36.358 30451 30451 E aapt2   : No package ID 7f found for resource ID 0x7f040066.
07-31 23:29:36.358 30451 30451 E aapt2   : No package ID 7f found for resource ID 0x7f0404cf.
07-31 23:29:36.358 30451 30451 E aapt2   : No package ID 7f found for resource ID 0x7f0400d6.
07-31 23:29:36.358 30451 30451 E aapt2   : No package ID 7f found for resource ID 0x7f040628.
07-31 23:29:36.358 30451 30451 E aapt2   : No package ID 7f found for resource ID 0x7f0401a1.
07-31 23:29:36.358 30451 30451 E aapt2   : No package ID 7f found for resource ID 0x7f0401b6.
07-31 23:29:36.358 30451 30451 E aapt2   : No package ID 7f found for resource ID 0x7f0404cc.
07-31 23:29:36.358 30451 30451 E aapt2   : No package ID 7f found for resource ID 0x7f04045c.
07-31 23:29:36.358 30451 30451 E aapt2   : No package ID 7f found for resource ID 0x7f0404cd.
07-31 23:29:36.358 30451 30451 E aapt2   : No package ID 7f found for resource ID 0x7f0402e6.
07-31 23:29:36.358 30451 30451 E aapt2   : No package ID 7f found for resource ID 0x7f0402e7.
07-31 23:29:36.358 30451 30451 E aapt2   : No package ID 7f found for resource ID 0x7f0402e9.
07-31 23:29:36.358 30451 30451 E aapt2   : No package ID 7f found for resource ID 0x7f0402e8.
07-31 23:29:36.358 30451 30451 E aapt2   : No package ID 7f found for resource ID 0x7f040640.
07-31 23:29:36.358 30451 30451 E aapt2   : No package ID 7f found for resource ID 0x7f040285.
07-31 23:29:36.358 30451 30451 E aapt2   : No package ID 7f found for resource ID 0x7f040468.
07-31 23:29:36.359 30451 30451 E aapt2   : No package ID 7f found for resource ID 0x7f04046a.
07-31 23:29:36.359 30451 30451 E aapt2   : No package ID 7f found for resource ID 0x7f04046b.
07-31 23:29:36.359 30451 30451 E aapt2   : No package ID 7f found for resource ID 0x7f04046d.
07-31 23:29:36.359 30451 30451 E aapt2   : No package ID 7f found for resource ID 0x7f04046f.
07-31 23:29:36.359 30451 30451 E aapt2   : No package ID 7f found for resource ID 0x7f04039b.
07-31 23:29:36.359 30451 30451 E aapt2   : No package ID 7f found for resource ID 0x7f04039c.
07-31 23:29:36.359 30451 30451 E aapt2   : No package ID 7f found for resource ID 0x7f04039d.
07-31 23:29:36.359 30451 30451 E aapt2   : No package ID 7f found for resource ID 0x7f040373.
07-31 23:29:36.359 30451 30451 E aapt2   : No package ID 7f found for resource ID 0x7f04029d.
07-31 23:29:36.359 30451 30451 E aapt2   : No package ID 7f found for resource ID 0x7f040428.
07-31 23:29:36.359 30451 30451 E aapt2   : No package ID 7f found for resource ID 0x7f04060e.
07-31 23:29:36.359 30451 30451 E aapt2   : No package ID 7f found for resource ID 0x7f0401ba.
07-31 23:29:36.359 30451 30451 E aapt2   : No package ID 7f found for resource ID 0x7f040426.
07-31 23:29:36.359 30451 30451 E aapt2   : No package ID 7f found for resource ID 0x7f040608.
07-31 23:29:36.359 30451 30451 E aapt2   : No package ID 7f found for resource ID 0x7f040610.
07-31 23:29:36.359 30451 30451 E aapt2   : No package ID 7f found for resource ID 0x7f040428.
07-31 23:29:36.359 30451 30451 E aapt2   : No package ID 7f found for resource ID 0x7f04062d.
07-31 23:29:36.359 30451 30451 E aapt2   : No package ID 7f found for resource ID 0x7f04062c.
07-31 23:29:36.359 30451 30451 E aapt2   : No package ID 7f found for resource ID 0x7f04062b.
07-31 23:29:36.359 30451 30451 E aapt2   : No package ID 7f found for resource ID 0x7f04062a.
07-31 23:29:36.359 30451 30451 E aapt2   : No package ID 7f found for resource ID 0x7f04062e.
07-31 23:29:36.359 30451 30451 E aapt2   : No package ID 7f found for resource ID 0x7f040322.
07-31 23:29:36.359 30451 30451 E aapt2   : No package ID 7f found for resource ID 0x7f04047f.
07-31 23:29:36.359 30451 30451 E aapt2   : No package ID 7f found for resource ID 0x7f040480.
07-31 23:29:36.359 30451 30451 E aapt2   : No package ID 7f found for resource ID 0x7f04047e.
07-31 23:29:36.359 30451 30451 E aapt2   : No package ID 7f found for resource ID 0x7f04047d.
07-31 23:29:36.359 30451 30451 E aapt2   : No package ID 7f found for resource ID 0x7f040428.
07-31 23:29:36.359 30451 30451 E aapt2   : No package ID 7f found for resource ID 0x7f04047b.
07-31 23:29:36.359 30451 30451 E aapt2   : No package ID 7f found for resource ID 0x7f0401f5.
07-31 23:29:36.359 30451 30451 E aapt2   : No package ID 7f found for resource ID 0x7f04050a.
07-31 23:29:36.359 30451 30451 E aapt2   : No package ID 7f found for resource ID 0x7f040428.
07-31 23:29:36.359 30451 30451 E aapt2   : No package ID 7f found for resource ID 0x7f040629.
07-31 23:29:36.359 30451 30451 E aapt2   : No package ID 7f found for resource ID 0x7f040428.
07-31 23:29:36.359 30451 30451 E aapt2   : No package ID 7f found for resource ID 0x7f040613.
07-31 23:29:36.359 30451 30451 E aapt2   : No package ID 7f found for resource ID 0x7f040454.
07-31 23:29:36.359 30451 30451 E aapt2   : No package ID 7f found for resource ID 0x7f040455.
07-31 23:29:36.359 30451 30451 E aapt2   : No package ID 7f found for resource ID 0x7f040452.
07-31 23:29:36.359 30451 30451 E aapt2   : No package ID 7f found for resource ID 0x7f040624.
07-31 23:29:36.359 30451 30451 E aapt2   : No package ID 7f found for resource ID 0x7f040625.
07-31 23:29:36.359 30451 30451 E aapt2   : No package ID 7f found for resource ID 0x7f040623.
07-31 23:29:36.359 30451 30451 E aapt2   : No package ID 7f found for resource ID 0x7f040614.
07-31 23:29:36.359 30451 30451 E aapt2   : No package ID 7f found for resource ID 0x7f040612.
07-31 23:29:36.359 30451 30451 E aapt2   : No package ID 7f found for resource ID 0x7f040429.
07-31 23:29:36.359 30451 30451 E aapt2   : No package ID 7f found for resource ID 0x7f04042a.
07-31 23:29:36.359 30451 30451 E aapt2   : No package ID 7f found for resource ID 0x7f040364.
07-31 23:29:36.359 30451 30451 E aapt2   : No package ID 7f found for resource ID 0x7f04034d.
07-31 23:29:36.360 30451 30451 E aapt2   : No package ID 7f found for resource ID 0x7f040344.
07-31 23:29:36.360 30451 30451 E aapt2   : No package ID 7f found for resource ID 0x7f040346.
07-31 23:29:36.360 30451 30451 E aapt2   : No package ID 7f found for resource ID 0x7f040345.
07-31 23:29:36.360 30451 30451 E aapt2   : No package ID 7f found for resource ID 0x7f04034a.
07-31 23:29:36.360 30451 30451 E aapt2   : No package ID 7f found for resource ID 0x7f04034b.
07-31 23:29:36.360 30451 30451 E aapt2   : No package ID 7f found for resource ID 0x7f04034c.
07-31 23:29:36.360 30451 30451 E aapt2   : No package ID 7f found for resource ID 0x7f0402a7.
07-31 23:29:36.360 30451 30451 E aapt2   : No package ID 7f found for resource ID 0x7f040356.
07-31 23:29:36.360 30451 30451 E aapt2   : No package ID 7f found for resource ID 0x7f040357.
07-31 23:29:36.360 30451 30451 E aapt2   : No package ID 7f found for resource ID 0x7f040359.
07-31 23:29:36.360 30451 30451 E aapt2   : No package ID 7f found for resource ID 0x7f04035a.
07-31 23:29:36.360 30451 30451 E aapt2   : No package ID 7f found for resource ID 0x7f040360.
07-31 23:29:36.360 30451 30451 E aapt2   : No package ID 7f found for resource ID 0x7f04035f.
07-31 23:29:36.360 30451 30451 E aapt2   : No package ID 7f found for resource ID 0x7f040343.
07-31 23:29:36.360 30451 30451 E aapt2   : No package ID 7f found for resource ID 0x7f040342.
07-31 23:29:36.360 30451 30451 E aapt2   : No package ID 7f found for resource ID 0x7f04033e.
07-31 23:29:36.360 30451 30451 E aapt2   : No package ID 7f found for resource ID 0x7f040340.
07-31 23:29:36.360 30451 30451 E aapt2   : No package ID 7f found for resource ID 0x7f04033f.
07-31 23:29:36.360 30451 30451 E aapt2   : No package ID 7f found for resource ID 0x7f04035b.
07-31 23:29:36.360 30451 30451 E aapt2   : No package ID 7f found for resource ID 0x7f04035c.
07-31 23:29:36.360 30451 30451 E aapt2   : No package ID 7f found for resource ID 0x7f040349.
07-31 23:29:36.360 30451 30451 E aapt2   : No package ID 7f found for resource ID 0x7f040348.
07-31 23:29:36.360 30451 30451 E aapt2   : No package ID 7f found for resource ID 0x7f04036f.
07-31 23:29:36.360 30451 30451 E aapt2   : No package ID 7f found for resource ID 0x7f040372.
07-31 23:29:36.360 30451 30451 E aapt2   : No package ID 7f found for resource ID 0x7f040370.
07-31 23:29:36.360 30451 30451 E aapt2   : No package ID 7f found for resource ID 0x7f04036d.
07-31 23:29:36.360 30451 30451 E aapt2   : No package ID 7f found for resource ID 0x7f040371.
07-31 23:29:36.360 30451 30451 E aapt2   : No package ID 7f found for resource ID 0x7f04036e.
07-31 23:29:36.360 30451 30451 E aapt2   : No package ID 7f found for resource ID 0x7f04036c.
07-31 23:29:36.360 30451 30451 E aapt2   : No package ID 7f found for resource ID 0x7f040376.
07-31 23:29:36.360 30451 30451 E aapt2   : No package ID 7f found for resource ID 0x7f04033c.
07-31 23:29:36.360 30451 30451 E aapt2   : No package ID 7f found for resource ID 0x7f04033b.
07-31 23:29:36.360 30451 30451 E aapt2   : No package ID 7f found for resource ID 0x7f040352.
07-31 23:29:36.360 30451 30451 E aapt2   : No package ID 7f found for resource ID 0x7f040361.
07-31 23:29:36.360 30451 30451 E aapt2   : No package ID 7f found for resource ID 0x7f040365.
07-31 23:29:36.360 30451 30451 E aapt2   : No package ID 7f found for resource ID 0x7f04034e.
07-31 23:29:36.360 30451 30451 E aapt2   : No package ID 7f found for resource ID 0x7f040367.
07-31 23:29:36.360 30451 30451 E aapt2   : No package ID 7f found for resource ID 0x7f040366.
07-31 23:29:36.360 30451 30451 E aapt2   : No package ID 7f found for resource ID 0x7f040368.
07-31 23:29:36.360 30451 30451 E aapt2   : No package ID 7f found for resource ID 0x7f040350.
07-31 23:29:36.360 30451 30451 E aapt2   : No package ID 7f found for resource ID 0x7f04034f.
07-31 23:29:36.360 30451 30451 E aapt2   : No package ID 7f found for resource ID 0x7f040351.
07-31 23:29:36.360 30451 30451 E aapt2   : No package ID 7f found for resource ID 0x7f040355.
07-31 23:29:36.360 30451 30451 E aapt2   : No package ID 7f found for resource ID 0x7f04035e.
07-31 23:29:36.360 30451 30451 E aapt2   : No package ID 7f found for resource ID 0x7f040358.
07-31 23:29:36.360 30451 30451 E aapt2   : No package ID 7f found for resource ID 0x7f040341.
07-31 23:29:36.360 30451 30451 E aapt2   : No package ID 7f found for resource ID 0x7f04033d.
07-31 23:29:36.360 30451 30451 E aapt2   : No package ID 7f found for resource ID 0x7f040347.
07-31 23:29:36.360 30451 30451 E aapt2   : No package ID 7f found for resource ID 0x7f040354.
07-31 23:29:36.360 30451 30451 E aapt2   : No package ID 7f found for resource ID 0x7f040363.
07-31 23:29:36.360 30451 30451 E aapt2   : No package ID 7f found for resource ID 0x7f040353.
07-31 23:29:36.360 30451 30451 E aapt2   : No package ID 7f found for resource ID 0x7f040362.
07-31 23:29:36.360 30451 30451 E aapt2   : No package ID 7f found for resource ID 0x7f04036a.
07-31 23:29:36.360 30451 30451 E aapt2   : No package ID 7f found for resource ID 0x7f04036b.
07-31 23:29:36.360 30451 30451 E aapt2   : No package ID 7f found for resource ID 0x7f04037c.
07-31 23:29:36.360 30451 30451 E aapt2   : No package ID 7f found for resource ID 0x7f0400a5.
07-31 23:29:36.360 30451 30451 E aapt2   : No package ID 7f found for resource ID 0x7f0400a6.
07-31 23:29:36.360 30451 30451 E aapt2   : No package ID 7f found for resource ID 0x7f04018c.
07-31 23:29:36.360 30451 30451 E aapt2   : No package ID 7f found for resource ID 0x7f04018d.
07-31 23:29:36.360 30451 30451 E aapt2   : No package ID 7f found for resource ID 0x7f0403d6.
07-31 23:29:36.360 30451 30451 E aapt2   : No package ID 7f found for resource ID 0x7f0403de.
07-31 23:29:36.360 30451 30451 E aapt2   : No package ID 7f found for resource ID 0x7f0403f1.
07-31 23:29:36.360 30451 30451 E aapt2   : No package ID 7f found for resource ID 0x7f0403f6.
07-31 23:29:36.360 30451 30451 E aapt2   : No package ID 7f found for resource ID 0x7f0400a4.
07-31 23:29:36.360 30451 30451 E aapt2   : No package ID 7f found for resource ID 0x7f040101.
07-31 23:29:36.361 30451 30451 E aapt2   : No package ID 7f found for resource ID 0x7f0403df.
07-31 23:29:36.361 30451 30451 E aapt2   : No package ID 7f found for resource ID 0x7f0401e8.
07-31 23:29:36.361 30451 30451 E aapt2   : No package ID 7f found for resource ID 0x7f0404f8.
07-31 23:29:36.361 30451 30451 E aapt2   : No package ID 7f found for resource ID 0x7f0401ed.
07-31 23:29:36.361 30451 30451 E aapt2   : No package ID 7f found for resource ID 0x7f0402ea.
07-31 23:29:36.361 30451 30451 E aapt2   : No package ID 7f found for resource ID 0x7f0402ee.
07-31 23:29:36.361 30451 30451 E aapt2   : No package ID 7f found for resource ID 0x7f040604.
07-31 23:29:36.361 30451 30451 E aapt2   : No package ID 7f found for resource ID 0x7f040225.
07-31 23:29:36.361 30451 30451 E aapt2   : No package ID 7f found for resource ID 0x7f040226.
07-31 23:29:36.361 30451 30451 E aapt2   : No package ID 7f found for resource ID 0x7f04061c.
07-31 23:29:36.361 30451 30451 E aapt2   : No package ID 7f found for resource ID 0x7f040395.
07-31 23:29:36.361 30451 30451 E aapt2   : No package ID 7f found for resource ID 0x7f040394.
07-31 23:29:36.361 30451 30451 E aapt2   : No package ID 7f found for resource ID 0x7f040090.
07-31 23:29:36.361 30451 30451 E aapt2   : No package ID 7f found for resource ID 0x7f04008b.
07-31 23:29:36.361 30451 30451 E aapt2   : No package ID 7f found for resource ID 0x7f04008c.
07-31 23:29:36.361 30451 30451 E aapt2   : No package ID 7f found for resource ID 0x7f04008a.
07-31 23:29:36.361 30451 30451 E aapt2   : No package ID 7f found for resource ID 0x7f040089.
07-31 23:29:36.361 30451 30451 E aapt2   : No package ID 7f found for resource ID 0x7f0403a2.
07-31 23:29:36.361 30451 30451 E aapt2   : No package ID 7f found for resource ID 0x7f0403a4.
07-31 23:29:36.361 30451 30451 E aapt2   : No package ID 7f found for resource ID 0x7f0403a3.
07-31 23:29:36.361 30451 30451 E aapt2   : No package ID 7f found for resource ID 0x7f0403a5.
07-31 23:29:36.361 30451 30451 E aapt2   : No package ID 7f found for resource ID 0x7f0403a0.
07-31 23:29:36.361 30451 30451 E aapt2   : No package ID 7f found for resource ID 0x7f0403a1.
07-31 23:29:36.361 30451 30451 E aapt2   : No package ID 7f found for resource ID 0x7f040502.
07-31 23:29:36.361 30451 30451 E aapt2   : No package ID 7f found for resource ID 0x7f040505.
07-31 23:29:36.361 30451 30451 E aapt2   : No package ID 7f found for resource ID 0x7f040503.
07-31 23:29:36.361 30451 30451 E aapt2   : No package ID 7f found for resource ID 0x7f040504.
07-31 23:29:36.361 30451 30451 E aapt2   : No package ID 7f found for resource ID 0x7f040202.
07-31 23:29:36.361 30451 30451 E aapt2   : No package ID 7f found for resource ID 0x7f040091.
07-31 23:29:36.361 30451 30451 E aapt2   : No package ID 7f found for resource ID 0x7f04020e.
07-31 23:29:36.361 30451 30451 E aapt2   : No package ID 7f found for resource ID 0x7f0402cd.
07-31 23:29:36.361 30451 30451 E aapt2   : No package ID 7f found for resource ID 0x7f0402d5.
07-31 23:29:36.361 30451 30451 E aapt2   : No package ID 7f found for resource ID 0x7f0402d4.
07-31 23:29:36.361 30451 30451 E aapt2   : No package ID 7f found for resource ID 0x7f0402d1.
07-31 23:29:36.361 30451 30451 E aapt2   : No package ID 7f found for resource ID 0x7f0402e0.
07-31 23:29:36.361 30451 30451 E aapt2   : No package ID 7f found for resource ID 0x7f0402e1.
07-31 23:29:36.362 30451 30451 E aapt2   : No package ID 7f found for resource ID 0x7f0404e7.
07-31 23:29:36.362 30451 30451 E aapt2   : No package ID 7f found for resource ID 0x7f0404ef.
07-31 23:29:36.362 30451 30451 E aapt2   : No package ID 7f found for resource ID 0x7f040541.
07-31 23:29:36.362 30451 30451 E aapt2   : No package ID 7f found for resource ID 0x7f040542.
07-31 23:29:36.362 30451 30451 E aapt2   : No package ID 7f found for resource ID 0x7f0401aa.
07-31 23:29:36.362 30451 30451 E aapt2   : No package ID 7f found for resource ID 0x7f0404ca.
07-31 23:29:36.362 30451 30451 E aapt2   : No package ID 7f found for resource ID 0x7f0405ed.
07-31 23:29:36.362 30451 30451 E aapt2   : No package ID 7f found for resource ID 0x7f040509.
07-31 23:29:36.362 30451 30451 E aapt2   : No package ID 7f found for resource ID 0x7f0404e4.
07-31 23:29:36.362 30451 30451 E aapt2   : No package ID 7f found for resource ID 0x7f040107.
07-31 23:29:36.362 30451 30451 E aapt2   : No package ID 7f found for resource ID 0x7f0401cb.
07-31 23:29:36.362 30451 30451 E aapt2   : No package ID 7f found for resource ID 0x7f0401c9.
07-31 23:29:36.362 30451 30451 E aapt2   : No package ID 7f found for resource ID 0x7f0401ca.
07-31 23:29:36.362 30451 30451 E aapt2   : No package ID 7f found for resource ID 0x7f0401cc.
07-31 23:29:36.362 30451 30451 E aapt2   : No package ID 7f found for resource ID 0x7f04064e.
07-31 23:29:36.362 30451 30451 E aapt2   : No package ID 7f found for resource ID 0x7f04064d.
07-31 23:29:36.362 30451 30451 E aapt2   : No package ID 7f found for resource ID 0x7f04064f.
07-31 23:29:36.362 30451 30451 E aapt2   : No package ID 7f found for resource ID 0x7f0404ba.
07-31 23:29:36.362 30451 30451 E aapt2   : No package ID 7f found for resource ID 0x7f040438.
07-31 23:29:36.362 30451 30451 E aapt2   : No package ID 7f found for resource ID 0x7f040305.
07-31 23:29:36.362 30451 30451 E aapt2   : No package ID 7f found for resource ID 0x7f04031f.
07-31 23:29:36.362 30451 30451 E aapt2   : No package ID 7f found for resource ID 0x7f040319.
07-31 23:29:36.362 30451 30451 E aapt2   : No package ID 7f found for resource ID 0x7f04031a.
07-31 23:29:36.362 30451 30451 E aapt2   : No package ID 7f found for resource ID 0x7f040311.
07-31 23:29:36.362 30451 30451 E aapt2   : No package ID 7f found for resource ID 0x7f040312.
07-31 23:29:36.362 30451 30451 E aapt2   : No package ID 7f found for resource ID 0x7f0400ed.
07-31 23:29:36.362 30451 30451 E aapt2   : No package ID 7f found for resource ID 0x7f040109.
07-31 23:29:36.362 30451 30451 E aapt2   : No package ID 7f found for resource ID 0x7f04010e.
07-31 23:29:36.362 30451 30451 E aapt2   : No package ID 7f found for resource ID 0x7f04010d.
07-31 23:29:36.362 30451 30451 E aapt2   : No package ID 7f found for resource ID 0x7f04010c.
07-31 23:29:36.362 30451 30451 E aapt2   : No package ID 7f found for resource ID 0x7f04010b.
07-31 23:29:36.362 30451 30451 E aapt2   : No package ID 7f found for resource ID 0x7f040537.
07-31 23:29:36.362 30451 30451 E aapt2   : No package ID 7f found for resource ID 0x7f0400dc.
07-31 23:29:36.362 30451 30451 E aapt2   : No package ID 7f found for resource ID 0x7f04061b.
07-31 23:29:36.362 30451 30451 E aapt2   : No package ID 7f found for resource ID 0x7f0400e5.
07-31 23:29:36.362 30451 30451 E aapt2   : No package ID 7f found for resource ID 0x7f0400de.
07-31 23:29:36.362 30451 30451 E aapt2   : No package ID 7f found for resource ID 0x7f0400e0.
07-31 23:29:36.362 30451 30451 E aapt2   : No package ID 7f found for resource ID 0x7f0400e1.
07-31 23:29:36.362 30451 30451 E aapt2   : No package ID 7f found for resource ID 0x7f0400ff.
07-31 23:29:36.362 30451 30451 E aapt2   : No package ID 7f found for resource ID 0x7f04022e.
07-31 23:29:36.362 30451 30451 E aapt2   : No package ID 7f found for resource ID 0x7f040227.
07-31 23:29:36.362 30451 30451 E aapt2   : No package ID 7f found for resource ID 0x7f040110.
07-31 23:29:36.362 30451 30451 E aapt2   : No package ID 7f found for resource ID 0x7f040538.
07-31 23:29:36.362 30451 30451 E aapt2   : No package ID 7f found for resource ID 0x7f040539.
07-31 23:29:36.362 30451 30451 E aapt2   : No package ID 7f found for resource ID 0x7f0401e9.
07-31 23:29:36.362 30451 30451 E aapt2   : No package ID 7f found for resource ID 0x7f0401ee.
07-31 23:29:36.362 30451 30451 E aapt2   : No package ID 7f found for resource ID 0x7f0401eb.
07-31 23:29:36.362 30451 30451 E aapt2   : No package ID 7f found for resource ID 0x7f0401ec.
07-31 23:29:36.362 30451 30451 E aapt2   : No package ID 7f found for resource ID 0x7f04032f.
07-31 23:29:36.362 30451 30451 E aapt2   : No package ID 7f found for resource ID 0x7f0405c6.
07-31 23:29:36.362 30451 30451 E aapt2   : No package ID 7f found for resource ID 0x7f0405c8.
07-31 23:29:36.362 30451 30451 E aapt2   : No package ID 7f found for resource ID 0x7f0405c9.
07-31 23:29:36.363 30451 30451 E aapt2   : No package ID 7f found for resource ID 0x7f0405c7.
07-31 23:29:36.363 30451 30451 E aapt2   : No package ID 7f found for resource ID 0x7f0405ff.
07-31 23:29:36.363 30451 30451 E aapt2   : No package ID 7f found for resource ID 0x7f040600.
07-31 23:29:36.363 30451 30451 E aapt2   : No package ID 7f found for resource ID 0x7f040601.
07-31 23:29:36.363 30451 30451 E aapt2   : No package ID 7f found for resource ID 0x7f040381.
07-31 23:29:36.363 30451 30451 E aapt2   : No package ID 7f found for resource ID 0x7f040327.
07-31 23:29:36.363 30451 30451 E aapt2   : No package ID 7f found for resource ID 0x7f040133.
07-31 23:29:36.363 30451 30451 E aapt2   : No package ID 7f found for resource ID 0x7f040431.
07-31 23:29:36.363 30451 30451 E aapt2   : No package ID 7f found for resource ID 0x7f0405df.
07-31 23:29:36.363 30451 30451 E aapt2   : No package ID 7f found for resource ID 0x7f04054a.
07-31 23:29:36.363 30451 30451 E aapt2   : No package ID 7f found for resource ID 0x7f040397.
07-31 23:29:36.363 30451 30451 E aapt2   : No package ID 7f found for resource ID 0x7f040399.
07-31 23:29:36.363 30451 30451 E aapt2   : No package ID 7f found for resource ID 0x7f040064.
07-31 23:29:36.363 30451 30451 E aapt2   : No package ID 7f found for resource ID 0x7f04044e.
07-31 23:29:36.363 30451 30451 E aapt2   : No package ID 7f found for resource ID 0x7f0404f6.
07-31 23:29:36.363 30451 30451 E aapt2   : No package ID 7f found for resource ID 0x7f040011.
07-31 23:29:36.363 30451 30451 E aapt2   : No package ID 7f found for resource ID 0x7f040027.
07-31 23:29:36.363 30451 30451 E aapt2   : No package ID 7f found for resource ID 0x7f040025.
07-31 23:29:36.363 30451 30451 E aapt2   : No package ID 7f found for resource ID 0x7f040192.
07-31 23:29:36.363 30451 30451 E aapt2   : No package ID 7f found for resource ID 0x7f0405f5.
07-31 23:29:36.363 30451 30451 E aapt2   : No package ID 7f found for resource ID 0x7f0404ab.
07-31 23:29:36.363 30451 30451 E aapt2   : No package ID 7f found for resource ID 0x7f040543.
07-31 23:29:36.363 30451 30451 E aapt2   : No package ID 7f found for resource ID 0x7f0403f9.
07-31 23:29:36.363 30451 30451 E aapt2   : No package ID 7f found for resource ID 0x7f0403fb.
07-31 23:29:36.363 30451 30451 E aapt2   : No package ID 7f found for resource ID 0x7f0403fa.
07-31 23:29:36.363 30451 30451 E aapt2   : No package ID 7f found for resource ID 0x7f0403f8.
07-31 23:29:36.363 30451 30451 E aapt2   : No package ID 7f found for resource ID 0x7f0403fc.
07-31 23:29:36.363 30451 30451 E aapt2   : No package ID 7f found for resource ID 0x7f0403fd.
07-31 23:29:36.363 30451 30451 E aapt2   : No package ID 7f found for resource ID 0x7f04006d.
07-31 23:29:36.363 30451 30451 E aapt2   : No package ID 7f found for resource ID 0x7f04006a.
07-31 23:29:36.363 30451 30451 E aapt2   : No package ID 7f found for resource ID 0x7f04060e.
07-31 23:29:36.363 30451 30451 E aapt2   : No package ID 7f found for resource ID 0x7f04047b.
07-31 23:29:36.363 30451 30451 E aapt2   : No package ID 7f found for resource ID 0x7f040425.
07-31 23:29:36.363 30451 30451 E aapt2   : No package ID 7f found for resource ID 0x7f040427.
07-31 23:29:36.363 30451 30451 E aapt2   : No package ID 7f found for resource ID 0x7f0401f5.
07-31 23:29:36.363 30451 30451 E aapt2   : No package ID 7f found for resource ID 0x7f0404b5.
07-31 23:29:36.363 30451 30451 E aapt2   : No package ID 7f found for resource ID 0x7f0404b4.
07-31 23:29:36.363 30451 30451 E aapt2   : No package ID 7f found for resource ID 0x7f0404b3.
07-31 23:29:36.363 30451 30451 E aapt2   : No package ID 7f found for resource ID 0x7f04041e.
07-31 23:29:36.363 30451 30451 E aapt2   : No package ID 7f found for resource ID 0x7f04041c.
07-31 23:29:36.363 30451 30451 E aapt2   : No package ID 7f found for resource ID 0x7f040420.
07-31 23:29:36.363 30451 30451 E aapt2   : No package ID 7f found for resource ID 0x7f040421.
07-31 23:29:36.363 30451 30451 E aapt2   : No package ID 7f found for resource ID 0x7f04041b.
07-31 23:29:36.363 30451 30451 E aapt2   : No package ID 7f found for resource ID 0x7f040422.
07-31 23:29:36.364 30451 30451 E aapt2   : No package ID 7f found for resource ID 0x7f04041d.
07-31 23:29:36.364 30451 30451 E aapt2   : No package ID 7f found for resource ID 0x7f04041f.
07-31 23:29:36.364 30451 30451 E aapt2   : No package ID 7f found for resource ID 0x7f040456.
07-31 23:29:36.364 30451 30451 E aapt2   : No package ID 7f found for resource ID 0x7f040453.
07-31 23:29:36.364 30451 30451 E aapt2   : No package ID 7f found for resource ID 0x7f0405ba.
07-31 23:29:36.364 30451 30451 E aapt2   : No package ID 7f found for resource ID 0x7f0405bb.
07-31 23:29:36.364 30451 30451 E aapt2   : No package ID 7f found for resource ID 0x7f0400b4.
07-31 23:29:36.364 30451 30451 E aapt2   : No package ID 7f found for resource ID 0x7f0404d0.
07-31 23:29:36.364 30451 30451 E aapt2   : No package ID 7f found for resource ID 0x7f0400b5.
07-31 23:29:36.364 30451 30451 E aapt2   : No package ID 7f found for resource ID 0x7f0405b9.
07-31 23:29:36.364 30451 30451 E aapt2   : No package ID 7f found for resource ID 0x7f0405b8.
07-31 23:29:36.364 30451 30451 E aapt2   : No package ID 7f found for resource ID 0x7f0405a6.
07-31 23:29:36.364 30451 30451 E aapt2   : No package ID 7f found for resource ID 0x7f0405c0.
07-31 23:29:36.364 30451 30451 E aapt2   : No package ID 7f found for resource ID 0x7f0405bf.
07-31 23:29:36.364 30451 30451 E aapt2   : No package ID 7f found for resource ID 0x7f0405bd.
07-31 23:29:36.364 30451 30451 E aapt2   : No package ID 7f found for resource ID 0x7f0405a7.
07-31 23:29:36.364 30451 30451 E aapt2   : No package ID 7f found for resource ID 0x7f0405a8.
07-31 23:29:36.364 30451 30451 E aapt2   : No package ID 7f found for resource ID 0x7f0405aa.
07-31 23:29:36.364 30451 30451 E aapt2   : No package ID 7f found for resource ID 0x7f0405a9.
07-31 23:29:36.364 30451 30451 E aapt2   : No package ID 7f found for resource ID 0x7f0405be.
07-31 23:29:36.364 30451 30451 E aapt2   : No package ID 7f found for resource ID 0x7f040332.
07-31 23:29:36.364 30451 30451 E aapt2   : No package ID 7f found for resource ID 0x7f0401b7.
07-31 23:29:36.364 30451 30451 E aapt2   : No package ID 7f found for resource ID 0x7f040426.
07-31 23:29:36.364 30451 30451 E aapt2   : No package ID 7f found for resource ID 0x7f040073.
07-31 23:29:36.364 30451 30451 E aapt2   : No package ID 7f found for resource ID 0x7f0404fb.
07-31 23:29:36.364 30451 30451 E aapt2   : No package ID 7f found for resource ID 0x7f0403fe.
07-31 23:29:36.364 30451 30451 E aapt2   : No package ID 7f found for resource ID 0x7f0401ce.
07-31 23:29:36.364 30451 30451 E aapt2   : No package ID 7f found for resource ID 0x7f040333.
07-31 23:29:36.364 30451 30451 E aapt2   : No package ID 7f found for resource ID 0x7f04057f.
07-31 23:29:36.364 30451 30451 E aapt2   : No package ID 7f found for resource ID 0x7f04057d.
07-31 23:29:36.364 30451 30451 E aapt2   : No package ID 7f found for resource ID 0x7f04057e.
07-31 23:29:36.364 30451 30451 E aapt2   : No package ID 7f found for resource ID 0x7f040225.
07-31 23:29:36.364 30451 30451 E aapt2   : No package ID 7f found for resource ID 0x7f040226.
07-31 23:29:36.364 30451 30451 E aapt2   : No package ID 7f found for resource ID 0x7f0401d9.
07-31 23:29:36.364 30451 30451 E aapt2   : No package ID 7f found for resource ID 0x7f040330.
07-31 23:29:36.364 30451 30451 E aapt2   : No package ID 7f found for resource ID 0x7f0404c8.
07-31 23:29:36.364 30451 30451 E aapt2   : No package ID 7f found for resource ID 0x7f04048c.
07-31 23:29:36.364 30451 30451 E aapt2   : No package ID 7f found for resource ID 0x7f04048d.
07-31 23:29:36.364 30451 30451 E aapt2   : No package ID 7f found for resource ID 0x7f04048e.
07-31 23:29:36.364 30451 30451 E aapt2   : No package ID 7f found for resource ID 0x7f040224.
07-31 23:29:36.364 30451 30451 E aapt2   : No package ID 7f found for resource ID 0x7f040231.
07-31 23:29:36.364 30451 30451 E aapt2   : No package ID 7f found for resource ID 0x7f04048a.
07-31 23:29:36.364 30451 30451 E aapt2   : No package ID 7f found for resource ID 0x7f04048b.
07-31 23:29:36.365 30451 30451 E aapt2   : No package ID 7f found for resource ID 0x7f04043a.
07-31 23:29:36.365 30451 30451 E aapt2   : No package ID 7f found for resource ID 0x7f040075.
07-31 23:29:36.365 30451 30451 E aapt2   : No package ID 7f found for resource ID 0x7f040618.
07-31 23:29:36.365 30451 30451 E aapt2   : No package ID 7f found for resource ID 0x7f040003.
07-31 23:29:36.365 30451 30451 E aapt2   : No package ID 7f found for resource ID 0x7f0403e4.
07-31 23:29:36.365 30451 30451 E aapt2   : No package ID 7f found for resource ID 0x7f04052c.
07-31 23:29:36.365 30451 30451 E aapt2   : No package ID 7f found for resource ID 0x7f04042e.
07-31 23:29:36.365 30451 30451 E aapt2   : No package ID 7f found for resource ID 0x7f0402a1.
07-31 23:29:36.365 30451 30451 E aapt2   : No package ID 7f found for resource ID 0x7f04039a.
07-31 23:29:36.365 30451 30451 E aapt2   : No package ID 7f found for resource ID 0x7f0403e0.
07-31 23:29:36.365 30451 30451 E aapt2   : No package ID 7f found for resource ID 0x7f04032c.
07-31 23:29:36.365 30451 30451 E aapt2   : No package ID 7f found for resource ID 0x7f040304.
07-31 23:29:36.365 30451 30451 E aapt2   : No package ID 7f found for resource ID 0x7f040310.
07-31 23:29:36.365 30451 30451 E aapt2   : No package ID 7f found for resource ID 0x7f040309.
07-31 23:29:36.365 30451 30451 E aapt2   : No package ID 7f found for resource ID 0x7f04030a.
07-31 23:29:36.365 30451 30451 E aapt2   : No package ID 7f found for resource ID 0x7f04031e.
07-31 23:29:36.365 30451 30451 E aapt2   : No package ID 7f found for resource ID 0x7f04031c.
07-31 23:29:36.365 30451 30451 E aapt2   : No package ID 7f found for resource ID 0x7f04031d.
07-31 23:29:36.365 30451 30451 E aapt2   : No package ID 7f found for resource ID 0x7f04030f.
07-31 23:29:36.365 30451 30451 E aapt2   : No package ID 7f found for resource ID 0x7f04030e.
07-31 23:29:36.365 30451 30451 E aapt2   : No package ID 7f found for resource ID 0x7f040028.
07-31 23:29:36.365 30451 30451 E aapt2   : No package ID 7f found for resource ID 0x7f040303.
07-31 23:29:36.365 30451 30451 E aapt2   : No package ID 7f found for resource ID 0x7f04020e.
07-31 23:29:36.365 30451 30451 E aapt2   : No package ID 7f found for resource ID 0x7f04030c.
07-31 23:29:36.365 30451 30451 E aapt2   : No package ID 7f found for resource ID 0x7f0402aa.
07-31 23:29:36.365 30451 30451 E aapt2   : No package ID 7f found for resource ID 0x7f0403e2.
07-31 23:29:36.365 30451 30451 E aapt2   : No package ID 7f found for resource ID 0x7f04046f.
07-31 23:29:36.365 30451 30451 E aapt2   : No package ID 7f found for resource ID 0x7f040468.
07-31 23:29:36.365 30451 30451 E aapt2   : No package ID 7f found for resource ID 0x7f04046d.
07-31 23:29:36.365 30451 30451 E aapt2   : No package ID 7f found for resource ID 0x7f04020e.
07-31 23:29:36.365 30451 30451 E aapt2   : No package ID 7f found for resource ID 0x7f040544.
07-31 23:29:36.365 30451 30451 E aapt2   : No package ID 7f found for resource ID 0x7f040547.
07-31 23:29:36.365 30451 30451 E aapt2   : No package ID 7f found for resource ID 0x7f04031b.
07-31 23:29:36.365 30451 30451 E aapt2   : No package ID 7f found for resource ID 0x7f040306.
07-31 23:29:36.365 30451 30451 E aapt2   : No package ID 7f found for resource ID 0x7f040320.
07-31 23:29:36.365 30451 30451 E aapt2   : No package ID 7f found for resource ID 0x7f040308.
07-31 23:29:36.365 30451 30451 E aapt2   : No package ID 7f found for resource ID 0x7f04030b.
07-31 23:29:36.365 30451 30451 E aapt2   : No package ID 7f found for resource ID 0x7f040311.
07-31 23:29:36.365 30451 30451 E aapt2   : No package ID 7f found for resource ID 0x7f040312.
07-31 23:29:36.365 30451 30451 E aapt2   : No package ID 7f found for resource ID 0x7f040316.
07-31 23:29:36.365 30451 30451 E aapt2   : No package ID 7f found for resource ID 0x7f040317.
07-31 23:29:36.365 30451 30451 E aapt2   : No package ID 7f found for resource ID 0x7f040315.
07-31 23:29:36.365 30451 30451 E aapt2   : No package ID 7f found for resource ID 0x7f040314.
07-31 23:29:36.365 30451 30451 E aapt2   : No package ID 7f found for resource ID 0x7f040313.
07-31 23:29:36.365 30451 30451 E aapt2   : No package ID 7f found for resource ID 0x7f0405f6.
07-31 23:29:36.365 30451 30451 E aapt2   : No package ID 7f found for resource ID 0x7f0400c5.
07-31 23:29:36.365 30451 30451 E aapt2   : No package ID 7f found for resource ID 0x7f040546.
07-31 23:29:36.365 30451 30451 E aapt2   : No package ID 7f found for resource ID 0x7f040545.
07-31 23:29:36.365 30451 30451 E aapt2   : No package ID 7f found for resource ID 0x7f040200.
07-31 23:29:36.366 30451 30451 E aapt2   : No package ID 7f found for resource ID 0x7f0404ce.
07-31 23:29:36.366 30451 30451 E aapt2   : No package ID 7f found for resource ID 0x7f04057b.
07-31 23:29:36.366 30451 30451 E aapt2   : No package ID 7f found for resource ID 0x7f040130.
07-31 23:29:36.366 30451 30451 E aapt2   : No package ID 7f found for resource ID 0x7f0401f3.
07-31 23:29:36.366 30451 30451 E aapt2   : No package ID 7f found for resource ID 0x7f0401f4.
07-31 23:29:36.366 30451 30451 E aapt2   : No package ID 7f found for resource ID 0x7f04007c.
07-31 23:29:36.366 30451 30451 E aapt2   : No package ID 7f found for resource ID 0x7f0403dd.
07-31 23:29:36.366 30451 30451 E aapt2   : No package ID 7f found for resource ID 0x7f0403cf.
07-31 23:29:36.366 30451 30451 E aapt2   : No package ID 7f found for resource ID 0x7f040522.
07-31 23:29:36.366 30451 30451 E aapt2   : No package ID 7f found for resource ID 0x7f040523.
07-31 23:29:36.366 30451 30451 E aapt2   : No package ID 7f found for resource ID 0x7f040521.
07-31 23:29:36.366 30451 30451 E aapt2   : No package ID 7f found for resource ID 0x7f040524.
07-31 23:29:36.366 30451 30451 E aapt2   : No package ID 7f found for resource ID 0x7f040520.
07-31 23:29:36.366 30451 30451 E aapt2   : No package ID 7f found for resource ID 0x7f0401f0.
07-31 23:29:36.366 30451 30451 E aapt2   : No package ID 7f found for resource ID 0x7f0405f7.
07-31 23:29:36.366 30451 30451 E aapt2   : No package ID 7f found for resource ID 0x7f0405f8.
07-31 23:29:36.366 30451 30451 E aapt2   : No package ID 7f found for resource ID 0x7f0404cb.
07-31 23:29:36.366 30451 30451 E aapt2   : No package ID 7f found for resource ID 0x7f0405f9.
07-31 23:29:36.366 30451 30451 E aapt2   : No package ID 7f found for resource ID 0x7f040380.
07-31 23:29:36.366 30451 30451 E aapt2   : No package ID 7f found for resource ID 0x7f040436.
07-31 23:29:36.366 30451 30451 E aapt2   : No package ID 7f found for resource ID 0x7f04042b.
07-31 23:29:36.366 30451 30451 E aapt2   : No package ID 7f found for resource ID 0x7f040458.
07-31 23:29:36.366 30451 30451 E aapt2   : No package ID 7f found for resource ID 0x7f040470.
07-31 23:29:36.366 30451 30451 E aapt2   : No package ID 7f found for resource ID 0x7f040033.
07-31 23:29:36.366 30451 30451 E aapt2   : No package ID 7f found for resource ID 0x7f04045b.
07-31 23:29:36.366 30451 30451 E aapt2   : No package ID 7f found for resource ID 0x7f040534.
07-31 23:29:36.366 30451 30451 E aapt2   : No package ID 7f found for resource ID 0x7f0402cd.
07-31 23:29:36.366 30451 30451 E aapt2   : No package ID 7f found for resource ID 0x7f040321.
07-31 23:29:36.366 30451 30451 E aapt2   : No package ID 7f found for resource ID 0x7f0405de.
07-31 23:29:36.366 30451 30451 E aapt2   : No package ID 7f found for resource ID 0x7f040552.
07-31 23:29:36.366 30451 30451 E aapt2   : No package ID 7f found for resource ID 0x7f040459.
07-31 23:29:36.366 30451 30451 E aapt2   : No package ID 7f found for resource ID 0x7f04029c.
07-31 23:29:36.366 30451 30451 E aapt2   : No package ID 7f found for resource ID 0x7f040331.
07-31 23:29:36.366 30451 30451 E aapt2   : No package ID 7f found for resource ID 0x7f040631.
07-31 23:29:36.366 30451 30451 E aapt2   : No package ID 7f found for resource ID 0x7f040218.
07-31 23:29:36.366 30451 30451 E aapt2   : No package ID 7f found for resource ID 0x7f0404e1.
07-31 23:29:36.366 30451 30451 E aapt2   : No package ID 7f found for resource ID 0x7f0401d7.
07-31 23:29:36.366 30451 30451 E aapt2   : No package ID 7f found for resource ID 0x7f040482.
07-31 23:29:36.366 30451 30451 E aapt2   : No package ID 7f found for resource ID 0x7f0401d4.
07-31 23:29:36.366 30451 30451 E aapt2   : No package ID 7f found for resource ID 0x7f0404f3.
07-31 23:29:36.366 30451 30451 E aapt2   : No package ID 7f found for resource ID 0x7f04005f.
07-31 23:29:36.366 30451 30451 E aapt2   : No package ID 7f found for resource ID 0x7f040061.
07-31 23:29:36.367 30451 30451 E aapt2   : No package ID 7f found for resource ID 0x7f040508.
07-31 23:29:36.367 30451 30451 E aapt2   : No package ID 7f found for resource ID 0x7f0402da.
07-31 23:29:36.367 30451 30451 E aapt2   : No package ID 7f found for resource ID 0x7f040300.
07-31 23:29:36.367 30451 30451 E aapt2   : No package ID 7f found for resource ID 0x7f040216.
07-31 23:29:36.367 30451 30451 E aapt2   : No package ID 7f found for resource ID 0x7f040060.
07-31 23:29:36.367 30451 30451 E aapt2   : No package ID 7f found for resource ID 0x7f04045a.
07-31 23:29:36.367 30451 30451 E aapt2   : No package ID 7f found for resource ID 0x7f0402f3.
07-31 23:29:36.367 30451 30451 E aapt2   : No package ID 7f found for resource ID 0x7f0403de.
07-31 23:29:36.367 30451 30451 E aapt2   : No package ID 7f found for resource ID 0x7f0403d6.
07-31 23:29:36.367 30451 30451 E aapt2   : No package ID 7f found for resource ID 0x7f0404a5.
07-31 23:29:36.367 30451 30451 E aapt2   : No package ID 7f found for resource ID 0x7f04049d.
07-31 23:29:36.367 30451 30451 E aapt2   : No package ID 7f found for resource ID 0x7f04049e.
07-31 23:29:36.367 30451 30451 E aapt2   : No package ID 7f found for resource ID 0x7f0404a3.
07-31 23:29:36.367 30451 30451 E aapt2   : No package ID 7f found for resource ID 0x7f0404a1.
07-31 23:29:36.367 30451 30451 E aapt2   : No package ID 7f found for resource ID 0x7f04049f.
07-31 23:29:36.367 30451 30451 E aapt2   : No package ID 7f found for resource ID 0x7f04049c.
07-31 23:29:36.367 30451 30451 E aapt2   : No package ID 7f found for resource ID 0x7f0404a4.
07-31 23:29:36.367 30451 30451 E aapt2   : No package ID 7f found for resource ID 0x7f0404a2.
07-31 23:29:36.367 30451 30451 E aapt2   : No package ID 7f found for resource ID 0x7f040102.
07-31 23:29:36.367 30451 30451 E aapt2   : No package ID 7f found for resource ID 0x7f0401e0.
07-31 23:29:36.367 30451 30451 E aapt2   : No package ID 7f found for resource ID 0x7f04020c.
07-31 23:29:36.367 30451 30451 E aapt2   : No package ID 7f found for resource ID 0x7f040207.
07-31 23:29:36.367 30451 30451 E aapt2   : No package ID 7f found for resource ID 0x7f0404a0.
07-31 23:29:36.367 30451 30451 E aapt2   : No package ID 7f found for resource ID 0x7f040558.
07-31 23:29:36.367 30451 30451 E aapt2   : No package ID 7f found for resource ID 0x7f040557.
07-31 23:29:36.367 30451 30451 E aapt2   : No package ID 7f found for resource ID 0x7f0404df.
07-31 23:29:36.367 30451 30451 E aapt2   : No package ID 7f found for resource ID 0x7f04042d.
07-31 23:29:36.367 30451 30451 E aapt2   : No package ID 7f found for resource ID 0x7f0403f7.
07-31 23:29:36.367 30451 30451 E aapt2   : No package ID 7f found for resource ID 0x7f0403f2.
07-31 23:29:36.367 30451 30451 E aapt2   : No package ID 7f found for resource ID 0x7f0403e6.
07-31 23:29:36.367 30451 30451 E aapt2   : No package ID 7f found for resource ID 0x7f0403ea.
07-31 23:29:36.367 30451 30451 E aapt2   : No package ID 7f found for resource ID 0x7f0403e7.
07-31 23:29:36.367 30451 30451 E aapt2   : No package ID 7f found for resource ID 0x7f0403eb.
07-31 23:29:36.367 30451 30451 E aapt2   : No package ID 7f found for resource ID 0x7f0403e9.
07-31 23:29:36.367 30451 30451 E aapt2   : No package ID 7f found for resource ID 0x7f0403ed.
07-31 23:29:36.367 30451 30451 E aapt2   : No package ID 7f found for resource ID 0x7f0403e8.
07-31 23:29:36.367 30451 30451 E aapt2   : No package ID 7f found for resource ID 0x7f0403ec.
07-31 23:29:36.367 30451 30451 E aapt2   : No package ID 7f found for resource ID 0x7f0400b6.
07-31 23:29:36.367 30451 30451 E aapt2   : No package ID 7f found for resource ID 0x7f0400b7.
07-31 23:29:36.367 30451 30451 E aapt2   : No package ID 7f found for resource ID 0x7f0400c1.
07-31 23:29:36.367 30451 30451 E aapt2   : No package ID 7f found for resource ID 0x7f0400b8.
07-31 23:29:36.367 30451 30451 E aapt2   : No package ID 7f found for resource ID 0x7f0400b9.
07-31 23:29:36.367 30451 30451 E aapt2   : No package ID 7f found for resource ID 0x7f0400ba.
07-31 23:29:36.367 30451 30451 E aapt2   : No package ID 7f found for resource ID 0x7f0400be.
07-31 23:29:36.367 30451 30451 E aapt2   : No package ID 7f found for resource ID 0x7f0400bf.
07-31 23:29:36.367 30451 30451 E aapt2   : No package ID 7f found for resource ID 0x7f0400c0.
07-31 23:29:36.367 30451 30451 E aapt2   : No package ID 7f found for resource ID 0x7f0400bb.
07-31 23:29:36.368 30451 30451 E aapt2   : No package ID 7f found for resource ID 0x7f0400bc.
07-31 23:29:36.368 30451 30451 E aapt2   : No package ID 7f found for resource ID 0x7f0400bd.
07-31 23:29:36.368 30451 30451 E aapt2   : No package ID 7f found for resource ID 0x7f040041.
07-31 23:29:36.368 30451 30451 E aapt2   : No package ID 7f found for resource ID 0x7f040047.
07-31 23:29:36.368 30451 30451 E aapt2   : No package ID 7f found for resource ID 0x7f040042.
07-31 23:29:36.368 30451 30451 E aapt2   : No package ID 7f found for resource ID 0x7f040048.
07-31 23:29:36.368 30451 30451 E aapt2   : No package ID 7f found for resource ID 0x7f040044.
07-31 23:29:36.368 30451 30451 E aapt2   : No package ID 7f found for resource ID 0x7f04004a.
07-31 23:29:36.368 30451 30451 E aapt2   : No package ID 7f found for resource ID 0x7f040043.
07-31 23:29:36.368 30451 30451 E aapt2   : No package ID 7f found for resource ID 0x7f040049.
07-31 23:29:36.368 30451 30451 E aapt2   : No package ID 7f found for resource ID 0x7f04004c.
07-31 23:29:36.368 30451 30451 E aapt2   : No package ID 7f found for resource ID 0x7f04004d.
07-31 23:29:36.368 30451 30451 E aapt2   : No package ID 7f found for resource ID 0x7f04004f.
07-31 23:29:36.368 30451 30451 E aapt2   : No package ID 7f found for resource ID 0x7f04004e.
07-31 23:29:36.368 30451 30451 E aapt2   : No package ID 7f found for resource ID 0x7f040050.
07-31 23:29:36.368 30451 30451 E aapt2   : No package ID 7f found for resource ID 0x7f040052.
07-31 23:29:36.368 30451 30451 E aapt2   : No package ID 7f found for resource ID 0x7f040051.
07-31 23:29:36.368 30451 30451 E aapt2   : No package ID 7f found for resource ID 0x7f040035.
07-31 23:29:36.368 30451 30451 E aapt2   : No package ID 7f found for resource ID 0x7f040036.
07-31 23:29:36.368 30451 30451 E aapt2   : No package ID 7f found for resource ID 0x7f040040.
07-31 23:29:36.368 30451 30451 E aapt2   : No package ID 7f found for resource ID 0x7f040037.
07-31 23:29:36.368 30451 30451 E aapt2   : No package ID 7f found for resource ID 0x7f040038.
07-31 23:29:36.368 30451 30451 E aapt2   : No package ID 7f found for resource ID 0x7f040039.
07-31 23:29:36.368 30451 30451 E aapt2   : No package ID 7f found for resource ID 0x7f04003d.
07-31 23:29:36.368 30451 30451 E aapt2   : No package ID 7f found for resource ID 0x7f04003e.
07-31 23:29:36.368 30451 30451 E aapt2   : No package ID 7f found for resource ID 0x7f04003f.
07-31 23:29:36.368 30451 30451 E aapt2   : No package ID 7f found for resource ID 0x7f04003a.
07-31 23:29:36.368 30451 30451 E aapt2   : No package ID 7f found for resource ID 0x7f04003b.
07-31 23:29:36.368 30451 30451 E aapt2   : No package ID 7f found for resource ID 0x7f04003c.
07-31 23:29:36.368 30451 30451 E aapt2   : No package ID 7f found for resource ID 0x7f0402c2.
07-31 23:29:36.368 30451 30451 E aapt2   : No package ID 7f found for resource ID 0x7f0402c3.
07-31 23:29:36.368 30451 30451 E aapt2   : No package ID 7f found for resource ID 0x7f0402c4.
07-31 23:29:36.368 30451 30451 E aapt2   : No package ID 7f found for resource ID 0x7f0402c5.
07-31 23:29:36.368 30451 30451 E aapt2   : No package ID 7f found for resource ID 0x7f0402c6.
07-31 23:29:36.368 30451 30451 E aapt2   : No package ID 7f found for resource ID 0x7f0402c7.
07-31 23:29:36.368 30451 30451 E aapt2   : No package ID 7f found for resource ID 0x7f0402c8.
07-31 23:29:36.368 30451 30451 E aapt2   : No package ID 7f found for resource ID 0x7f0402c9.
07-31 23:29:36.368 30451 30451 E aapt2   : No package ID 7f found for resource ID 0x7f040609.
07-31 23:29:36.368 30451 30451 E aapt2   : No package ID 7f found for resource ID 0x7f04060a.
07-31 23:29:36.368 30451 30451 E aapt2   : No package ID 7f found for resource ID 0x7f04060b.
07-31 23:29:36.368 30451 30451 E aapt2   : No package ID 7f found for resource ID 0x7f04060c.
07-31 23:29:36.368 30451 30451 E aapt2   : No package ID 7f found for resource ID 0x7f0402d2.
07-31 23:29:36.368 30451 30451 E aapt2   : No package ID 7f found for resource ID 0x7f0402d6.
07-31 23:29:36.368 30451 30451 E aapt2   : No package ID 7f found for resource ID 0x7f0402d9.
07-31 23:29:36.368 30451 30451 E aapt2   : No package ID 7f found for resource ID 0x7f0402d8.
07-31 23:29:36.368 30451 30451 E aapt2   : No package ID 7f found for resource ID 0x7f0402dc.
07-31 23:29:36.368 30451 30451 E aapt2   : No package ID 7f found for resource ID 0x7f0402dd.
07-31 23:29:36.368 30451 30451 E aapt2   : No package ID 7f found for resource ID 0x7f0402df.
07-31 23:29:36.368 30451 30451 E aapt2   : No package ID 7f found for resource ID 0x7f0402de.
07-31 23:29:36.368 30451 30451 E aapt2   : No package ID 7f found for resource ID 0x7f040528.
07-31 23:29:36.368 30451 30451 E aapt2   : No package ID 7f found for resource ID 0x7f040529.
07-31 23:29:36.368 30451 30451 E aapt2   : No package ID 7f found for resource ID 0x7f04052a.
07-31 23:29:36.368 30451 30451 E aapt2   : No package ID 7f found for resource ID 0x7f04052b.
07-31 23:29:36.368 30451 30451 E aapt2   : No package ID 7f found for resource ID 0x7f0400e8.
07-31 23:29:36.368 30451 30451 E aapt2   : No package ID 7f found for resource ID 0x7f0402bb.
07-31 23:29:36.368 30451 30451 E aapt2   : No package ID 7f found for resource ID 0x7f0402bc.
07-31 23:29:36.368 30451 30451 E aapt2   : No package ID 7f found for resource ID 0x7f0402bd.
07-31 23:29:36.368 30451 30451 E aapt2   : No package ID 7f found for resource ID 0x7f0402be.
07-31 23:29:36.369 30451 30451 E aapt2   : No package ID 7f found for resource ID 0x7f040626.
07-31 23:29:36.369 30451 30451 E aapt2   : No package ID 7f found for resource ID 0x7f040426.
07-31 23:29:36.369 30451 30451 E aapt2   : No package ID 7f found for resource ID 0x7f04035d.
07-31 23:29:36.369 30451 30451 E aapt2   : No package ID 7f found for resource ID 0x7f0403bc.
07-31 23:29:36.369 30451 30451 E aapt2   : No package ID 7f found for resource ID 0x7f04061e.
07-31 23:29:36.369 30451 30451 E aapt2   : No package ID 7f found for resource ID 0x7f0403f4.
07-31 23:29:36.369 30451 30451 E aapt2   : No package ID 7f found for resource ID 0x7f040467.
07-31 23:29:36.369 30451 30451 E aapt2   : No package ID 7f found for resource ID 0x7f04046e.
07-31 23:29:36.369 30451 30451 E aapt2   : No package ID 7f found for resource ID 0x7f040335.
07-31 23:29:36.369 30451 30451 E aapt2   : No package ID 7f found for resource ID 0x7f04050f.
07-31 23:29:36.369 30451 30451 E aapt2   : No package ID 7f found for resource ID 0x7f0404c9.
07-31 23:29:36.369 30451 30451 E aapt2   : No package ID 7f found for resource ID 0x7f040526.
07-31 23:29:36.369 30451 30451 E aapt2   : No package ID 7f found for resource ID 0x7f04024e.
07-31 23:29:36.369 30451 30451 E aapt2   : No package ID 7f found for resource ID 0x7f040251.
07-31 23:29:36.369 30451 30451 E aapt2   : No package ID 7f found for resource ID 0x7f040252.
07-31 23:29:36.369 30451 30451 E aapt2   : No package ID 7f found for resource ID 0x7f04024f.
07-31 23:29:36.369 30451 30451 E aapt2   : No package ID 7f found for resource ID 0x7f040250.
07-31 23:29:36.369 30451 30451 E aapt2   : No package ID 7f found for resource ID 0x7f0400e9.
07-31 23:29:36.369 30451 30451 E aapt2   : No package ID 7f found for resource ID 0x7f0401e4.
07-31 23:29:36.369 30451 30451 E aapt2   : No package ID 7f found for resource ID 0x7f0403d2.
07-31 23:29:36.369 30451 30451 E aapt2   : No package ID 7f found for resource ID 0x7f0403d1.
07-31 23:29:36.369 30451 30451 E aapt2   : No package ID 7f found for resource ID 0x7f0402f6.
07-31 23:29:36.369 30451 30451 E aapt2   : No package ID 7f found for resource ID 0x7f0400ae.
07-31 23:29:36.369 30451 30451 E aapt2   : No package ID 7f found for resource ID 0x7f040090.
07-31 23:29:36.369 30451 30451 E aapt2   : No package ID 7f found for resource ID 0x7f04020e.
07-31 23:29:36.369 30451 30451 E aapt2   : No package ID 7f found for resource ID 0x7f0401d0.
07-31 23:29:36.369 30451 30451 E aapt2   : No package ID 7f found for resource ID 0x7f0401d2.
07-31 23:29:36.369 30451 30451 E aapt2   : No package ID 7f found for resource ID 0x7f0402b2.
07-31 23:29:36.369 30451 30451 E aapt2   : No package ID 7f found for resource ID 0x7f04029a.
07-31 23:29:36.369 30451 30451 E aapt2   : No package ID 7f found for resource ID 0x7f0405dd.
07-31 23:29:36.369 30451 30451 E aapt2   : No package ID 7f found for resource ID 0x7f040431.
07-31 23:29:36.369 30451 30451 E aapt2   : No package ID 7f found for resource ID 0x7f040541.
07-31 23:29:36.369 30451 30451 E aapt2   : No package ID 7f found for resource ID 0x7f040542.
07-31 23:29:36.369 30451 30451 E aapt2   : No package ID 7f found for resource ID 0x7f0401c0.
07-31 23:29:36.369 30451 30451 E aapt2   : No package ID 7f found for resource ID 0x7f04039e.
07-31 23:29:36.369 30451 30451 E aapt2   : No package ID 7f found for resource ID 0x7f0402e2.
07-31 23:29:36.369 30451 30451 E aapt2   : No package ID 7f found for resource ID 0x7f0404b7.
07-31 23:29:36.369 30451 30451 E aapt2   : No package ID 7f found for resource ID 0x7f0401d1.
07-31 23:29:36.369 30451 30451 E aapt2   : No package ID 7f found for resource ID 0x7f040135.
07-31 23:29:36.369 30451 30451 E aapt2   : No package ID 7f found for resource ID 0x7f0402a0.
07-31 23:29:36.369 30451 30451 E aapt2   : No package ID 7f found for resource ID 0x7f0404d6.
07-31 23:29:36.370 30451 30451 E aapt2   : No package ID 7f found for resource ID 0x7f0404d5.
07-31 23:29:36.370 30451 30451 E aapt2   : No package ID 7f found for resource ID 0x7f040627.
07-31 23:29:36.370 30451 30451 E aapt2   : No package ID 7f found for resource ID 0x7f040186.
07-31 23:29:36.370 30451 30451 E aapt2   : No package ID 7f found for resource ID 0x7f040551.
07-31 23:29:36.370 30451 30451 E aapt2   : No package ID 7f found for resource ID 0x7f0404b6.
07-31 23:29:36.370 30451 30451 E aapt2   : No package ID 7f found for resource ID 0x7f040548.
07-31 23:29:36.370 30451 30451 E aapt2   : No package ID 7f found for resource ID 0x7f0404d7.
07-31 23:29:36.370 30451 30451 E aapt2   : No package ID 7f found for resource ID 0x7f04061a.
07-31 23:29:36.370 30451 30451 E aapt2   : No package ID 7f found for resource ID 0x7f04006c.
07-31 23:29:36.370 30451 30451 E aapt2   : No package ID 7f found for resource ID 0x7f04006b.
07-31 23:29:36.370 30451 30451 E aapt2   : No package ID 7f found for resource ID 0x7f04007e.
07-31 23:29:36.370 30451 30451 E aapt2   : No package ID 7f found for resource ID 0x7f0402aa.
07-31 23:29:36.370 30451 30451 E aapt2   : No package ID 7f found for resource ID 0x7f040086.
07-31 23:29:36.370 30451 30451 E aapt2   : No package ID 7f found for resource ID 0x7f0403e5.
07-31 23:29:36.370 30451 30451 E aapt2   : No package ID 7f found for resource ID 0x7f0404de.
07-31 23:29:36.370 30451 30451 E aapt2   : No package ID 7f found for resource ID 0x7f04002e.
07-31 23:29:36.370 30451 30451 E aapt2   : No package ID 7f found for resource ID 0x7f0404fc.
07-31 23:29:36.370 30451 30451 E aapt2   : No package ID 7f found for resource ID 0x7f040617.
07-31 23:29:36.370 30451 30451 E aapt2   : No package ID 7f found for resource ID 0x7f0401c6.
07-31 23:29:36.370 30451 30451 E aapt2   : No package ID 7f found for resource ID 0x7f040069.
07-31 23:29:36.370 30451 30451 E aapt2   : No package ID 7f found for resource ID 0x7f040068.
07-31 23:29:36.370 30451 30451 E aapt2   : No package ID 7f found for resource ID 0x7f040324.
07-31 23:29:36.370 30451 30451 E aapt2   : No package ID 7f found for resource ID 0x7f040323.
07-31 23:29:36.370 30451 30451 E aapt2   : No package ID 7f found for resource ID 0x7f040325.
07-31 23:29:36.370 30451 30451 E aapt2   : No package ID 7f found for resource ID 0x7f040326.
07-31 23:29:36.370 30451 30451 E aapt2   : No package ID 7f found for resource ID 0x7f0401ab.
07-31 23:29:36.370 30451 30451 E aapt2   : No package ID 7f found for resource ID 0x7f0401ae.
07-31 23:29:36.370 30451 30451 E aapt2   : No package ID 7f found for resource ID 0x7f0401af.
07-31 23:29:36.370 30451 30451 E aapt2   : No package ID 7f found for resource ID 0x7f0401ad.
07-31 23:29:36.370 30451 30451 E aapt2   : No package ID 7f found for resource ID 0x7f0401ac.
07-31 23:29:36.370 30451 30451 E aapt2   : No package ID 7f found for resource ID 0x7f0401a5.
07-31 23:29:36.370 30451 30451 E aapt2   : No package ID 7f found for resource ID 0x7f0401a8.
07-31 23:29:36.370 30451 30451 E aapt2   : No package ID 7f found for resource ID 0x7f0401a9.
07-31 23:29:36.370 30451 30451 E aapt2   : No package ID 7f found for resource ID 0x7f0401a7.
07-31 23:29:36.370 30451 30451 E aapt2   : No package ID 7f found for resource ID 0x7f0401a6.
07-31 23:29:36.370 30451 30451 E aapt2   : No package ID 7f found for resource ID 0x7f0404e7.
07-31 23:29:36.370 30451 30451 E aapt2   : No package ID 7f found for resource ID 0x7f0404ef.
07-31 23:29:36.370 30451 30451 E aapt2   : No package ID 7f found for resource ID 0x7f040199.
07-31 23:29:36.370 30451 30451 E aapt2   : No package ID 7f found for resource ID 0x7f04019a.
07-31 23:29:36.370 30451 30451 E aapt2   : No package ID 7f found for resource ID 0x7f04019b.
07-31 23:29:36.370 30451 30451 E aapt2   : No package ID 7f found for resource ID 0x7f04019c.
07-31 23:29:36.370 30451 30451 E aapt2   : No package ID 7f found for resource ID 0x7f04019d.
07-31 23:29:36.370 30451 30451 E aapt2   : No package ID 7f found for resource ID 0x7f04019e.
07-31 23:29:36.370 30451 30451 E aapt2   : No package ID 7f found for resource ID 0x7f04019f.
07-31 23:29:36.370 30451 30451 E aapt2   : No package ID 7f found for resource ID 0x7f0400a9.
07-31 23:29:36.370 30451 30451 E aapt2   : No package ID 7f found for resource ID 0x7f0401a4.
07-31 23:29:36.370 30451 30451 E aapt2   : No package ID 7f found for resource ID 0x7f040257.
07-31 23:29:36.370 30451 30451 E aapt2   : No package ID 7f found for resource ID 0x7f04044f.
07-31 23:29:36.370 30451 30451 E aapt2   : No package ID 7f found for resource ID 0x7f040450.
07-31 23:29:36.370 30451 30451 E aapt2   : No package ID 7f found for resource ID 0x7f04039f.
07-31 23:29:36.371 30451 30451 E aapt2   : No package ID 7f found for resource ID 0x7f0403dc.
07-31 23:29:36.371 30451 30451 E aapt2   : No package ID 7f found for resource ID 0x7f0402a8.
07-31 23:29:36.371 30451 30451 E aapt2   : No package ID 7f found for resource ID 0x7f0402a9.
07-31 23:29:36.371 30451 30451 E aapt2   : No package ID 7f found for resource ID 0x7f04032a.
07-31 23:29:36.371 30451 30451 E aapt2   : No package ID 7f found for resource ID 0x7f04032b.
07-31 23:29:36.371 30451 30451 E aapt2   : No package ID 7f found for resource ID 0x7f0405c3.
07-31 23:29:36.371 30451 30451 E aapt2   : No package ID 7f found for resource ID 0x7f0405c4.
07-31 23:29:36.371 30451 30451 E aapt2   : No package ID 7f found for resource ID 0x7f0405d1.
07-31 23:29:36.371 30451 30451 E aapt2   : No package ID 7f found for resource ID 0x7f0405c5.
07-31 23:29:36.371 30451 30451 E aapt2   : No package ID 7f found for resource ID 0x7f0405ca.
07-31 23:29:36.371 30451 30451 E aapt2   : No package ID 7f found for resource ID 0x7f0405cb.
07-31 23:29:36.371 30451 30451 E aapt2   : No package ID 7f found for resource ID 0x7f0405cc.
07-31 23:29:36.371 30451 30451 E aapt2   : No package ID 7f found for resource ID 0x7f0405d0.
07-31 23:29:36.371 30451 30451 E aapt2   : No package ID 7f found for resource ID 0x7f0403f5.
07-31 23:29:36.371 30451 30451 E aapt2   : No package ID 7f found for resource ID 0x7f0405d2.
07-31 23:29:36.371 30451 30451 E aapt2   : No package ID 7f found for resource ID 0x7f0405d3.
07-31 23:29:36.371 30451 30451 E aapt2   : No package ID 7f found for resource ID 0x7f0405d4.
07-31 23:29:36.371 30451 30451 E aapt2   : No package ID 7f found for resource ID 0x7f0405d8.
07-31 23:29:36.371 30451 30451 E aapt2   : No package ID 7f found for resource ID 0x7f0405d9.
07-31 23:29:36.371 30451 30451 E aapt2   : No package ID 7f found for resource ID 0x7f0405da.
07-31 23:29:36.371 30451 30451 E aapt2   : No package ID 7f found for resource ID 0x7f0405fb.
07-31 23:29:36.371 30451 30451 E aapt2   : No package ID 7f found for resource ID 0x7f0405fc.
07-31 23:29:36.371 30451 30451 E aapt2   : No package ID 7f found for resource ID 0x7f0405fd.
07-31 23:29:36.371 30451 30451 E aapt2   : No package ID 7f found for resource ID 0x7f040602.
07-31 23:29:36.371 30451 30451 E aapt2   : No package ID 7f found for resource ID 0x7f040603.
07-31 23:29:36.371 30451 30451 E aapt2   : No package ID 7f found for resource ID 0x7f040604.
07-31 23:29:36.371 30451 30451 E aapt2   : No package ID 7f found for resource ID 0x7f04050d.
07-31 23:29:36.371 30451 30451 E aapt2   : No package ID 7f found for resource ID 0x7f04050c.
07-31 23:29:36.371 30451 30451 E aapt2   : No package ID 7f found for resource ID 0x7f04050e.
07-31 23:29:36.371 30451 30451 E aapt2   : No package ID 7f found for resource ID 0x7f04020e.
07-31 23:29:36.371 30451 30451 E aapt2   : No package ID 7f found for resource ID 0x7f0403d0.
07-31 23:29:36.371 30451 30451 E aapt2   : No package ID 7f found for resource ID 0x7f04006f.
07-31 23:29:36.371 30451 30451 E aapt2   : No package ID 7f found for resource ID 0x7f04008d.
07-31 23:29:36.371 30451 30451 E aapt2   : No package ID 7f found for resource ID 0x7f040091.
07-31 23:29:36.371 30451 30451 E aapt2   : No package ID 7f found for resource ID 0x7f040026.
07-31 23:29:36.371 30451 30451 E aapt2   : No package ID 7f found for resource ID 0x7f040499.
07-31 23:29:36.371 30451 30451 E aapt2   : No package ID 7f found for resource ID 0x7f0404ad.
07-31 23:29:36.371 30451 30451 E aapt2   : No package ID 7f found for resource ID 0x7f0404db.
07-31 23:29:36.371 30451 30451 E aapt2   : No package ID 7f found for resource ID 0x7f0404da.
07-31 23:29:36.371 30451 30451 E aapt2   : No package ID 7f found for resource ID 0x7f04012e.
07-31 23:29:36.371 30451 30451 E aapt2   : No package ID 7f found for resource ID 0x7f040254.
07-31 23:29:36.371 30451 30451 E aapt2   : No package ID 7f found for resource ID 0x7f040255.
07-31 23:29:36.371 30451 30451 E aapt2   : No package ID 7f found for resource ID 0x7f04051e.
07-31 23:29:36.371 30451 30451 E aapt2   : No package ID 7f found for resource ID 0x7f04051c.
07-31 23:29:36.371 30451 30451 E aapt2   : No package ID 7f found for resource ID 0x7f04051a.
07-31 23:29:36.371 30451 30451 E aapt2   : No package ID 7f found for resource ID 0x7f04051b.
07-31 23:29:36.371 30451 30451 E aapt2   : No package ID 7f found for resource ID 0x7f040519.
07-31 23:29:36.371 30451 30451 E aapt2   : No package ID 7f found for resource ID 0x7f040518.
07-31 23:29:36.371 30451 30451 E aapt2   : No package ID 7f found for resource ID 0x7f040517.
07-31 23:29:36.371 30451 30451 E aapt2   : No package ID 7f found for resource ID 0x7f04057a.
07-31 23:29:36.371 30451 30451 E aapt2   : No package ID 7f found for resource ID 0x7f04006e.
07-31 23:29:36.371 30451 30451 E aapt2   : No package ID 7f found for resource ID 0x7f04051d.
07-31 23:29:36.371 30451 30451 E aapt2   : No package ID 7f found for resource ID 0x7f040516.
07-31 23:29:36.371 30451 30451 E aapt2   : No package ID 7f found for resource ID 0x7f040515.
07-31 23:29:36.371 30451 30451 E aapt2   : No package ID 7f found for resource ID 0x7f040484.
07-31 23:29:36.371 30451 30451 E aapt2   : No package ID 7f found for resource ID 0x7f040540.
07-31 23:29:36.372 30451 30451 E aapt2   : No package ID 7f found for resource ID 0x7f040253.
07-31 23:29:36.372 30451 30451 E aapt2   : No package ID 7f found for resource ID 0x7f04018e.
07-31 23:29:36.372 30451 30451 E aapt2   : No package ID 7f found for resource ID 0x7f0401d3.
07-31 23:29:36.372 30451 30451 E aapt2   : No package ID 7f found for resource ID 0x7f04037b.
07-31 23:29:36.372 30451 30451 E aapt2   : No package ID 7f found for resource ID 0x7f0405ce.
07-31 23:29:36.372 30451 30451 E aapt2   : No package ID 7f found for resource ID 0x7f0405cf.
07-31 23:29:36.372 30451 30451 E aapt2   : No package ID 7f found for resource ID 0x7f0405fa.
07-31 23:29:36.372 30451 30451 E aapt2   : No package ID 7f found for resource ID 0x7f040606.
07-31 23:29:36.372 30451 30451 E aapt2   : No package ID 7f found for resource ID 0x7f040607.
07-31 23:29:36.372 30451 30451 E aapt2   : No package ID 7f found for resource ID 0x7f0405cd.
07-31 23:29:36.372 30451 30451 E aapt2   : No package ID 7f found for resource ID 0x7f04055a.
07-31 23:29:36.372 30451 30451 E aapt2   : No package ID 7f found for resource ID 0x7f040555.
07-31 23:29:36.372 30451 30451 E aapt2   : No package ID 7f found for resource ID 0x7f040556.
07-31 23:29:36.372 30451 30451 E aapt2   : No package ID 7f found for resource ID 0x7f04051f.
07-31 23:29:36.372 30451 30451 E aapt2   : No package ID 7f found for resource ID 0x7f0404fd.
07-31 23:29:36.372 30451 30451 E aapt2   : No package ID 7f found for resource ID 0x7f04061b.
07-31 23:29:36.372 30451 30451 E aapt2   : No package ID 7f found for resource ID 0x7f040554.
07-31 23:29:36.372 30451 30451 E aapt2   : No package ID 7f found for resource ID 0x7f040553.
07-31 23:29:36.372 30451 30451 E aapt2   : No package ID 7f found for resource ID 0x7f04055c.
07-31 23:29:36.372 30451 30451 E aapt2   : No package ID 7f found for resource ID 0x7f04055b.
07-31 23:29:36.372 30451 30451 E aapt2   : No package ID 7f found for resource ID 0x7f0401e5.
07-31 23:29:36.372 30451 30451 E aapt2   : No package ID 7f found for resource ID 0x7f040565.
07-31 23:29:36.372 30451 30451 E aapt2   : No package ID 7f found for resource ID 0x7f040568.
07-31 23:29:36.372 30451 30451 E aapt2   : No package ID 7f found for resource ID 0x7f04055e.
07-31 23:29:36.372 30451 30451 E aapt2   : No package ID 7f found for resource ID 0x7f04055d.
07-31 23:29:36.372 30451 30451 E aapt2   : No package ID 7f found for resource ID 0x7f040562.
07-31 23:29:36.372 30451 30451 E aapt2   : No package ID 7f found for resource ID 0x7f040567.
07-31 23:29:36.372 30451 30451 E aapt2   : No package ID 7f found for resource ID 0x7f040563.
07-31 23:29:36.372 30451 30451 E aapt2   : No package ID 7f found for resource ID 0x7f040566.
07-31 23:29:36.372 30451 30451 E aapt2   : No package ID 7f found for resource ID 0x7f040564.
07-31 23:29:36.372 30451 30451 E aapt2   : No package ID 7f found for resource ID 0x7f04056c.
07-31 23:29:36.372 30451 30451 E aapt2   : No package ID 7f found for resource ID 0x7f04055f.
07-31 23:29:36.372 30451 30451 E aapt2   : No package ID 7f found for resource ID 0x7f040569.
07-31 23:29:36.372 30451 30451 E aapt2   : No package ID 7f found for resource ID 0x7f04056b.
07-31 23:29:36.372 30451 30451 E aapt2   : No package ID 7f found for resource ID 0x7f04056a.
07-31 23:29:36.372 30451 30451 E aapt2   : No package ID 7f found for resource ID 0x7f040577.
07-31 23:29:36.372 30451 30451 E aapt2   : No package ID 7f found for resource ID 0x7f040578.
07-31 23:29:36.372 30451 30451 E aapt2   : No package ID 7f found for resource ID 0x7f040575.
07-31 23:29:36.372 30451 30451 E aapt2   : No package ID 7f found for resource ID 0x7f040574.
07-31 23:29:36.372 30451 30451 E aapt2   : No package ID 7f found for resource ID 0x7f040570.
07-31 23:29:36.372 30451 30451 E aapt2   : No package ID 7f found for resource ID 0x7f040571.
07-31 23:29:36.372 30451 30451 E aapt2   : No package ID 7f found for resource ID 0x7f04056f.
07-31 23:29:36.372 30451 30451 E aapt2   : No package ID 7f found for resource ID 0x7f04056e.
07-31 23:29:36.372 30451 30451 E aapt2   : No package ID 7f found for resource ID 0x7f04056d.
07-31 23:29:36.372 30451 30451 E aapt2   : No package ID 7f found for resource ID 0x7f040560.
07-31 23:29:36.372 30451 30451 E aapt2   : No package ID 7f found for resource ID 0x7f040561.
07-31 23:29:36.372 30451 30451 E aapt2   : No package ID 7f found for resource ID 0x7f040572.
07-31 23:29:36.372 30451 30451 E aapt2   : No package ID 7f found for resource ID 0x7f040579.
07-31 23:29:36.373 30451 30451 E aapt2   : No package ID 7f found for resource ID 0x7f04028d.
07-31 23:29:36.373 30451 30451 E aapt2   : No package ID 7f found for resource ID 0x7f040580.
07-31 23:29:36.373 30451 30451 E aapt2   : No package ID 7f found for resource ID 0x7f0405b7.
07-31 23:29:36.373 30451 30451 E aapt2   : No package ID 7f found for resource ID 0x7f040297.
07-31 23:29:36.373 30451 30451 E aapt2   : No package ID 7f found for resource ID 0x7f0405ae.
07-31 23:29:36.373 30451 30451 E aapt2   : No package ID 7f found for resource ID 0x7f0405b9.
07-31 23:29:36.373 30451 30451 E aapt2   : No package ID 7f found for resource ID 0x7f0405b8.
07-31 23:29:36.373 30451 30451 E aapt2   : No package ID 7f found for resource ID 0x7f0400b4.
07-31 23:29:36.373 30451 30451 E aapt2   : No package ID 7f found for resource ID 0x7f0400b5.
07-31 23:29:36.373 30451 30451 E aapt2   : No package ID 7f found for resource ID 0x7f0405b2.
07-31 23:29:36.373 30451 30451 E aapt2   : No package ID 7f found for resource ID 0x7f0402b6.
07-31 23:29:36.373 30451 30451 E aapt2   : No package ID 7f found for resource ID 0x7f0402b5.
07-31 23:29:36.373 30451 30451 E aapt2   : No package ID 7f found for resource ID 0x7f0402b7.
07-31 23:29:36.373 30451 30451 E aapt2   : No package ID 7f found for resource ID 0x7f0402b8.
07-31 23:29:36.373 30451 30451 E aapt2   : No package ID 7f found for resource ID 0x7f040234.
07-31 23:29:36.373 30451 30451 E aapt2   : No package ID 7f found for resource ID 0x7f0402ac.
07-31 23:29:36.373 30451 30451 E aapt2   : No package ID 7f found for resource ID 0x7f0402ad.
07-31 23:29:36.373 30451 30451 E aapt2   : No package ID 7f found for resource ID 0x7f0402ae.
07-31 23:29:36.373 30451 30451 E aapt2   : No package ID 7f found for resource ID 0x7f0402af.
07-31 23:29:36.373 30451 30451 E aapt2   : No package ID 7f found for resource ID 0x7f04022a.
07-31 23:29:36.373 30451 30451 E aapt2   : No package ID 7f found for resource ID 0x7f04022f.
07-31 23:29:36.373 30451 30451 E aapt2   : No package ID 7f found for resource ID 0x7f040230.
07-31 23:29:36.373 30451 30451 E aapt2   : No package ID 7f found for resource ID 0x7f040229.
07-31 23:29:36.373 30451 30451 E aapt2   : No package ID 7f found for resource ID 0x7f040228.
07-31 23:29:36.373 30451 30451 E aapt2   : No package ID 7f found for resource ID 0x7f04022b.
07-31 23:29:36.373 30451 30451 E aapt2   : No package ID 7f found for resource ID 0x7f04022c.
07-31 23:29:36.373 30451 30451 E aapt2   : No package ID 7f found for resource ID 0x7f04022d.
07-31 23:29:36.373 30451 30451 E aapt2   : No package ID 7f found for resource ID 0x7f0401b8.
07-31 23:29:36.373 30451 30451 E aapt2   : No package ID 7f found for resource ID 0x7f0401b9.
07-31 23:29:36.373 30451 30451 E aapt2   : No package ID 7f found for resource ID 0x7f0401b0.
07-31 23:29:36.373 30451 30451 E aapt2   : No package ID 7f found for resource ID 0x7f0401b1.
07-31 23:29:36.373 30451 30451 E aapt2   : No package ID 7f found for resource ID 0x7f0401b4.
07-31 23:29:36.373 30451 30451 E aapt2   : No package ID 7f found for resource ID 0x7f0401b5.
07-31 23:29:36.373 30451 30451 E aapt2   : No package ID 7f found for resource ID 0x7f0401b2.
07-31 23:29:36.373 30451 30451 E aapt2   : No package ID 7f found for resource ID 0x7f0401b3.
07-31 23:29:36.373 30451 30451 E aapt2   : No package ID 7f found for resource ID 0x7f040485.
07-31 23:29:36.373 30451 30451 E aapt2   : No package ID 7f found for resource ID 0x7f040486.
07-31 23:29:36.373 30451 30451 E aapt2   : No package ID 7f found for resource ID 0x7f040487.
07-31 23:29:36.373 30451 30451 E aapt2   : No package ID 7f found for resource ID 0x7f0404a6.
07-31 23:29:36.373 30451 30451 E aapt2   : No package ID 7f found for resource ID 0x7f0404a7.
07-31 23:29:36.373 30451 30451 E aapt2   : No package ID 7f found for resource ID 0x7f0404a8.
07-31 23:29:36.373 30451 30451 E aapt2   : No package ID 7f found for resource ID 0x7f04054e.
07-31 23:29:36.373 30451 30451 E aapt2   : No package ID 7f found for resource ID 0x7f04054f.
07-31 23:29:36.373 30451 30451 E aapt2   : No package ID 7f found for resource ID 0x7f040550.
07-31 23:29:36.373 30451 30451 E aapt2   : No package ID 7f found for resource ID 0x7f04052f.
07-31 23:29:36.373 30451 30451 E aapt2   : No package ID 7f found for resource ID 0x7f04052e.
07-31 23:29:36.373 30451 30451 E aapt2   : No package ID 7f found for resource ID 0x7f04052d.
07-31 23:29:36.373 30451 30451 E aapt2   : No package ID 7f found for resource ID 0x7f040532.
07-31 23:29:36.373 30451 30451 E aapt2   : No package ID 7f found for resource ID 0x7f040533.
07-31 23:29:36.373 30451 30451 E aapt2   : No package ID 7f found for resource ID 0x7f040530.
07-31 23:29:36.373 30451 30451 E aapt2   : No package ID 7f found for resource ID 0x7f040531.
07-31 23:29:36.373 30451 30451 E aapt2   : No package ID 7f found for resource ID 0x7f04021d.
07-31 23:29:36.373 30451 30451 E aapt2   : No package ID 7f found for resource ID 0x7f04021b.
07-31 23:29:36.373 30451 30451 E aapt2   : No package ID 7f found for resource ID 0x7f04021a.
07-31 23:29:36.373 30451 30451 E aapt2   : No package ID 7f found for resource ID 0x7f040219.
07-31 23:29:36.373 30451 30451 E aapt2   : No package ID 7f found for resource ID 0x7f04021f.
07-31 23:29:36.373 30451 30451 E aapt2   : No package ID 7f found for resource ID 0x7f040220.
07-31 23:29:36.373 30451 30451 E aapt2   : No package ID 7f found for resource ID 0x7f04021c.
07-31 23:29:36.373 30451 30451 E aapt2   : No package ID 7f found for resource ID 0x7f04021e.
07-31 23:29:36.373 30451 30451 E aapt2   : No package ID 7f found for resource ID 0x7f0400cc.
07-31 23:29:36.374 30451 30451 E aapt2   : No package ID 7f found for resource ID 0x7f0400cd.
07-31 23:29:36.374 30451 30451 E aapt2   : No package ID 7f found for resource ID 0x7f0400d1.
07-31 23:29:36.374 30451 30451 E aapt2   : No package ID 7f found for resource ID 0x7f0400d0.
07-31 23:29:36.374 30451 30451 E aapt2   : No package ID 7f found for resource ID 0x7f0400cf.
07-31 23:29:36.374 30451 30451 E aapt2   : No package ID 7f found for resource ID 0x7f0400ce.
07-31 23:29:36.374 30451 30451 E aapt2   : No package ID 7f found for resource ID 0x7f0400d2.
07-31 23:29:36.374 30451 30451 E aapt2   : No package ID 7f found for resource ID 0x7f0400d3.
07-31 23:29:36.374 30451 30451 E aapt2   : No package ID 7f found for resource ID 0x7f0400cb.
07-31 23:29:36.374 30451 30451 E aapt2   : No package ID 7f found for resource ID 0x7f0400d4.
07-31 23:29:36.374 30451 30451 E aapt2   : No package ID 7f found for resource ID 0x7f0400d5.
07-31 23:29:36.374 30451 30451 E aapt2   : No package ID 7f found for resource ID 0x7f040478.
07-31 23:29:36.374 30451 30451 E aapt2   : No package ID 7f found for resource ID 0x7f040477.
07-31 23:29:36.374 30451 30451 E aapt2   : No package ID 7f found for resource ID 0x7f040476.
07-31 23:29:36.374 30451 30451 E aapt2   : No package ID 7f found for resource ID 0x7f040479.
07-31 23:29:36.374 30451 30451 E aapt2   : No package ID 7f found for resource ID 0x7f04047a.
07-31 23:29:36.374 30451 30451 E aapt2   : No package ID 7f found for resource ID 0x7f040221.
07-31 23:29:36.374 30451 30451 E aapt2   : No package ID 7f found for resource ID 0x7f040222.
07-31 23:29:36.374 30451 30451 E aapt2   : No package ID 7f found for resource ID 0x7f0405e9.
07-31 23:29:36.374 30451 30451 E aapt2   : No package ID 7f found for resource ID 0x7f04054b.
07-31 23:29:36.374 30451 30451 E aapt2   : No package ID 7f found for resource ID 0x7f0405de.
07-31 23:29:36.374 30451 30451 E aapt2   : No package ID 7f found for resource ID 0x7f040549.
07-31 23:29:36.374 30451 30451 E aapt2   : No package ID 7f found for resource ID 0x7f0405e2.
07-31 23:29:36.374 30451 30451 E aapt2   : No package ID 7f found for resource ID 0x7f0405e5.
07-31 23:29:36.374 30451 30451 E aapt2   : No package ID 7f found for resource ID 0x7f0405e4.
07-31 23:29:36.374 30451 30451 E aapt2   : No package ID 7f found for resource ID 0x7f0405e6.
07-31 23:29:36.374 30451 30451 E aapt2   : No package ID 7f found for resource ID 0x7f0405e3.
07-31 23:29:36.374 30451 30451 E aapt2   : No package ID 7f found for resource ID 0x7f0405e7.
07-31 23:29:36.374 30451 30451 E aapt2   : No package ID 7f found for resource ID 0x7f040197.
07-31 23:29:36.374 30451 30451 E aapt2   : No package ID 7f found for resource ID 0x7f040193.
07-31 23:29:36.374 30451 30451 E aapt2   : No package ID 7f found for resource ID 0x7f040195.
07-31 23:29:36.374 30451 30451 E aapt2   : No package ID 7f found for resource ID 0x7f040196.
07-31 23:29:36.374 30451 30451 E aapt2   : No package ID 7f found for resource ID 0x7f040198.
07-31 23:29:36.374 30451 30451 E aapt2   : No package ID 7f found for resource ID 0x7f040194.
07-31 23:29:36.374 30451 30451 E aapt2   : No package ID 7f found for resource ID 0x7f0403d3.
07-31 23:29:36.374 30451 30451 E aapt2   : No package ID 7f found for resource ID 0x7f0400dd.
07-31 23:29:36.374 30451 30451 E aapt2   : No package ID 7f found for resource ID 0x7f04013f.
07-31 23:29:36.374 30451 30451 E aapt2   : No package ID 7f found for resource ID 0x7f04013e.
07-31 23:29:36.374 30451 30451 E aapt2   : No package ID 7f found for resource ID 0x7f040499.
07-31 23:29:36.374 30451 30451 E aapt2   : No package ID 7f found for resource ID 0x7f040430.
07-31 23:29:36.374 30451 30451 E aapt2   : No package ID 7f found for resource ID 0x7f04042f.
07-31 23:29:36.374 30451 30451 E aapt2   : No package ID 7f found for resource ID 0x7f040396.
07-31 23:29:36.374 30451 30451 E aapt2   : No package ID 7f found for resource ID 0x7f040398.
07-31 23:29:36.374 30451 30451 E aapt2   : No package ID 7f found for resource ID 0x7f0405ea.
07-31 23:29:36.374 30451 30451 E aapt2   : No package ID 7f found for resource ID 0x7f04054c.
07-31 23:29:36.374 30451 30451 E aapt2   : No package ID 7f found for resource ID 0x7f0403e0.
07-31 23:29:36.375 30451 30451 E aapt2   : No package ID 7f found for resource ID 0x7f040090.
07-31 23:29:36.375 30451 30451 E aapt2   : No package ID 7f found for resource ID 0x7f0404f9.
07-31 23:29:36.375 30451 30451 E aapt2   : No package ID 7f found for resource ID 0x7f040608.
07-31 23:29:36.375 30451 30451 E aapt2   : No package ID 7f found for resource ID 0x7f04018b.
07-31 23:29:36.375 30451 30451 E aapt2   : No package ID 7f found for resource ID 0x7f04018a.
07-31 23:29:36.375 30451 30451 E aapt2   : No package ID 7f found for resource ID 0x7f04060d.
07-31 23:29:36.375 30451 30451 E aapt2   : No package ID 7f found for resource ID 0x7f040333.
07-31 23:29:36.375 30451 30451 E aapt2   : No package ID 7f found for resource ID 0x7f04047b.
07-31 23:29:36.375 30451 30451 E aapt2   : No package ID 7f found for resource ID 0x7f040084.
07-31 23:29:36.375 30451 30451 E aapt2   : No package ID 7f found for resource ID 0x7f040423.
07-31 23:29:36.375 30451 30451 E aapt2   : No package ID 7f found for resource ID 0x7f040208.
07-31 23:29:36.375 30451 30451 E aapt2   : No package ID 7f found for resource ID 0x7f040527.
07-31 23:29:36.375 30451 30451 E aapt2   : No package ID 7f found for resource ID 0x7f04060f.
07-31 23:29:36.375 30451 30451 E aapt2   : No package ID 7f found for resource ID 0x7f0404c5.
07-31 23:29:36.375 30451 30451 E aapt2   : No package ID 7f found for resource ID 0x7f0404c6.
07-31 23:29:36.375 30451 30451 E aapt2   : No package ID 7f found for resource ID 0x7f0404c3.
07-31 23:29:36.375 30451 30451 E aapt2   : No package ID 7f found for resource ID 0x7f0404c4.
07-31 23:29:36.375 30451 30451 E aapt2   : No package ID 7f found for resource ID 0x7f04018e.
07-31 23:29:36.375 30451 30451 E aapt2   : No package ID 7f found for resource ID 0x7f04046c.
07-31 23:29:36.375 30451 30451 E aapt2   : No package ID 7f found for resource ID 0x7f040469.
07-31 23:29:36.375 30451 30451 E aapt2   : No package ID 7f found for resource ID 0x7f0405c1.
07-31 23:29:36.375 30451 30451 E aapt2   : No package ID 7f found for resource ID 0x7f040091.
07-31 23:29:36.375 30451 30451 E aapt2   : No package ID 7f found for resource ID 0x7f040428.
07-31 23:29:36.375 30451 30451 E aapt2   : No package ID 7f found for resource ID 0x7f040622.
07-31 23:29:36.375 30451 30451 E aapt2   : No package ID 7f found for resource ID 0x7f040457.
07-31 23:29:36.375 30451 30451 E aapt2   : No package ID 7f found for resource ID 0x7f040616.
07-31 23:29:36.375 30451 30451 E aapt2   : No package ID 7f found for resource ID 0x7f040001.
07-31 23:29:36.375 30451 30451 E aapt2   : No package ID 7f found for resource ID 0x7f040000.
07-31 23:29:36.375 30451 30451 E aapt2   : No package ID 7f found for resource ID 0x7f0404e6.
07-31 23:29:36.375 30451 30451 E aapt2   : No package ID 7f found for resource ID 0x7f04012f.
07-31 23:29:36.375 30451 30451 E aapt2   : No package ID 7f found for resource ID 0x7f0402e4.
07-31 23:29:36.375 30451 30451 E aapt2   : No package ID 7f found for resource ID 0x7f0402e3.
07-31 23:29:36.375 30451 30451 E aapt2   : No package ID 7f found for resource ID 0x7f0404b2.
07-31 23:29:36.375 30451 30451 E aapt2   : No package ID 7f found for resource ID 0x7f040065.
07-31 23:29:36.375 30451 30451 E aapt2   : No package ID 7f found for resource ID 0x7f0400fd.
07-31 23:29:36.375 30451 30451 E aapt2   : No package ID 7f found for resource ID 0x7f0404dd.
07-31 23:29:36.375 30451 30451 E aapt2   : No package ID 7f found for resource ID 0x7f0404dc.
07-31 23:29:36.375 30451 30451 E aapt2   : No package ID 7f found for resource ID 0x7f040071.
07-31 23:29:36.375 30451 30451 E aapt2   : No package ID 7f found for resource ID 0x7f04013d.
07-31 23:29:36.375 30451 30451 E aapt2   : No package ID 7f found for resource ID 0x7f0401e4.
07-31 23:29:36.375 30451 30451 E aapt2   : No package ID 7f found for resource ID 0x7f0403d2.
07-31 23:29:36.375 30451 30451 E aapt2   : No package ID 7f found for resource ID 0x7f040189.

> Task :processNoQuickstepDebugResources
> Task :kspNoQuickstepDebugKotlin
> Task :compileNoQuickstepDebugKotlin
> Task :compileNoQuickstepDebugJavaWithJavac UP-TO-DATE
> Task :dexBuilderNoQuickstepDebug
> Task :mergeNoQuickstepDebugGlobalSynthetics UP-TO-DATE
> Task :processNoQuickstepDebugJavaRes
> Task :mergeProjectDexNoQuickstepDebug
> Task :mergeNoQuickstepDebugJavaResource
> Task :packageNoQuickstepDebug
> Task :createNoQuickstepDebugApkListingFileRedirect UP-TO-DATE
> Task :assembleNoQuickstepDebug

[Incubating] Problems report is available at: file:///data/data/com.termux/files/home/Launcher3/build/reports/problems/problems-report.html

Deprecated Gradle features were used in this build, making it incompatible with Gradle 10.

You can use '--warning-mode all' to show the individual deprecation warnings and determine if they come from your own scripts or plugins.

For more on this, please refer to https://docs.gradle.org/9.6.1/userguide/command_line_interface.html#sec:command_line_warnings in the Gradle documentation.

BUILD SUCCESSFUL in 1m 57s
44 actionable tasks: 13 executed, 31 up-to-date
Consider enabling configuration cache to speed up this build: https://docs.gradle.org/9.6.1/userguide/configuration_cache_enabling.html
